open_time,btc,bviv,bviv_mark,premium_pct,funding_8h_mean,always|1|hedge_mtm,always|1|funding,always|1|cost,always|1|total,ratchet|-1.5|4|1|1|hedge_mtm,ratchet|-1.5|4|1|1|funding,ratchet|-1.5|4|1|1|cost,ratchet|-1.5|4|1|1|total,Unhedged|hedge_mtm,Unhedged|funding,Unhedged|cost,Unhedged|total
2023-01-01 00:00:00+00:00,16616.75,50.32315889205978,50.32315889205978,0.0,,,,,,,,,,,,,
2023-01-02 00:00:00+00:00,16672.87,52.58910288544462,52.58910288544462,0.0,,,,,,,,,,,,,
2023-01-03 00:00:00+00:00,16675.18,51.606562665634584,51.606562665634584,0.0,,,,,,,,,,,,,
2023-01-04 00:00:00+00:00,16850.36,48.5927789668532,48.5927789668532,0.0,,,,,,,,,,,,,
2023-01-05 00:00:00+00:00,16831.85,47.05960986809307,47.05960986809307,0.0,,,,,,,,,,,,,
2023-01-06 00:00:00+00:00,16950.65,45.706829621178976,45.706829621178976,0.0,,,,,,,,,,,,,
2023-01-07 00:00:00+00:00,16943.57,44.365263828825896,44.365263828825896,0.0,,,,,,,,,,,,,
2023-01-08 00:00:00+00:00,17127.83,45.81878651770078,45.81878651770078,0.0,,,,,,,,,,,,,
2023-01-09 00:00:00+00:00,17178.26,47.14566194577908,47.14566194577908,0.0,,,,,,,,,,,,,
2023-01-10 00:00:00+00:00,17440.66,47.96684898842821,47.96684898842821,0.0,,,,,,,,,,,,,
2023-01-11 00:00:00+00:00,17943.26,50.28891541261529,50.28891541261529,0.0,,,,,,,,,,,,,
2023-01-12 00:00:00+00:00,18846.62,54.32206608934058,54.32206608934058,0.0,,,,,,,,,,,,,
2023-01-13 00:00:00+00:00,19930.01,63.41187835596058,63.41187835596058,0.0,,,,,,,,,,,,,
2023-01-14 00:00:00+00:00,20954.92,75.61725353706932,75.61725353706932,0.0,,,,,,,,,,,,,
2023-01-15 00:00:00+00:00,20871.5,71.74149339662115,71.74149339662115,0.0,,,,,,,,,,,,,
2023-01-16 00:00:00+00:00,21185.65,67.62955156418795,67.62955156418795,0.0,,,,,,,,,,,,,
2023-01-17 00:00:00+00:00,21134.81,65.77051653585977,65.77051653585977,0.0,,,,,,,,,,,,,
2023-01-18 00:00:00+00:00,20677.47,65.7589267189602,65.7589267189602,0.0,,,,,,,,,,,,,
2023-01-19 00:00:00+00:00,21071.59,59.90909303526849,59.90909303526849,0.0,,,,,,,,,,,,,
2023-01-20 00:00:00+00:00,22667.21,61.68721678723447,61.68721678723447,0.0,,,,,,,,,,,,,
2023-01-21 00:00:00+00:00,22783.55,67.89994864585664,67.89994864585664,0.0,,,,,,,,,,,,,
2023-01-22 00:00:00+00:00,22707.88,64.54701550321575,64.54701550321575,0.0,,,,,,,,,,,,,
2023-01-23 00:00:00+00:00,22916.45,67.45018165124414,67.45018165124414,0.0,,,,,,,,,,,,,
2023-01-24 00:00:00+00:00,22632.89,64.06731981755529,64.06731981755529,0.0,,,,,,,,,,,,,
2023-01-25 00:00:00+00:00,23060.94,63.69298064715273,63.69298064715273,0.0,,,,,,,,,,,,,
2023-01-26 00:00:00+00:00,23009.65,59.82374586678213,59.82374586678213,0.0,,,,,,,,,,,,,
2023-01-27 00:00:00+00:00,23074.16,58.11038422224565,58.11038422224565,0.0,,,,,,,,,,,,,
2023-01-28 00:00:00+00:00,23022.6,57.39530720357136,57.39530720357136,0.0,,,,,,,,,,,,,
2023-01-29 00:00:00+00:00,23742.3,61.07969523011702,61.07969523011702,0.0,,,,,,,,,,,,,
2023-01-30 00:00:00+00:00,22826.15,58.68979211202587,58.68979211202587,0.0,,,,,,,,,,,,,
2023-01-31 00:00:00+00:00,23125.13,60.93328995257089,60.93328995257089,0.0,,,,,,,,,,,,,
2023-02-01 00:00:00+00:00,23732.66,59.93755293076715,59.93755293076715,0.0,,,,,,,,,,,,,
2023-02-02 00:00:00+00:00,23488.94,59.69787126038011,59.69787126038011,0.0,,,,,,,,,,,,,
2023-02-03 00:00:00+00:00,23431.9,55.95187367060716,55.95187367060716,0.0,,,,,,,,,,,,,
2023-02-04 00:00:00+00:00,23326.84,56.511033758052264,56.511033758052264,0.0,,,,,,,,,,,,,
2023-02-05 00:00:00+00:00,22932.91,57.694227655447385,57.694227655447385,0.0,,,,,,,,,,,,,
2023-02-06 00:00:00+00:00,22762.52,56.928943877966276,56.928943877966276,0.0,,,,,,,,,,,,,
2023-02-07 00:00:00+00:00,23240.46,55.73442528086824,55.73442528086824,0.0,,,,,,,,,,,,,
2023-02-08 00:00:00+00:00,22963.0,55.45177663638449,55.45177663638449,0.0,,,,,,,,,,,,,
2023-02-09 00:00:00+00:00,21796.35,55.14715871417673,55.14715871417673,0.0,,,,,,,,,,,,,
2023-02-10 00:00:00+00:00,21625.19,51.72262860241654,51.72262860241654,0.0,,,,,,,,,,,,,
2023-02-11 00:00:00+00:00,21862.55,49.956487161525416,49.956487161525416,0.0,,,,,,,,,,,,,
2023-02-12 00:00:00+00:00,21783.54,49.761103282461676,49.761103282461676,0.0,,,,,,,,,,,,,
2023-02-13 00:00:00+00:00,21773.97,53.112455148200986,53.112455148200986,0.0,,,,,,,,,,,,,
2023-02-14 00:00:00+00:00,22199.84,51.443290113408516,51.443290113408516,0.0,,,,,,,,,,,,,
2023-02-15 00:00:00+00:00,24324.05,55.162324054666264,55.162324054666264,0.0,,,,,,,,,,,,,
2023-02-16 00:00:00+00:00,23517.72,61.308706795618505,61.308706795618505,0.0,,,,,,,,,,,,,
2023-02-17 00:00:00+00:00,24569.97,63.33063236294556,63.33063236294556,0.0,,,,,,,,,,,,,
2023-02-18 00:00:00+00:00,24631.95,61.36948043604368,61.36948043604368,0.0,,,,,,,,,,,,,
2023-02-19 00:00:00+00:00,24271.76,62.30432046071909,62.30432046071909,0.0,,,,,,,,,,,,,
2023-02-20 00:00:00+00:00,24842.2,63.15981844202484,63.15981844202484,0.0,,,,,,,,,,,,,
2023-02-21 00:00:00+00:00,24452.16,63.81061525152904,63.81061525152904,0.0,,,,,,,,,,,,,
2023-02-22 00:00:00+00:00,24182.21,59.135407370583806,59.135407370583806,0.0,,,,,,,,,,,,,
2023-02-23 00:00:00+00:00,23940.2,57.034224416657175,57.034224416657175,0.0,,,,,,,,,,,,,
2023-02-24 00:00:00+00:00,23185.29,52.44846499847022,52.44846499847022,0.0,,,,,,,,,,,,,
2023-02-25 00:00:00+00:00,23157.07,52.134353693673205,52.134353693673205,0.0,,,,,,,,,,,,,
2023-02-26 00:00:00+00:00,23554.85,52.92344458636197,52.92344458636197,0.0,,,,,,,,,,,,,
2023-02-27 00:00:00+00:00,23492.09,52.4067843107483,52.4067843107483,0.0,,,,,,,,,,,,,
2023-02-28 00:00:00+00:00,23141.57,52.1752242488193,52.1752242488193,0.0,,,,,,,,,,,,,
2023-03-01 00:00:00+00:00,23628.97,56.04816889746218,56.04816889746218,0.0,,,,,,,,,,,,,
2023-03-02 00:00:00+00:00,23465.32,55.898147003341556,55.898147003341556,0.0,,,,,,,,,,,,,
2023-03-03 00:00:00+00:00,22354.34,54.04751351528033,54.04751351528033,0.0,,,,,,,,,,,,,
2023-03-04 00:00:00+00:00,22346.57,54.2569462641743,54.2569462641743,0.0,,,,,,,,,,,,,
2023-03-05 00:00:00+00:00,22430.24,52.82703156931072,52.82703156931072,0.0,,,,,,,,,,,,,
2023-03-06 00:00:00+00:00,22410.0,53.76974649855276,53.76974649855276,0.0,,,,,,,,,,,,,
2023-03-07 00:00:00+00:00,22197.96,53.583868578261274,53.583868578261274,0.0,,,,,,,,,,,,,
2023-03-08 00:00:00+00:00,21705.44,52.67537904155494,52.67537904155494,0.0,,,,,,,,,,,,,
2023-03-09 00:00:00+00:00,20362.22,56.69971904157356,56.69971904157356,0.0,,,,,,,,,,,,,
2023-03-10 00:00:00+00:00,20150.69,56.93055495326931,56.93055495326931,0.0,,,,,,,,,,,,,
2023-03-11 00:00:00+00:00,20455.73,63.387290707620856,63.387290707620856,0.0,,,,,,,,,,,,,
2023-03-12 00:00:00+00:00,21997.11,63.91807767980704,63.91807767980704,0.0,,,,,,,,,,,,,
2023-03-13 00:00:00+00:00,24113.48,65.48674270361504,65.48674270361504,0.0,,,,,,,,,,,,,
2023-03-14 00:00:00+00:00,24670.41,66.84258270914596,66.84258270914596,0.0,,,,,,,,,,,,,
2023-03-15 00:00:00+00:00,24285.66,67.51922861948559,67.51922861948559,0.0,,,,,,,,,,,,,
2023-03-16 00:00:00+00:00,24998.78,65.44286744091515,65.44286744091515,0.0,,,,,,,,,,,,,
2023-03-17 00:00:00+00:00,27395.13,70.01433216986396,70.01433216986396,0.0,,,,,,,,,,,,,
2023-03-18 00:00:00+00:00,26907.49,71.1419574309231,71.1419574309231,0.0,,,,,,,,,,,,,
2023-03-19 00:00:00+00:00,27972.87,76.32148186249923,76.32148186249923,0.0,,,,,,,,,,,,,
2023-03-20 00:00:00+00:00,27717.01,71.3236575003638,71.3236575003638,0.0,,,,,,,,,,,,,
2023-03-21 00:00:00+00:00,28105.47,73.49986830144141,73.49986830144141,0.0,,,,,,,,,,,,,
2023-03-22 00:00:00+00:00,27250.97,67.39649752659051,67.39649752659051,0.0,,,,,,,,,,,,,
2023-03-23 00:00:00+00:00,28295.41,69.63711606116492,69.63711606116492,0.0,,,,,,,,,,,,,
2023-03-24 00:00:00+00:00,27454.47,68.67119881430224,68.67119881430224,0.0,,,,,,,,,,,,,
2023-03-25 00:00:00+00:00,27462.95,65.25922416863035,65.25922416863035,0.0,,,,,,,,,,,,,
2023-03-26 00:00:00+00:00,27968.05,66.90065833310224,66.90065833310224,0.0,,,,,,,,,,,,,
2023-03-27 00:00:00+00:00,27124.91,66.46042255597733,66.46042255597733,0.0,,,,,,,,,,,,,
2023-03-28 00:00:00+00:00,27261.07,64.01716903762687,64.01716903762687,0.0,,,,,,,,,,,,,
2023-03-29 00:00:00+00:00,28348.6,67.97703191971033,67.97703191971033,0.0,,,,,,,,,,,,,
2023-03-30 00:00:00+00:00,28028.53,66.31563386532116,66.31563386532116,0.0,,,,,,,,,,,,,
2023-03-31 00:00:00+00:00,28465.36,62.16454843267499,62.16454843267499,0.0,,,,,,,,,,,,,
2023-04-01 00:00:00+00:00,28452.73,61.765249638195485,61.765249638195485,0.0,,,,,,,,,,,,,
2023-04-02 00:00:00+00:00,28171.87,62.995408168804076,62.995408168804076,0.0,,,,,,,,,,,,,
2023-04-03 00:00:00+00:00,27800.0,64.94043333507963,64.94043333507963,0.0,,,,,,,,,,,,,
2023-04-04 00:00:00+00:00,28165.47,62.65110220100987,62.65110220100987,0.0,,,,,,,,,,,,,
2023-04-05 00:00:00+00:00,28170.01,60.847947165391645,60.847947165391645,0.0,,,,,,,,,,,,,
2023-04-06 00:00:00+00:00,28033.82,60.08221034668957,60.08221034668957,0.0,,,,,,,,,,,,,
2023-04-07 00:00:00+00:00,27906.33,57.42624314065014,57.42624314065014,0.0,,,,,,,,,,,,,
2023-04-08 00:00:00+00:00,27938.38,58.25879110580612,58.25879110580612,0.0,,,,,,,,,,,,,
2023-04-09 00:00:00+00:00,28323.76,61.36698471508312,61.36698471508312,0.0,,,,,,,,,,,,,
2023-04-10 00:00:00+00:00,29637.34,65.14724345046014,65.14724345046014,0.0,,,,,,,,,,,,,
2023-04-11 00:00:00+00:00,30200.42,62.68652028537958,62.68652028537958,0.0,,,,,,,,,,,,,
2023-04-12 00:00:00+00:00,29888.07,58.668402771319585,58.668402771319585,0.0,,,,,,,,,,,,,
2023-04-13 00:00:00+00:00,30373.84,58.242584118565844,58.242584118565844,0.0,,,,,,,,,,,,,
2023-04-14 00:00:00+00:00,30466.93,56.32497691762697,56.32497691762697,0.0,,,,,,,,,,,,,
2023-04-15 00:00:00+00:00,30295.09,56.36820341527925,56.36820341527925,0.0,,,,,,,,,,,,,
2023-04-16 00:00:00+00:00,30304.65,58.91665678050483,58.91665678050483,0.0,,,,,,,,,,,,,
2023-04-17 00:00:00+00:00,29430.27,58.46077972972714,58.46077972972714,0.0,,,,,,,,,,,,,
2023-04-18 00:00:00+00:00,30380.01,58.269302554062975,58.269302554062975,0.0,,,,,,,,,,,,,
2023-04-19 00:00:00+00:00,28797.1,58.302310935166446,58.302310935166446,0.0,,,,,,,,,,,,,
2023-04-20 00:00:00+00:00,28243.65,58.94067841954494,58.94067841954494,0.0,,,,,,,,,,,,,
2023-04-21 00:00:00+00:00,27262.84,57.63770935051576,57.63770935051576,0.0,,,,,,,,,,,,,
2023-04-22 00:00:00+00:00,27816.85,57.81343434203022,57.81343434203022,0.0,,,,,,,,,,,,,
2023-04-23 00:00:00+00:00,27590.6,57.58945405725762,57.58945405725762,0.0,,,,,,,,,,,,,
2023-04-24 00:00:00+00:00,27510.93,56.2720983682121,56.2720983682121,0.0,,,,,,,,,,,,,
2023-04-25 00:00:00+00:00,28300.79,56.36045721876181,56.36045721876181,0.0,,,,,,,,,,,,,
2023-04-26 00:00:00+00:00,28415.29,58.930558634147545,58.930558634147545,0.0,,,,,,,,,,,,,
2023-04-27 00:00:00+00:00,29472.77,58.5599237889642,58.5599237889642,0.0,,,,,,,,,,,,,
2023-04-28 00:00:00+00:00,29311.7,53.997968498856885,53.997968498856885,0.0,,,,,,,,,,,,,
2023-04-29 00:00:00+00:00,29230.45,53.746571151101705,53.746571151101705,0.0,,,,,,,,,,,,,
2023-04-30 00:00:00+00:00,29233.21,55.97156933539712,55.97156933539712,0.0,,,,,,,,,,,,,
2023-05-01 00:00:00+00:00,28068.26,56.285934495733116,56.285934495733116,0.0,,,,,,,,,,,,,
2023-05-02 00:00:00+00:00,28669.86,56.70366089237895,56.70366089237895,0.0,,,,,,,,,,,,,
2023-05-03 00:00:00+00:00,29026.16,56.00845402416813,56.00845402416813,0.0,,,,,,,,,,,,,
2023-05-04 00:00:00+00:00,28838.16,54.32404632579563,54.32404632579563,0.0,,,,,,,,,,,,,
2023-05-05 00:00:00+00:00,29505.61,54.08201881497996,54.08201881497996,0.0,,,,,,,,,,,,,
2023-05-06 00:00:00+00:00,28848.2,53.24262633069523,53.24262633069523,0.0,,,,,,,,,,,,,
2023-05-07 00:00:00+00:00,28430.1,54.06671602593893,54.06671602593893,0.0,,,,,,,,,,,,,
2023-05-08 00:00:00+00:00,27668.79,54.07026527436993,54.07026527436993,0.0,,,,,,,,,,,,,
2023-05-09 00:00:00+00:00,27628.27,54.80291112205623,54.80291112205623,0.0,,,,,,,,,,,,,
2023-05-10 00:00:00+00:00,27598.75,53.52581165082224,53.52581165082224,0.0,,,,,,,,,,,,,
2023-05-11 00:00:00+00:00,26968.62,55.01012185734707,55.01012185734707,0.0,,,,,,,,,,,,,
2023-05-12 00:00:00+00:00,26795.01,53.18622080351134,53.18622080351134,0.0,,,,,,,,,,,,,
2023-05-13 00:00:00+00:00,26775.28,51.23807874303468,51.23807874303468,0.0,,,,,,,,,,,,,
2023-05-14 00:00:00+00:00,26917.62,51.00126327604223,51.00126327604223,0.0,,,,,,,,,,,,,
2023-05-15 00:00:00+00:00,27162.14,54.80436806768091,54.80436806768091,0.0,,,,,,,,,,,,,
2023-05-16 00:00:00+00:00,27033.84,52.898336445272186,52.898336445272186,0.0,,,,,,,,,,,,,
2023-05-17 00:00:00+00:00,27405.61,52.59958845527888,52.59958845527888,0.0,,,,,,,,,,,,,
2023-05-18 00:00:00+00:00,26821.28,49.89563321308601,49.89563321308601,0.0,,,,,,,,,,,,,
2023-05-19 00:00:00+00:00,26880.26,49.28151078657041,49.28151078657041,0.0,,,,,,,,,,,,,
2023-05-20 00:00:00+00:00,27102.43,49.07164923091752,49.07164923091752,0.0,,,,,,,,,,,,,
2023-05-21 00:00:00+00:00,26747.78,49.78911508347801,49.78911508347801,0.0,,,,,,,,,,,,,
2023-05-22 00:00:00+00:00,26849.27,50.45689661660989,50.45689661660989,0.0,,,,,,,,,,,,,
2023-05-23 00:00:00+00:00,27219.61,52.9562259512692,52.9562259512692,0.0,,,,,,,,,,,,,
2023-05-24 00:00:00+00:00,26329.01,54.36893600228628,54.36893600228628,0.0,,,,,,,,,,,,,
2023-05-25 00:00:00+00:00,26473.79,51.455170833779505,51.455170833779505,0.0,,,,,,,,,,,,,
2023-05-26 00:00:00+00:00,26705.92,48.50209118022043,48.50209118022043,0.0,,,,,,,,,,,,,
2023-05-27 00:00:00+00:00,26854.27,46.85710925555225,46.85710925555225,0.0,,,,,,,,,,,,,
2023-05-28 00:00:00+00:00,28065.0,53.24540526699636,53.24540526699636,0.0,,,,,,,,,,,,,
2023-05-29 00:00:00+00:00,27736.4,50.614138837491886,50.614138837491886,0.0,,,,,,,,,,,,,
2023-05-30 00:00:00+00:00,27694.4,48.3314458061608,48.3314458061608,0.0,,,,,,,,,,,,,
2023-05-31 00:00:00+00:00,27210.35,47.80271718954881,47.80271718954881,0.0,,,,,,,,,,,,,
2023-06-01 00:00:00+00:00,26817.93,46.0667201066786,46.0667201066786,0.0,,,,,,,,,,,,,
2023-06-02 00:00:00+00:00,27242.59,45.41873318232146,45.41873318232146,0.0,,,,,,,,,,,,,
2023-06-03 00:00:00+00:00,27069.22,44.196757426142106,44.196757426142106,0.0,,,,,,,,,,,,,
2023-06-04 00:00:00+00:00,27115.21,45.77122363104771,45.77122363104771,0.0,,,,,,,,,,,,,
2023-06-05 00:00:00+00:00,25728.2,43.27210258350589,43.27210258350589,0.0,,,,,,,,,,,,,
2023-06-06 00:00:00+00:00,27230.08,46.62373605948416,46.62373605948416,0.0,,,,,,,,,,,,,
2023-06-07 00:00:00+00:00,26339.34,47.89771993804842,47.89771993804842,0.0,,,,,,,,,,,,,
2023-06-08 00:00:00+00:00,26498.61,44.36583231586058,44.36583231586058,0.0,,,,,,,,,,,,,
2023-06-09 00:00:00+00:00,26477.81,43.63486182272584,43.63486182272584,0.0,,,,,,,,,,,,,
2023-06-10 00:00:00+00:00,25841.21,46.33374762522295,46.33374762522295,0.0,,,,,,,,,,,,,
2023-06-11 00:00:00+00:00,25925.55,45.82710745792157,45.82710745792157,0.0,,,,,,,,,,,,,
2023-06-12 00:00:00+00:00,25905.19,49.63873338520024,49.63873338520024,0.0,,,,,,,,,,,,,
2023-06-13 00:00:00+00:00,25934.25,48.28394324613144,48.28394324613144,0.0,,,,,,,,,,,,,
2023-06-14 00:00:00+00:00,25128.6,48.35045139085002,48.35045139085002,0.0,,,,,,,,,,,,,
2023-06-15 00:00:00+00:00,25598.49,50.959942589991726,50.959942589991726,0.0,,,,,,,,,,,,,
2023-06-16 00:00:00+00:00,26345.0,48.44443946523215,48.44443946523215,0.0,,,,,,,,,,,,,
2023-06-17 00:00:00+00:00,26516.99,45.81220887579755,45.81220887579755,0.0,,,,,,,,,,,,,
2023-06-18 00:00:00+00:00,26339.97,48.34327918989837,48.34327918989837,0.0,,,,,,,,,,,,,
2023-06-19 00:00:00+00:00,26844.35,47.813976183534294,47.813976183534294,0.0,,,,,,,,,,,,,
2023-06-20 00:00:00+00:00,28307.99,55.97206060733303,55.97206060733303,0.0,,,,,,,,,,,,,
2023-06-21 00:00:00+00:00,29993.89,58.789691094745514,58.789691094745514,0.0,,,,,,,,,,,,,
2023-06-22 00:00:00+00:00,29884.92,54.66567130008949,54.66567130008949,0.0,,,,,,,,,,,,,
2023-06-23 00:00:00+00:00,30688.5,56.03723196157091,56.03723196157091,0.0,,,,,,,,,,,,,
2023-06-24 00:00:00+00:00,30527.43,52.77924406231194,52.77924406231194,0.0,,,,,,,,,,,,,
2023-06-25 00:00:00+00:00,30462.66,53.02713599674232,53.02713599674232,0.0,,,,,,,,,,,,,
2023-06-26 00:00:00+00:00,30267.99,52.77292970895983,52.77292970895983,0.0,,,,,,,,,,,,,
2023-06-27 00:00:00+00:00,30692.44,51.55803288975083,51.55803288975083,0.0,,,,,,,,,,,,,
2023-06-28 00:00:00+00:00,30077.41,50.916368174640816,50.916368174640816,0.0,,,,,,,,,,,,,
2023-06-29 00:00:00+00:00,30447.31,46.62771584289631,46.62771584289631,0.0,,,,,,,,,,,,,
2023-06-30 00:00:00+00:00,30472.0,48.02208010132733,48.02208010132733,0.0,,,,,,,,,,,,,
2023-07-01 00:00:00+00:00,30585.9,48.43750047758136,48.43750047758136,0.0,,,,,,,,,,,,,
2023-07-02 00:00:00+00:00,30617.03,49.84164098299597,49.84164098299597,0.0,,,,,,,,,,,,,
2023-07-03 00:00:00+00:00,31156.2,51.282706617651364,51.282706617651364,0.0,,,,,,,,,,,,,
2023-07-04 00:00:00+00:00,30766.51,48.815499191245195,48.815499191245195,0.0,,,,,,,,,,,,,
2023-07-05 00:00:00+00:00,30504.81,48.65386583549996,48.65386583549996,0.0,,,,,,,,,,,,,
2023-07-06 00:00:00+00:00,29895.43,50.424698700450165,50.424698700450165,0.0,,,,,,,,,,,,,
2023-07-07 00:00:00+00:00,30344.7,47.37011995729247,47.37011995729247,0.0,,,,,,,,,,,,,
2023-07-08 00:00:00+00:00,30284.63,46.33950213708294,46.33950213708294,0.0,,,,,,,,,,,,,
2023-07-09 00:00:00+00:00,30160.71,46.17016415712612,46.17016415712612,0.0,,,,,,,,,,,,,
2023-07-10 00:00:00+00:00,30411.57,46.541954998473145,46.541954998473145,0.0,,,,,,,,,,,,,
2023-07-11 00:00:00+00:00,30622.1,46.105189416436716,46.105189416436716,0.0,,,,,,,,,,,,,
2023-07-12 00:00:00+00:00,30380.0,43.257324808372836,43.257324808372836,0.0,,,,,,,,,,,,,
2023-07-13 00:00:00+00:00,31454.23,47.80471031951678,47.80471031951678,0.0,,,,,,,,,,,,,
2023-07-14 00:00:00+00:00,30312.01,44.14370299621471,44.14370299621471,0.0,,,,,,,,,,,,,
2023-07-15 00:00:00+00:00,30289.52,45.4844661173384,45.4844661173384,0.0,,,,,,,,,,,,,
2023-07-16 00:00:00+00:00,30231.99,44.49832587197691,44.49832587197691,0.0,,,,,,,,,,,,,
2023-07-17 00:00:00+00:00,30138.0,45.18445176053177,45.18445176053177,0.0,,,,,,,,,,,,,
2023-07-18 00:00:00+00:00,29859.13,45.118755478496794,45.118755478496794,0.0,,,,,,,,,,,,,
2023-07-19 00:00:00+00:00,29909.21,42.47044867073678,42.47044867073678,0.0,,,,,,,,,,,,,
2023-07-20 00:00:00+00:00,29800.0,43.839175591771095,43.839175591771095,0.0,,,,,,,,,,,,,
2023-07-21 00:00:00+00:00,29901.72,41.13442693840689,41.13442693840689,0.0,,,,,,,,,,,,,
2023-07-22 00:00:00+00:00,29794.0,41.11850758584846,41.11850758584846,0.0,,,,,,,,,,,,,
2023-07-23 00:00:00+00:00,30083.75,41.37023505979144,41.37023505979144,0.0,,,,,,,,,,,,,
2023-07-24 00:00:00+00:00,29176.5,40.74092267078534,40.74092267078534,0.0,,,,,,,,,,,,,
2023-07-25 00:00:00+00:00,29228.91,40.1717074162909,40.1717074162909,0.0,,,,,,,,,,,,,
2023-07-26 00:00:00+00:00,29351.96,40.910060813991095,40.910060813991095,0.0,,,,,,,,,,,,,
2023-07-27 00:00:00+00:00,29222.78,38.578937481948344,38.578937481948344,0.0,,,,,,,,,,,,,
2023-07-28 00:00:00+00:00,29314.14,38.03909910545966,38.03909910545966,0.0,,,,,,,,,,,,,
2023-07-29 00:00:00+00:00,29352.9,37.59474194606014,37.59474194606014,0.0,,,,,,,,,,,,,
2023-07-30 00:00:00+00:00,29281.09,39.2090446199425,39.2090446199425,0.0,,,,,,,,,,,,,
2023-07-31 00:00:00+00:00,29232.25,39.689148495078385,39.689148495078385,0.0,,,,,,,,,,,,,
2023-08-01 00:00:00+00:00,29705.99,39.50873649394546,39.50873649394546,0.0,,,,,,,,,,,,,
2023-08-02 00:00:00+00:00,29186.01,39.10361348408565,39.10361348408565,0.0,,,,,,,,,,,,,
2023-08-03 00:00:00+00:00,29193.64,38.63304839738241,38.63304839738241,0.0,,,,,,,,,,,,,
2023-08-04 00:00:00+00:00,29113.99,36.541091684644805,36.541091684644805,0.0,,,,,,,,,,,,,
2023-08-05 00:00:00+00:00,29072.13,36.370945297256114,36.370945297256114,0.0,,,,,,,,,,,,,
2023-08-06 00:00:00+00:00,29088.42,36.72531471741217,36.72531471741217,0.0,,,,,,,,,,,,,
2023-08-07 00:00:00+00:00,29211.06,39.04915634779046,39.04915634779046,0.0,,,,,,,,,,,,,
2023-08-08 00:00:00+00:00,29770.42,43.101652088446755,43.101652088446755,0.0,,,,,,,,,,,,,
2023-08-09 00:00:00+00:00,29581.99,41.293726188013615,41.293726188013615,0.0,,,,,,,,,,,,,
2023-08-10 00:00:00+00:00,29455.75,39.426013376238735,39.426013376238735,0.0,,,,,,,,,,,,,
2023-08-11 00:00:00+00:00,29426.03,35.18269540470738,35.18269540470738,0.0,,,,,,,,,,,,,
2023-08-12 00:00:00+00:00,29430.17,34.69836122101506,34.69836122101506,0.0,,,,,,,,,,,,,
2023-08-13 00:00:00+00:00,29303.84,36.267461391943435,36.267461391943435,0.0,,,,,,,,,,,,,
2023-08-14 00:00:00+00:00,29430.93,37.420210553551705,37.420210553551705,0.0,,,,,,,,,,,,,
2023-08-15 00:00:00+00:00,29200.0,37.27441202311771,37.27441202311771,0.0,,,,,,,,,,,,,
2023-08-16 00:00:00+00:00,28730.51,39.19046727213858,39.19046727213858,0.0,,,,,,,,,,,,,
2023-08-17 00:00:00+00:00,26623.41,54.65889818975367,54.65889818975367,0.0,,,,,,,,,,,,,
2023-08-18 00:00:00+00:00,26054.0,46.52289797876895,46.52289797876895,0.0,,,,,,,,,,,,,
2023-08-19 00:00:00+00:00,26100.01,46.07884587207391,46.07884587207391,0.0,,,,,,,,,,,,,
2023-08-20 00:00:00+00:00,26189.99,46.409122403082165,46.409122403082165,0.0,,,,,,,,,,,,,
2023-08-21 00:00:00+00:00,26126.92,46.067983963609805,46.067983963609805,0.0,,,,,,,,,,,,,
2023-08-22 00:00:00+00:00,26056.0,45.428030758193586,45.428030758193586,0.0,,,,,,,,,,,,,
2023-08-23 00:00:00+00:00,26432.72,46.96129490547418,46.96129490547418,0.0,,,,,,,,,,,,,
2023-08-24 00:00:00+00:00,26180.05,45.099854980189704,45.099854980189704,0.0,,,,,,,,,,,,,
2023-08-25 00:00:00+00:00,26060.01,39.065291815563,39.065291815563,0.0,,,,,,,,,,,,,
2023-08-26 00:00:00+00:00,26017.37,38.26442724497829,38.26442724497829,0.0,,,,,,,,,,,,,
2023-08-27 00:00:00+00:00,26101.77,38.863691113416664,38.863691113416664,0.0,,,,,,,,,,,,,
2023-08-28 00:00:00+00:00,26120.0,38.96258681750338,38.96258681750338,0.0,,,,,,,,,,,,,
2023-08-29 00:00:00+00:00,27716.34,43.34552233463639,43.34552233463639,0.0,,,,,,,,,,,,,
2023-08-30 00:00:00+00:00,27299.99,40.453439630951564,40.453439630951564,0.0,,,,,,,,,,,,,
2023-08-31 00:00:00+00:00,25940.78,38.42784644746457,38.42784644746457,0.0,,,,,,,,,,,,,
2023-09-01 00:00:00+00:00,25805.05,38.46142376546111,38.46142376546111,0.0,,,,,,,,,,,,,
2023-09-02 00:00:00+00:00,25869.51,37.55431149290054,37.55431149290054,0.0,,,,,,,,,,,,,
2023-09-03 00:00:00+00:00,25971.21,40.041432905812904,40.041432905812904,0.0,,,,,,,,,,,,,
2023-09-04 00:00:00+00:00,25826.02,40.94707287351598,40.94707287351598,0.0,,,,,,,,,,,,,
2023-09-05 00:00:00+00:00,25792.1,42.398445136944936,42.398445136944936,0.0,,,,,,,,,,,,,
2023-09-06 00:00:00+00:00,25759.95,41.92771098575079,41.92771098575079,0.0,,,,,,,,,,,,,
2023-09-07 00:00:00+00:00,26255.0,42.510178945470294,42.510178945470294,0.0,,,,,,,,,,,,,
2023-09-08 00:00:00+00:00,25910.5,42.79461889090169,42.79461889090169,0.0,,,,,,,,,,,,,
2023-09-09 00:00:00+00:00,25901.61,42.48905308312013,42.48905308312013,0.0,,,,,,,,,,,,,
2023-09-10 00:00:00+00:00,25841.61,43.51427704480368,43.51427704480368,0.0,,,,,,,,,,,,,
2023-09-11 00:00:00+00:00,25162.52,47.19897591142919,47.19897591142919,0.0,,,,,,,,,,,,,
2023-09-12 00:00:00+00:00,25840.1,46.22794207195873,46.22794207195873,0.0,,,,,,,,,,,,,
2023-09-13 00:00:00+00:00,26222.0,46.7670074960424,46.7670074960424,0.0,,,,,,,,,,,,,
2023-09-14 00:00:00+00:00,26522.73,45.02680887763247,45.02680887763247,0.0,,,,,,,,,,,,,
2023-09-15 00:00:00+00:00,26600.0,41.21086923667382,41.21086923667382,0.0,,,,,,,,,,,,,
2023-09-16 00:00:00+00:00,26559.67,41.29556463168381,41.29556463168381,0.0,,,,,,,,,,,,,
2023-09-17 00:00:00+00:00,26527.51,41.63092218787737,41.63092218787737,0.0,,,,,,,,,,,,,
2023-09-18 00:00:00+00:00,26762.51,43.309517128541195,43.309517128541195,0.0,,,,,,,,,,,,,
2023-09-19 00:00:00+00:00,27210.26,44.20910594750578,44.20910594750578,0.0,,,,,,,,,,,,,
2023-09-20 00:00:00+00:00,27125.0,45.03015328753655,45.03015328753655,0.0,,,,,,,,,,,,,
2023-09-21 00:00:00+00:00,26568.08,45.06041238469153,45.06041238469153,0.0,,,,,,,,,,,,,
2023-09-22 00:00:00+00:00,26580.14,39.492953165770196,39.492953165770196,0.0,,,,,,,,,,,,,
2023-09-23 00:00:00+00:00,26575.96,39.84069889467585,39.84069889467585,0.0,,,,,,,,,,,,,
2023-09-24 00:00:00+00:00,26248.38,41.03097239978615,41.03097239978615,0.0,,,,,,,,,,,,,
2023-09-25 00:00:00+00:00,26304.81,41.40996864438365,41.40996864438365,0.0,,,,,,,,,,,,,
2023-09-26 00:00:00+00:00,26221.67,41.82195710196112,41.82195710196112,0.0,,,,,,,,,,,,,
2023-09-27 00:00:00+00:00,26372.99,39.427072115345446,39.427072115345446,0.0,,,,,,,,,,,,,
2023-09-28 00:00:00+00:00,27021.39,41.367991158965644,41.367991158965644,0.0,,,,,,,,,,,,,
2023-09-29 00:00:00+00:00,26906.96,35.70182527574605,35.70182527574605,0.0,,,,,,,,,,,,,
2023-09-30 00:00:00+00:00,26962.56,38.439410627516565,38.439410627516565,0.0,,,,,,,,,,,,,
2023-10-01 00:00:00+00:00,27992.57,39.80309446975004,39.80309446975004,0.0,,,,,,,,,,,,,
2023-10-02 00:00:00+00:00,27494.51,40.61233761899392,40.61233761899392,0.0,,,,,,,,,,,,,
2023-10-03 00:00:00+00:00,27426.46,40.201804996255724,40.201804996255724,0.0,,,,,,,,,,,,,
2023-10-04 00:00:00+00:00,27778.57,39.999311440124785,39.999311440124785,0.0,,,,,,,,,,,,,
2023-10-05 00:00:00+00:00,27410.39,38.72445431822536,38.72445431822536,0.0,,,,,,,,,,,,,
2023-10-06 00:00:00+00:00,27931.09,37.483488849826145,37.483488849826145,0.0,,,,,,,,,,,,,
2023-10-07 00:00:00+00:00,27956.67,39.549965396361294,39.549965396361294,0.0,,,,,,,,,,,,,
2023-10-08 00:00:00+00:00,27917.05,40.03109308619744,40.03109308619744,0.0,,,,,,,,,,,,,
2023-10-09 00:00:00+00:00,27590.12,39.318205737819795,39.318205737819795,0.0,,,,,,,,,,,,,
2023-10-10 00:00:00+00:00,27390.12,41.166408646633585,41.166408646633585,0.0,,,,,,,,,,,,,
2023-10-11 00:00:00+00:00,26875.52,40.55372710770116,40.55372710770116,0.0,,,,,,,,,,,,,
2023-10-12 00:00:00+00:00,26759.63,39.608120277458134,39.608120277458134,0.0,,,,,,,,,,,,,
2023-10-13 00:00:00+00:00,26862.0,37.92857838137344,37.92857838137344,0.0,,,,,,,,,,,,,
2023-10-14 00:00:00+00:00,26852.48,38.70525500019927,38.70525500019927,0.0,,,,,,,,,,,,,
2023-10-15 00:00:00+00:00,27154.15,40.19929747988055,40.19929747988055,0.0,,,,,,,,,,,,,
2023-10-16 00:00:00+00:00,28500.78,45.10406893975768,45.10406893975768,0.0,,,,,,,,,,,,,
2023-10-17 00:00:00+00:00,28395.91,43.30978329888498,43.30978329888498,0.0,,,,,,,,,,,,,
2023-10-18 00:00:00+00:00,28320.0,42.21654582857227,42.21654582857227,0.0,,,,,,,,,,,,,
2023-10-19 00:00:00+00:00,28713.71,41.55910258220024,41.55910258220024,0.0,,,,,,,,,,,,,
2023-10-20 00:00:00+00:00,29669.04,46.72630982323472,46.72630982323472,0.0,,,,,,,,,,,,,
2023-10-21 00:00:00+00:00,29909.8,48.57804402823781,48.57804402823781,0.0,,,,,,,,,,,,,
2023-10-22 00:00:00+00:00,29992.46,51.70073614038765,51.70073614038765,0.0,,,,,,,,,,,,,
2023-10-23 00:00:00+00:00,33069.99,59.1652436537671,59.1652436537671,0.0,,,,,,,,,,,,,
2023-10-24 00:00:00+00:00,33922.73,57.69947408097282,57.69947408097282,0.0,,,,,,,,,,,,,
2023-10-25 00:00:00+00:00,34496.05,61.55794885660083,61.55794885660083,0.0,,,,,,,,,,,,,
2023-10-26 00:00:00+00:00,34151.66,58.04418335003434,58.04418335003434,0.0,,,,,,,,,,,,,
2023-10-27 00:00:00+00:00,33892.02,49.81322597096138,49.81322597096138,0.0,,,,,,,,,,,,,
2023-10-28 00:00:00+00:00,34081.0,52.752223336597126,52.752223336597126,0.0,,,,,,,,,,,,,
2023-10-29 00:00:00+00:00,34525.89,57.05648876803641,57.05648876803641,0.0,,,,,,,,,,,,,
2023-10-30 00:00:00+00:00,34474.73,56.872751444753064,56.872751444753064,0.0,,,,,,,,,,,,,
2023-10-31 00:00:00+00:00,34639.77,57.530261604561026,57.530261604561026,0.0,,,,,,,,,,,,,
2023-11-01 00:00:00+00:00,35421.43,62.9497844221564,62.9497844221564,0.0,,,,,,,,,,,,,
2023-11-02 00:00:00+00:00,34941.59,62.58075355796342,62.58075355796342,0.0,,,,,,,,,,,,,
2023-11-03 00:00:00+00:00,34716.78,60.84836708497875,60.84836708497875,0.0,,,,,,,,,,,,,
2023-11-04 00:00:00+00:00,35062.07,65.17467210165549,65.17467210165549,0.0,,,,,,,,,,,,,
2023-11-05 00:00:00+00:00,35011.88,62.6984997918384,62.6984997918384,0.0,,,,,,,,,,,,,
2023-11-06 00:00:00+00:00,35046.09,59.80764042417606,59.80764042417606,0.0,,,,,,,,,,,,,
2023-11-07 00:00:00+00:00,35399.12,58.18320729966446,58.18320729966446,0.0,,,,,,,,,,,,,
2023-11-08 00:00:00+00:00,35624.72,60.4034047844233,60.4034047844233,0.0,,,,,,,,,,,,,
2023-11-09 00:00:00+00:00,36701.09,61.299471761028165,61.299471761028165,0.0,,,,,,,,,,,,,
2023-11-10 00:00:00+00:00,37301.63,59.68673924354832,59.68673924354832,0.0,,,,,,,,,,,,,
2023-11-11 00:00:00+00:00,37130.0,61.37735275759088,61.37735275759088,0.0,,,,,,,,,,,,,
2023-11-12 00:00:00+00:00,37064.13,61.43663084670078,61.43663084670078,0.0,,,,,,,,,,,,,
2023-11-13 00:00:00+00:00,36462.93,59.545930730709706,59.545930730709706,0.0,,,,,,,,,,,,,
2023-11-14 00:00:00+00:00,35551.19,59.17576213991769,59.17576213991769,0.0,,,,,,,,,,,,,
2023-11-15 00:00:00+00:00,37858.2,63.64491111568958,63.64491111568958,0.0,,,,,,,,,,,,,
2023-11-16 00:00:00+00:00,36163.51,58.907871517077645,58.907871517077645,0.0,,,,,,,,,,,,,
2023-11-17 00:00:00+00:00,36613.92,58.400098625821485,58.400098625821485,0.0,,,,,,,,,,,,,
2023-11-18 00:00:00+00:00,36568.1,56.92783552303641,56.92783552303641,0.0,,,,,,,,,,,,,
2023-11-19 00:00:00+00:00,37359.86,59.310745394904444,59.310745394904444,0.0,,,,,,,,,,,,,
2023-11-20 00:00:00+00:00,37448.78,60.518104765388905,60.518104765388905,0.0,,,,,,,,,,,,,
2023-11-21 00:00:00+00:00,35741.65,58.38736713538205,58.38736713538205,0.0,,,,,,,,,,,,,
2023-11-22 00:00:00+00:00,37408.34,58.15878339703087,58.15878339703087,0.0,,,,,,,,,,,,,
2023-11-23 00:00:00+00:00,37294.28,56.511299696402375,56.511299696402375,0.0,,,,,,,,,,,,,
2023-11-24 00:00:00+00:00,37713.57,56.46760028193736,56.46760028193736,0.0,,,,,,,,,,,,,
2023-11-25 00:00:00+00:00,37780.67,55.303702038616585,55.303702038616585,0.0,,,,,,,,,,,,,
2023-11-26 00:00:00+00:00,37447.43,55.92526307113093,55.92526307113093,0.0,,,,,,,,,,,,,
2023-11-27 00:00:00+00:00,37242.7,53.67154612883157,53.67154612883157,0.0,,,,,,,,,,,,,
2023-11-28 00:00:00+00:00,37818.87,53.23206710813098,53.23206710813098,0.0,,,,,,,,,,,,,
2023-11-29 00:00:00+00:00,37854.64,54.35766721831362,54.35766721831362,0.0,,,,,,,,,,,,,
2023-11-30 00:00:00+00:00,37723.96,52.07132601171629,52.07132601171629,0.0,,,,,,,,,,,,,
2023-12-01 00:00:00+00:00,38682.52,54.09579850064794,54.09579850064794,0.0,,,,,,,,,,,,,
2023-12-02 00:00:00+00:00,39450.35,55.83143789640429,55.83143789640429,0.0,,,,,,,,,,,,,
2023-12-03 00:00:00+00:00,39972.26,56.95566407272914,56.95566407272914,0.0,,,,,,,,,,,,,
2023-12-04 00:00:00+00:00,41991.1,58.032330597790285,58.032330597790285,0.0,,,,,,,,,,,,,
2023-12-05 00:00:00+00:00,44073.32,59.25689513760511,59.25689513760511,0.0,,,,,,,,,,,,,
2023-12-06 00:00:00+00:00,43762.69,57.356945443420194,57.356945443420194,0.0,,,,,,,,,,,,,
2023-12-07 00:00:00+00:00,43273.14,56.024252911634996,56.024252911634996,0.0,,,,,,,,,,,,,
2023-12-08 00:00:00+00:00,44170.99,57.412525900735545,57.412525900735545,0.0,,,,,,,,,,,,,
2023-12-09 00:00:00+00:00,43713.6,57.51611581455668,57.51611581455668,0.0,,,,,,,,,,,,,
2023-12-10 00:00:00+00:00,43789.51,58.55690237645644,58.55690237645644,0.0,,,,,,,,,,,,,
2023-12-11 00:00:00+00:00,41253.4,59.551835509912586,59.551835509912586,0.0,,,,,,,,,,,,,
2023-12-12 00:00:00+00:00,41492.39,57.53296667645523,57.53296667645523,0.0,,,,,,,,,,,,,
2023-12-13 00:00:00+00:00,42869.03,57.37596987331901,57.37596987331901,0.0,,,,,,,,,,,,,
2023-12-14 00:00:00+00:00,43022.26,57.45115035148455,57.45115035148455,0.0,,,,,,,,,,,,,
2023-12-15 00:00:00+00:00,41940.3,56.15960304556617,56.15960304556617,0.0,,,,,,,,,,,,,
2023-12-16 00:00:00+00:00,42278.03,55.8516190649047,55.8516190649047,0.0,,,,,,,,,,,,,
2023-12-17 00:00:00+00:00,41374.65,56.394617769416136,56.394617769416136,0.0,,,,,,,,,,,,,
2023-12-18 00:00:00+00:00,42657.8,57.95786808126947,57.95786808126947,0.0,,,,,,,,,,,,,
2023-12-19 00:00:00+00:00,42275.99,59.54906143011874,59.54906143011874,0.0,,,,,,,,,,,,,
2023-12-20 00:00:00+00:00,43668.93,60.163142493565104,60.163142493565104,0.0,,,,,,,,,,,,,
2023-12-21 00:00:00+00:00,43861.8,60.8924602068184,60.8924602068184,0.0,,,,,,,,,,,,,
2023-12-22 00:00:00+00:00,43969.04,60.229135971265144,60.229135971265144,0.0,,,,,,,,,,,,,
2023-12-23 00:00:00+00:00,43702.16,60.183481651236384,60.183481651236384,0.0,,,,,,,,,,,,,
2023-12-24 00:00:00+00:00,42991.5,62.31663547305758,62.31663547305758,0.0,,,,,,,,,,,,,
2023-12-25 00:00:00+00:00,43576.13,61.778853790126654,61.778853790126654,0.0,,,,,,,,,,,,,
2023-12-26 00:00:00+00:00,42508.93,62.875442451963494,62.875442451963494,0.0,,,,,,,,,,,,,
2023-12-27 00:00:00+00:00,43428.85,67.35430678466658,67.35430678466658,0.0,,,,,,,,,,,,,
2023-12-28 00:00:00+00:00,42563.76,66.65215471080535,66.65215471080535,0.0,,,,,,,,,,,,,
2023-12-29 00:00:00+00:00,42066.95,65.72709116452754,65.72709116452754,0.0,,,,,,,,,,,,,
2023-12-30 00:00:00+00:00,42140.28,66.29227063587797,66.29227063587797,0.0,,,,,,,,,,,,,
2023-12-31 00:00:00+00:00,42283.58,68.08489541047031,68.08489541047031,0.0,,,,,,,,,,,,,
2024-01-01 00:00:00+00:00,44179.55,69.85126356987624,69.85126356987624,0.0,,,,,,,,,,,,,
2024-01-02 00:00:00+00:00,44946.91,66.53367933973246,66.53367933973246,0.0,,,,,,,,,,,,,
2024-01-03 00:00:00+00:00,42845.23,67.81856130880456,67.81856130880456,0.0,,,,,,,,,,,,,
2024-01-04 00:00:00+00:00,44151.1,68.36412164421738,68.36412164421738,0.0,,,,,,,,,,,,,
2024-01-05 00:00:00+00:00,44145.11,70.76884124401481,70.76884124401481,0.0,,,,,,,,,,,,,
2024-01-06 00:00:00+00:00,43968.32,74.61461079822394,74.61461079822394,0.0,,,,,,,,,,,,,
2024-01-07 00:00:00+00:00,43929.02,75.1936058660034,75.1936058660034,0.0,,,,,,,,,,,,,
2024-01-08 00:00:00+00:00,46951.04,70.5451462507327,70.5451462507327,0.0,,,,,,,,,,,,,
2024-01-09 00:00:00+00:00,46110.0,67.78859464202644,67.78859464202644,0.0,,,,,,,,,,,,,
2024-01-10 00:00:00+00:00,46653.99,65.97505604708518,65.97505604708518,0.0,,,,,,,,,,,,,
2024-01-11 00:00:00+00:00,46339.16,61.177859767914825,61.177859767914825,0.0,,,,,,,,,,,,,
2024-01-12 00:00:00+00:00,42782.73,60.58748588364472,60.58748588364472,0.0,,,,,,,,,,,,,
2024-01-13 00:00:00+00:00,42847.99,58.01013077247487,58.01013077247487,0.0,,,,,,,,,,,,,
2024-01-14 00:00:00+00:00,41732.35,60.76433048732092,60.76433048732092,0.0,,,,,,,,,,,,,
2024-01-15 00:00:00+00:00,42511.1,59.31919911403646,59.31919911403646,0.0,,,,,,,,,,,,,
2024-01-16 00:00:00+00:00,43137.95,58.14476682998012,58.14476682998012,0.0,,,,,,,,,,,,,
2024-01-17 00:00:00+00:00,42776.1,53.75647713263236,53.75647713263236,0.0,,,,,,,,,,,,,
2024-01-18 00:00:00+00:00,41327.5,50.831591274766396,50.831591274766396,0.0,,,,,,,,,,,,,
2024-01-19 00:00:00+00:00,41659.03,50.00881091249541,50.00881091249541,0.0,,,,,,,,,,,,,
2024-01-20 00:00:00+00:00,41696.04,50.84409952629155,50.84409952629155,0.0,,,,,,,,,,,,,
2024-01-21 00:00:00+00:00,41580.33,50.42405544141735,50.42405544141735,0.0,,,,,,,,,,,,,
2024-01-22 00:00:00+00:00,39568.02,51.48553791874281,51.48553791874281,0.0,,,,,,,,,,,,,
2024-01-23 00:00:00+00:00,39897.6,52.683015026750965,52.683015026750965,0.0,,,,,,,,,,,,,
2024-01-24 00:00:00+00:00,40084.88,49.8936471693017,49.8936471693017,0.0,,,,,,,,,,,,,
2024-01-25 00:00:00+00:00,39961.09,47.668128596275665,47.668128596275665,0.0,,,,,,,,,,,,,
2024-01-26 00:00:00+00:00,41823.51,46.125244985759494,46.125244985759494,0.0,,,,,,,,,,,,,
2024-01-27 00:00:00+00:00,42120.63,45.31396169677179,45.31396169677179,0.0,,,,,,,,,,,,,
2024-01-28 00:00:00+00:00,42031.06,47.44215158529489,47.44215158529489,0.0,,,,,,,,,,,,,
2024-01-29 00:00:00+00:00,43302.7,47.54428013284227,47.54428013284227,0.0,,,,,,,,,,,,,
2024-01-30 00:00:00+00:00,42941.1,48.934318025022385,48.934318025022385,0.0,,,,,,,,,,,,,
2024-01-31 00:00:00+00:00,42580.0,48.00334262294045,48.00334262294045,0.0,,,,,,,,,,,,,
2024-02-01 00:00:00+00:00,43082.94,46.95665183042258,46.95665183042258,0.0,,,,,,,,,,,,,
2024-02-02 00:00:00+00:00,43200.0,44.32325955661664,44.32325955661664,0.0,,,,,,,,,,,,,
2024-02-03 00:00:00+00:00,43011.09,43.51478491190189,43.51478491190189,0.0,,,,,,,,,,,,,
2024-02-04 00:00:00+00:00,42582.88,44.53552499996157,44.53552499996157,0.0,,,,,,,,,,,,,
2024-02-05 00:00:00+00:00,42708.7,44.26192946648288,44.26192946648288,0.0,,,,,,,,,,,,,
2024-02-06 00:00:00+00:00,43098.95,44.802676156131945,44.802676156131945,0.0,,,,,,,,,,,,,
2024-02-07 00:00:00+00:00,44349.6,46.06666232218794,46.06666232218794,0.0,,,,,,,,,,,,,
2024-02-08 00:00:00+00:00,45288.65,47.116593754403326,47.116593754403326,0.0,,,,,,,,,,,,,
2024-02-09 00:00:00+00:00,47132.77,49.71829700950582,49.71829700950582,0.0,,,,,,,,,,,,,
2024-02-10 00:00:00+00:00,47751.09,51.86046148313604,51.86046148313604,0.0,,,,,,,,,,,,,
2024-02-11 00:00:00+00:00,48299.99,53.22297001630145,53.22297001630145,0.0,,,,,,,,,,,,,
2024-02-12 00:00:00+00:00,49917.27,56.30580681228502,56.30580681228502,0.0,,,,,,,,,,,,,
2024-02-13 00:00:00+00:00,49699.59,54.426301037497936,54.426301037497936,0.0,,,,,,,,,,,,,
2024-02-14 00:00:00+00:00,51795.17,57.29398330475768,57.29398330475768,0.0,,,,,,,,,,,,,
2024-02-15 00:00:00+00:00,51880.0,57.554588705407774,57.554588705407774,0.0,,,,,,,,,,,,,
2024-02-16 00:00:00+00:00,52124.11,56.857418507324795,56.857418507324795,0.0,,,,,,,,,,,,,
2024-02-17 00:00:00+00:00,51642.64,57.29169801740548,57.29169801740548,0.0,,,,,,,,,,,,,
2024-02-18 00:00:00+00:00,52137.67,58.525722909361676,58.525722909361676,0.0,,,,,,,,,,,,,
2024-02-19 00:00:00+00:00,51774.73,58.45441299405296,58.45441299405296,0.0,,,,,,,,,,,,,
2024-02-20 00:00:00+00:00,52258.82,57.654251374833684,57.654251374833684,0.0,,,,,,,,,,,,,
2024-02-21 00:00:00+00:00,51849.39,56.24541764646107,56.24541764646107,0.0,,,,,,,,,,,,,
2024-02-22 00:00:00+00:00,51288.42,57.754639549995325,57.754639549995325,0.0,,,,,,,,,,,,,
2024-02-23 00:00:00+00:00,50744.15,54.27389168480431,54.27389168480431,0.0,,,,,,,,,,,,,
2024-02-24 00:00:00+00:00,51568.22,56.58764110755274,56.58764110755274,0.0,,,,,,,,,,,,,
2024-02-25 00:00:00+00:00,51728.85,57.6222591648222,57.6222591648222,0.0,,,,,,,,,,,,,
2024-02-26 00:00:00+00:00,54476.47,58.9799935147875,58.9799935147875,0.0,,,,,,,,,,,,,
2024-02-27 00:00:00+00:00,57037.34,60.98948280351536,60.98948280351536,0.0,,,,,,,,,,,,,
2024-02-28 00:00:00+00:00,62432.1,70.4144977556361,70.4144977556361,0.0,,,,,,,,,,,,,
2024-02-29 00:00:00+00:00,61130.98,68.40299760684027,68.40299760684027,0.0,,,,,,,,,,,,,
2024-03-01 00:00:00+00:00,62387.9,67.41970906117413,67.41970906117413,0.0,,,,,,,,,,,,,
2024-03-02 00:00:00+00:00,61987.28,67.5632538550877,67.5632538550877,0.0,,,,,,,,,,,,,
2024-03-03 00:00:00+00:00,63113.97,73.76651338821209,73.76651338821209,0.0,,,,,,,,,,,,,
2024-03-04 00:00:00+00:00,68245.71,77.64138705170465,77.64138705170465,0.0,,,,,,,,,,,,,
2024-03-05 00:00:00+00:00,63724.01,76.65519061827904,76.65519061827904,0.0,,,,,,,,,,,,,
2024-03-06 00:00:00+00:00,66074.04,77.63873944579484,77.63873944579484,0.0,,,,,,,,,,,,,
2024-03-07 00:00:00+00:00,66823.17,72.81161097710317,72.81161097710317,0.0,,,,,,,,,,,,,
2024-03-08 00:00:00+00:00,68124.19,74.71153424160173,74.71153424160173,0.0,,,,,,,,,,,,,
2024-03-09 00:00:00+00:00,68313.27,77.39653196586,77.39653196586,0.0,,,,,,,,,,,,,
2024-03-10 00:00:00+00:00,68955.88,82.70585888412256,82.70585888412256,0.0,,,,,,,,,,,,,
2024-03-11 00:00:00+00:00,72078.1,85.48243062222797,85.48243062222797,0.0,,,,,,,,,,,,,
2024-03-12 00:00:00+00:00,71452.01,80.78414270368131,80.78414270368131,0.0,,,,,,,,,,,,,
2024-03-13 00:00:00+00:00,73072.41,80.0033195315267,80.0033195315267,0.0,,,,,,,,,,,,,
2024-03-14 00:00:00+00:00,71388.94,78.29306428024346,78.29306428024346,0.0,,,,,,,,,,,,,
2024-03-15 00:00:00+00:00,69499.85,79.66648594462673,79.66648594462673,0.0,,,,,,,,,,,,,
2024-03-16 00:00:00+00:00,65300.63,78.76432901650652,78.76432901650652,0.0,,,,,,,,,,,,,
2024-03-17 00:00:00+00:00,68393.48,79.2538113233737,79.2538113233737,0.0,,,,,,,,,,,,,
2024-03-18 00:00:00+00:00,67609.99,77.15614527948713,77.15614527948713,0.0,,,,,,,,,,,,,
2024-03-19 00:00:00+00:00,61937.4,80.04460632208692,80.04460632208692,0.0,,,,,,,,,,,,,
2024-03-20 00:00:00+00:00,67840.51,80.9829420993996,80.9829420993996,0.0,,,,,,,,,,,,,
2024-03-21 00:00:00+00:00,65501.27,78.80436254032284,78.80436254032284,0.0,,,,,,,,,,,,,
2024-03-22 00:00:00+00:00,63796.64,75.13106119483018,75.13106119483018,0.0,,,,,,,,,,,,,
2024-03-23 00:00:00+00:00,63990.01,76.08005969135976,76.08005969135976,0.0,,,,,,,,,,,,,
2024-03-24 00:00:00+00:00,67209.99,75.58471217799585,75.58471217799585,0.0,,,,,,,,,,,,,
2024-03-25 00:00:00+00:00,69880.01,79.02015767396384,79.02015767396384,0.0,,,,,,,,,,,,,
2024-03-26 00:00:00+00:00,69988.0,78.13124389705143,78.13124389705143,0.0,,,,,,,,,,,,,
2024-03-27 00:00:00+00:00,69469.99,78.74899510252973,78.74899510252973,0.0,,,,,,,,,,,,,
2024-03-28 00:00:00+00:00,70780.6,79.55012147801166,79.55012147801166,0.0,,,,,,,,,,,,,
2024-03-29 00:00:00+00:00,69850.54,75.55785184367825,75.55785184367825,0.0,,,,,,,,,,,,,
2024-03-30 00:00:00+00:00,69582.18,77.58405888424764,77.58405888424764,0.0,,,,,,,,,,,,,
2024-03-31 00:00:00+00:00,71280.01,78.8037632153148,78.8037632153148,0.0,,,,,,,,,,,,,
2024-04-01 00:00:00+00:00,69649.8,76.06349203734956,76.06349203734956,0.0,,,,,,,,,,,,,
2024-04-02 00:00:00+00:00,65463.99,76.67888970273636,76.67888970273636,0.0,,,,,,,,,,,,,
2024-04-03 00:00:00+00:00,65963.28,74.76592159531292,74.760192355062,11.030461118026025,0.00125,0.0,0.0,0.0,0.0076269411626147575,-0.00013597527492960798,1.3081587180842462e-05,0.0021829762372699707,0.005294908063234336,0.0,0.0,0.0,0.0076269411626147575
2024-04-04 00:00:00+00:00,68487.79,74.761509323659,74.751630797486,0.27224946360477875,0.0018456666666666667,0.0,0.0,0.0,0.03827144435510173,-3.125443501993851e-05,-5.358113919191443e-06,-4.437851244748647e-07,0.038245991819125455,0.0,0.0,0.0,0.03827144435510173
2024-04-05 00:00:00+00:00,67820.62,74.48395398402887,74.493787176707,0.22704720363771028,0.0005765699999999999,0.0,0.0,0.0,-0.009741444423889255,-6.805667028372096e-05,4.931111353807944e-05,1.3120656455504582e-05,-0.009871932864166561,0.0,0.0,0.0,-0.009741444423889255
2024-04-06 00:00:00+00:00,68896.0,74.80963940623955,74.797755291521,-1.0666547974634304,0.00064481,0.0,0.0,0.0,0.01585623959202975,3.907160797690571e-05,-1.640834527190124e-05,5.187029906425197e-05,0.015859849246214305,0.0,0.0,0.0,0.01585623959202975
2024-04-07 00:00:00+00:00,69360.39,80.20887890967052,80.229797426068,-3.686109637142302,-0.0025,0.0,0.0,0.0,0.006740449372967943,0.0004471874805390259,-4.576375164753048e-05,0.00010647452332044016,0.007126926081834059,0.0,0.0,0.0,0.006740449372967943
2024-04-08 00:00:00+00:00,71620.0,78.97392030181226,78.952342452865,-0.9058315387673676,-0.0025,0.0,0.0,0.0,0.0325778156668381,-4.6343264223430814e-05,-1.6712317001621403e-05,-2.961998296098104e-06,0.03255114671791239,0.0,0.0,0.0,0.0325778156668381
2024-04-09 00:00:00+00:00,69146.0,76.05762364483665,76.062157754337,1.6855579277835757,0.0010082333333333332,0.0,0.0,0.0,-0.03454342362468584,-4.676293379683716e-06,0.0,-2.4040548307245663e-05,-0.03452405936975828,0.0,0.0,0.0,-0.03454342362468584
2024-04-10 00:00:00+00:00,70631.08,74.85945188937998,74.823229823448,0.16281007997783503,0.00021679333333333333,0.0,0.0,0.0,0.021477453504179587,0.0,0.0,0.0,0.021477453504179587,0.0,0.0,0.0,0.021477453504179587
2024-04-11 00:00:00+00:00,70006.23,71.953862904687,71.91056762895,0.6412493215968658,0.0020755033333333334,0.0,0.0,0.0,-0.008846672031632615,0.0,0.0,0.0,-0.008846672031632615,0.0,0.0,0.0,-0.008846672031632615
2024-04-12 00:00:00+00:00,67116.52,69.38302080250511,69.383768866956,0.605249509943565,0.0025,0.0,0.0,0.0,-0.0412778976956764,-9.420666330833502e-05,1.6197488635436e-05,0.0002608899686356773,-0.04164919181625585,0.0,0.0,0.0,-0.0412778976956764
2024-04-13 00:00:00+00:00,63924.51,76.05852050561226,75.981483110829,0.16435407919377343,0.0010341066666666667,0.00025197103660807885,2.9501535888401455e-05,-0.0013839541087770871,-0.04595280621946341,0.0053513308695153855,0.00010143933326690924,-0.004376299470824268,-0.03793303882188743,0.0,0.0,0.0,-0.04755922982896017
2024-04-14 00:00:00+00:00,65661.84,74.86168981075645,74.77519421574,0.23357292754986336,0.0015496433333333332,-0.0008327553642995502,0.0002837589348366859,0.0,0.026061324060516335,-0.0023742672343633545,0.0007546045242474294,3.746040616538499e-05,0.0240115061948764,0.0,0.0,0.0,0.02717783835965257
2024-04-15 00:00:00+00:00,63419.99,73.37153424761378,73.332759359743,0.2525267500771105,0.0018071966666666668,-0.001045956515586368,0.00035996713997063354,4.2842688976630346e-05,-0.035591123610184405,-0.0023533051610808123,0.0007736121122848462,0.0,-0.037269274539016434,0.0,0.0,0.0,-0.03414235726565078
2024-04-16 00:00:00+00:00,63793.39,73.82797386022352,73.776179749731,0.21434884668803875,0.0020326100000000002,0.0004119246054542682,0.00033771660802439624,0.0,0.005961941502275922,0.0007490047600645073,0.0006140719530074173,0.0,0.00602266631190314,0.0,0.0,0.0,0.00588773350484605
2024-04-17 00:00:00+00:00,61277.37,73.8045787930819,73.808708836514,0.053057231109777135,0.0018233133333333332,0.00016100937549028816,0.0004733962400033992,3.733688276099269e-05,-0.03978986009995887,5.462497826621247e-05,0.000775548124471741,0.0,-0.04016105949889029,0.0,0.0,0.0,-0.039440136352684764
2024-04-18 00:00:00+00:00,63470.08,73.0860977111193,73.045220621633,0.1832798654326104,0.0018954133333333335,-0.0009810673138318147,0.0004545517070250298,0.0,0.03434773786929688,-0.0013347419424626548,0.0006184175334663254,0.0,0.033830197414224744,0.0,0.0,0.0,0.035783356890153724
2024-04-19 00:00:00+00:00,63818.01,73.18608147045018,73.133837524661,0.24518754759433947,0.0018448199999999998,-0.0008216607964581949,0.0007567193474018123,7.702723127122132e-05,0.003826388141748541,-0.0022869473275206266,0.0011052182834489412,0.0010376342761585452,0.0010519956297516562,0.0,0.0,0.0,0.005481795516879769
2024-04-20 00:00:00+00:00,64940.59,74.4907955876196,74.439340149971,0.07540278418298012,0.0015185333333333332,0.0021885542955951795,0.0004919060454142933,0.0,0.01928698050905255,0.00319646937813542,0.0007184480706058395,0.0,0.020068353566401246,0.0,0.0,0.0,0.017590332258871664
2024-04-21 00:00:00+00:00,64941.15,74.7591486133229,74.715032418928,0.13837616768084968,0.0009617133333333334,0.000454183331238451,0.00029166339497232064,0.0,0.0001711432025469718,0.0006633525671650887,0.00042598582663835665,0.0,0.0002459900068075735,0.0,0.0,0.0,8.623266280841422e-06
2024-04-22 00:00:00+00:00,66819.32,71.82200404378995,71.772267700447,0.17441690303565371,0.0010514266666666666,-0.004847952982430545,0.0004037149298179906,0.0,0.02366943989073933,-0.007080625454971986,0.0005896414876508029,0.0,0.021250840860365078,0.0,0.0,0.0,0.028921107802987865
2024-04-23 00:00:00+00:00,66414.0,67.07081458762781,67.032915112231,0.9089491874171793,0.0011960266666666667,-0.007588218043561423,0.0005637752362332887,0.0,-0.014217903558438777,-0.01099948794336301,0.0007248298045784921,-0.0017306028066586202,-0.016059625219926946,0.0,0.0,0.0,-0.006065910278644065
2024-04-24 00:00:00+00:00,64289.59,65.30422394098866,65.28691546209,3.1944597406137336,0.0025,-0.0028125959571640015,0.0008104309137265054,0.0,-0.03561040904934691,-0.0030748469945316415,0.0008859968147931786,0.0,-0.035948225987781225,0.0,0.0,0.0,-0.031987382178456404
2024-04-25 00:00:00+00:00,64498.34,62.09291449856804,62.069562695487,18.643156135926294,0.0025,-0.0053540307267993005,0.0007743179403285134,0.0,-0.0028813222045232143,-0.007833597532493568,0.0011345350836925007,0.006909185827333142,-0.012630291980914612,0.0,0.0,0.0,0.0032470264626045992
2024-04-26 00:00:00+00:00,63770.01,57.389867870017376,57.365063079871,1.694561618727932,0.0025,-0.007803469436599,0.0007237118089496278,0.0,-0.01981940985174213,-0.01143368813925143,0.0010603866899784936,0.0,-0.023786303435423425,0.0,0.0,0.0,-0.011292228606193501
2024-04-27 00:00:00+00:00,63461.98,57.23280887524429,57.217296846873,0.37052785061892596,0.0025,-0.00024790286765411407,0.0007219872224809773,0.0,-0.005800217072991121,-0.0003632287023883833,0.001057859816001229,0.0,-0.006251415501245642,0.0,0.0,0.0,-0.0048303269828560294
2024-04-28 00:00:00+00:00,63118.62,59.1588831103668,59.129730555389,0.04579842406069492,0.00102983,0.003224004250775043,-0.0002003115790617935,0.0,-0.0019861677384350727,0.004723829504616928,-0.0002934976736029531,0.0,-0.0003931563900520284,0.0,0.0,0.0,-0.005410483568271909
2024-04-29 00:00:00+00:00,63866.0,57.89281365756662,57.859875518756,-0.44587537140074357,-0.0025,-0.0019169467616186673,-0.0005534270656040565,0.0016976037662566267,0.008779756455572298,-0.0031536834070812958,-0.001086206135035739,0.0,0.00977340264579798,0.0,0.0,0.0,0.011840879917843536
2024-04-30 00:00:00+00:00,60672.0,62.852919392316295,62.82406162857,-0.5401266085110769,-0.0025,0.006207945906252848,-0.0004263549303683994,0.0,-0.04337665961181767,0.008970478263021423,-0.0006264479896942923,0.002201711082878947,-0.04261574527860215,0.0,0.0,0.0,-0.05001096044843892
2024-05-01 00:00:00+00:00,58364.97,65.07133374531377,65.063272745247,-3.4865841783405327,-0.00021689333333333336,0.0027193503912479604,-0.0003701923436330096,-0.0016698231905011678,-0.03326525828347861,0.0056053799179484436,-0.0004429939157049718,-0.0002512095374322039,-0.03172504083777512,0.0,0.0,0.0,-0.03802462420886074
2024-05-02 00:00:00+00:00,59060.61,59.6260611958243,59.570554456791,-0.910987196762993,-0.002070803333333333,-0.010122762182414771,-0.00015596266792354066,0.0,0.0019519935560783144,-0.015143917967271733,-0.00023332424553981933,0.0,-0.002991800651162368,0.0,0.0,0.0,0.011918793070569545
2024-05-03 00:00:00+00:00,62882.01,58.64530230071724,58.569779690966,4.469182924421859,0.0025,-0.001822646278545477,0.00080127445330754,0.0,0.062079102145831476,-0.0027267266807468743,0.0011987276171754567,0.0,0.06077756857976216,0.0,0.0,0.0,0.0647030228776845
2024-05-04 00:00:00+00:00,63892.04,59.09980133702838,59.048604886287,0.23171135836605902,0.001538713333333333,0.0008190578071772918,0.0004681801104410835,0.0,0.016413182320904534,0.0012253319814125555,0.000700409735866842,0.0,0.016587226869714037,0.0,0.0,0.0,0.016062304624168324
2024-05-05 00:00:00+00:00,64012.0,61.02065896982152,60.939012534113,-0.9394897337028958,0.00035358333333333335,0.003182531316624946,-0.0004031948977746233,0.0,0.005463268393362694,0.004761150397365591,-0.0006031901517284129,0.0,0.007241882728057129,0.0,0.0,0.0,0.0018775421789631248
2024-05-06 00:00:00+00:00,63165.19,57.92196042910981,57.870562847089,4.645381724662068,0.0008333333333333334,-0.005156103009650445,0.0007521894151059213,0.0,-0.01913721825116388,-0.007713665460262988,0.0011252951114472242,0.0,-0.022067886398117725,0.0,0.0,0.0,-0.013228925826407513
2024-05-07 00:00:00+00:00,62312.08,56.08084534231218,56.034440121505,6.1254489968451225,0.0025,-0.003126711955170368,0.0007253977999353814,0.0,-0.017358124697829748,-0.004677643167261727,0.0010852141518196037,0.0,-0.01926887226180533,0.0,0.0,0.0,-0.013506014942724
2024-05-08 00:00:00+00:00,61193.03,57.55824365544754,57.525147205227,4.356175313789634,0.0025,0.002573262208742544,0.0007253530607554505,0.0,-0.01611088792635231,0.0025190642068145725,0.0008135407927584044,-0.0026279402751027145,-0.013625333385180523,0.0,0.0,0.0,-0.017958797074339405
2024-05-09 00:00:00+00:00,63074.01,54.91853828217238,54.867970906905,4.177043158433548,0.0025,-0.004670704449305096,0.0007362760947277159,0.0,0.025331487546205622,-0.0052385642330789895,0.0008257918387633233,0.0,0.024674112018396123,0.0,0.0,0.0,0.030738468090238436
2024-05-10 00:00:00+00:00,60799.99,56.74040739655691,56.729236227633,13.043668757994508,0.0025,0.003174108865758107,0.000711066775769482,0.0,-0.033590159537750026,0.0039141318207117455,0.0009847094867873878,0.009247055868943024,-0.042370835162757324,0.0,0.0,0.0,-0.03605320162773865
2024-05-11 00:00:00+00:00,60825.99,56.34995483891774,56.311371599027,25.854276593862206,0.0025,-0.0007392580763363894,0.0007418867955578204,0.0,-0.0010535132226126885,-0.0011168643511682902,0.0011208357961637878,0.0,-0.0018100684980505567,0.0,0.0,0.0,0.0004276316492815213
2024-05-12 00:00:00+00:00,61483.99,56.94686782069412,56.906435058753,10.040732057199614,0.0025,0.0010522963690695441,0.0007598567729981069,0.0,0.011110183787329154,0.0015897997453095294,0.0011479846739871015,0.0,0.011259559262580146,0.0,0.0,0.0,0.010817744191257717
2024-05-13 00:00:00+00:00,62940.08,58.7098984706551,58.685577148054,0.5467153844070783,0.0025,0.003112522974863194,0.0007676806593431241,0.0,0.026027267610300123,0.004702371288311974,0.0011598049300330642,0.0,0.027224991653058965,0.0,0.0,0.0,0.023682425294780055
2024-05-14 00:00:00+00:00,61577.49,58.72973610842946,58.712094404408,0.5191340939777358,0.0025,4.5317429909344574e-05,0.0007555825187649287,0.0,-0.022359268394857162,6.84651592893575e-05,0.0011415271697221162,0.0,-0.022722065316434337,0.0,0.0,0.0,-0.021649003306001578
2024-05-15 00:00:00+00:00,66206.5,61.55547392285883,61.505628976021,1.1928173529849269,0.0025,0.004879732813553494,0.0007964796514135347,0.0,0.07925698953885818,0.007372255775267434,0.0012033141842740468,0.0,0.08134267796771161,0.0,0.0,0.0,0.07517373637671822
2024-05-16 00:00:00+00:00,65235.21,60.52158792387014,60.466072937843,0.7076610972600067,0.0025,-0.0016889284479318365,0.0007409513943193605,0.0,-0.017100493754782457,-0.002551617676626803,0.0011194226005143714,0.0,-0.018341654189672433,0.0,0.0,0.0,-0.01467061391253126
2024-05-17 00:00:00+00:00,67024.0,57.866744846126196,57.794636556391,1.3802623210306555,0.0025,-0.004404805603961164,0.0007238352427329146,0.0,0.022291980624440925,-0.0059324595490462895,0.0009019090986809516,-0.00015770788604178574,0.02074396070944955,0.0,0.0,0.0,0.027420621471135005
2024-05-18 00:00:00+00:00,66915.2,59.37909451695017,59.343300492379,0.7867694903872056,0.0025,0.0024853686567895047,0.0007125297440540854,0.0,0.00014953979600107188,0.002763615819419689,0.0007923003563658877,0.0,0.0003480163463194534,0.0,0.0,0.0,-0.0016232991167343476
2024-05-19 00:00:00+00:00,66274.01,59.7034626644346,59.596331513664,0.8332424819876403,0.0025,0.00040673632770500125,0.0007182944627150841,0.0,-0.00989368596246935,0.0004522721192719272,0.0007987104588038173,0.0,-0.009928566166991157,0.0,0.0,0.0,-0.009582127827459267
2024-05-20 00:00:00+00:00,71446.62,63.79989141649991,63.792700859464,0.03668053088891147,0.00073088,0.004592827397861826,-1.1091155238134641e-05,0.0001001829639938134,0.08255258158469327,0.006529153039944965,-1.5523169343661574e-05,-2.5657782696100893e-05,0.08461917998757185,0.0,0.0,0.0,0.07804884599558712
2024-05-21 00:00:00+00:00,70148.34,60.156574757482254,60.163870277274,2.139835397374866,0.00176036,-0.002791445133915155,0.0003489266749459418,0.0,-0.021311700277583605,-0.003744209161354735,0.0004543620759463948,-0.0005760924417546107,-0.02179380726426903,0.0,0.0,0.0,-0.01817132846872251
2024-05-22 00:00:00+00:00,69166.62,57.21465939233102,57.219813999165,0.9266410849406016,0.0025,-0.0020359569392315244,0.0002488629876461941,-6.856482453429729e-05,-0.016211169308438692,-0.0027836967284360454,0.0003282474972577047,-6.448462466309333e-05,-0.01704237380712593,0.0,0.0,0.0,-0.013994914206095272
2024-05-23 00:00:00+00:00,67969.65,54.35714852627611,54.341429210581,0.7546085741145174,0.0025,-0.0010635820605103625,0.0002015756271830974,-0.00015415148381403248,-0.018416608241394076,-0.004015251400152078,0.0005222134920915495,0.00047199088061197666,-0.022315057810370253,0.0,0.0,0.0,-0.017305602037514647
2024-05-24 00:00:00+00:00,68549.99,53.21618670696308,53.204528758273,0.9996237904490636,0.0025,-0.00032321341300984544,0.00011303419659243987,0.0,0.008101974964738043,-0.0014751937937067063,0.0004606513169281441,-0.0004186496801728532,0.007021027143878331,0.0,0.0,0.0,0.008538222574340329
2024-05-25 00:00:00+00:00,69290.57,52.85578380712601,52.833886315498,0.9717802047962754,0.0025,-0.00010447917227042407,0.00011175095098263658,0.0,0.010587272546842176,-0.00041520776448140267,0.00037920868374086494,-0.00014262440103820473,0.010151710622911174,0.0,0.0,0.0,0.010803502670095236
2024-05-26 00:00:00+00:00,68507.67,54.44812767450552,54.454328113639,0.893651203754879,0.0025,0.0004518988879215237,0.00011211833866912551,0.0,-0.01095901523204957,0.0013808583033479854,0.0003425977426519564,0.0,-0.01026053522060594,0.0,0.0,0.0,-0.011298795781301968
2024-05-27 00:00:00+00:00,69436.43,54.860083157843874,54.878127959326,0.9244685646179073,0.0025,0.00017283871342498662,9.589216971825098e-05,-2.4201242916561873e-05,0.01365816994195269,0.00036526781769414976,0.00035456323717601284,0.0,0.013567726735847531,0.0,0.0,0.0,0.013557022155329394
2024-05-28 00:00:00+00:00,68398.39,56.50423169731693,56.507030465483,0.8774914228257648,0.0025,0.00034964884682968,7.881288069719683e-05,2.111342389612572e-06,-0.014680776668302151,0.0013382738521383428,0.0005056271060850078,0.00020297706967210117,-0.014319831615663789,0.0,0.0,0.0,-0.014949501292045022
2024-05-29 00:00:00+00:00,67652.42,54.81858086937492,54.82817462639,1.0068065528380268,0.0025,-0.00034311002218036365,8.455733181984964e-05,0.0,-0.011333918217507398,-0.0018856866795905725,0.000459013440329948,-0.00013567538239545705,-0.013115275601032247,0.0,0.0,0.0,-0.010906250863507185
2024-05-30 00:00:00+00:00,68352.17,55.20223121294697,55.190238667377,0.9416847120244914,0.0025,7.481142641515411e-05,8.480399487361861e-05,0.0,0.010333318136465321,0.00033208063813326753,0.0003764366766328235,0.0,0.010298954666424229,0.0,0.0,0.0,0.010343310704923786
2024-05-31 00:00:00+00:00,67540.01,53.80768144582232,53.834594463326,0.8812904263491612,0.0025,-0.00027724217186077065,8.230196608448537e-05,0.0,-0.012241537057848216,-0.0012150926030812053,0.0003602142033575114,0.000158854679639794,-0.01361615440598147,0.0,0.0,0.0,-0.01188199291990296
2024-06-01 00:00:00+00:00,67766.85,52.60574486536251,52.624611223365,0.5901973793244052,0.0025,-0.00025042870730252576,8.151267184617254e-05,0.0,0.0030266604333178838,-0.001343800437083041,0.0004373969950752063,0.0,0.0015774043803083347,0.0,0.0,0.0,0.003358601812466582
2024-06-02 00:00:00+00:00,67765.63,52.98230446150672,52.986244914972,0.6974219837254152,0.0025,7.459633033439335e-05,8.187393379978718e-05,0.0,-2.5280506064543185e-05,0.00040028390669705633,0.00043933552670921087,0.0,-5.705452261130388e-05,0.0,0.0,0.0,-1.800290259914935e-05
2024-06-03 00:00:00+00:00,68809.9,54.469717299853556,54.468072332487,2.9327254447698277,0.0025,0.00033464386075774506,7.722834286833159e-05,-1.3801433236455254e-05,0.01568124117727103,0.0018286982509871264,0.00037605177699679765,-0.00010248877119868161,0.016965159471334174,0.0,0.0,0.0,0.015410024226145163
2024-06-04 00:00:00+00:00,70537.84,55.63790510556081,55.625941868264,0.4630006937032038,0.0025,0.0001655420143324594,3.530772803829601e-05,-4.128212566130368e-05,0.025283309918413148,0.0010505823133230784,0.0001833781933432221,-7.998265974497238e-05,0.02605898028618251,0.0,0.0,0.0,0.02511179350645768
2024-06-05 00:00:00+00:00,71108.0,56.93061706776999,56.919800930661,-0.09358514858333149,-0.0005607733333333334,1.9437138469351783e-06,0.0,3.6347417430934993e-06,0.008081346388616788,0.0009525340061976064,-2.8833169054456808e-05,2.9599926065672713e-05,0.009034804665699336,0.0,0.0,0.0,0.008083037416512945
2024-06-06 00:00:00+00:00,70799.06,53.1586883863386,54.164695365034,-0.13460219170051366,4.9836666666666684e-05,0.0,0.0,0.0,-0.004344658828823794,-0.0008199002299792008,-1.2313248309572169e-05,-1.0715840197544419e-05,-0.005141529970295878,0.0,0.0,0.0,-0.004344658828823794
2024-06-07 00:00:00+00:00,69355.6,51.05990006661146,51.058012591503,2.026351916958656,-0.0008333333333333334,0.0,0.0,0.0,-0.020388123797123747,-0.0002144921809466853,-5.219252120948262e-06,0.0012074480592325688,-0.021804844785182055,0.0,0.0,0.0,-0.020388123797123747
2024-06-08 00:00:00+00:00,69310.46,51.46190424563255,51.454981759665,3.7836065148050166,0.0025,0.0,0.0,0.0,-0.0006508486697541282,5.720903075613027e-05,3.134866962048442e-05,-0.000196856083359948,-0.0004281322252585344,0.0,0.0,0.0,-0.0006508486697541282
2024-06-09 00:00:00+00:00,69648.14,53.18982652350566,53.191944285269,-0.054626998391615424,-0.0005132666666666667,0.0,0.0,0.0,0.0048719919042521575,0.00015377423027906255,8.470891560349801e-07,9.745354440758215e-06,0.005015173690934427,0.0,0.0,0.0,0.0048719919042521575
2024-06-10 00:00:00+00:00,69540.0,52.35919707698676,52.377030698997,0.39112906222150273,0.0017192833333333334,0.0,0.0,0.0,-0.0015526617078359798,-7.602845871525995e-05,3.0059457483745258e-05,-1.0010473020024289e-05,-0.0016487391510149607,0.0,0.0,0.0,-0.0015526617078359798
2024-06-11 00:00:00+00:00,67314.24,54.42677024122003,54.429651063271,0.5945161454892057,0.002245986666666667,0.0,0.0,0.0,-0.03200690250215696,0.00041974399555549284,0.00011202524364570463,2.4694349837371617e-05,-0.03172387810008454,0.0,0.0,0.0,-0.03200690250215696
2024-06-12 00:00:00+00:00,68263.99,52.33702098469586,52.341364892246,0.7130679405412718,0.0025,0.0,0.0,0.0,0.014109198885703826,-9.40815984189535e-06,6.777125061427351e-05,-9.448209706687288e-05,0.01412650157231453,0.0,0.0,0.0,0.014109198885703826
2024-06-13 00:00:00+00:00,66773.01,51.969530070733086,51.984061472195,0.8631258585080427,0.0025,0.0,0.0,0.0,-0.021841383722223245,0.0,0.0,0.0,-0.021841383722223245,0.0,0.0,0.0,-0.021841383722223245
2024-06-14 00:00:00+00:00,66043.99,50.4070366609032,50.41793659943,1.986613507610375,0.00221349,0.0,0.0,0.0,-0.010917884336799997,0.0,0.0,0.0,-0.010917884336799997,0.0,0.0,0.0,-0.010917884336799997
2024-06-15 00:00:00+00:00,66228.25,49.84738542774777,49.886465445636,2.4913943776268224,0.0025,0.0,0.0,0.0,0.0027899586321176954,0.0,0.0,0.0,0.0027899586321176954,0.0,0.0,0.0,0.0027899586321176954
2024-06-16 00:00:00+00:00,66676.87,49.54647814852448,49.583502209128,0.9985783242462766,0.0025,0.0,0.0,0.0,0.006773846508098815,0.0,0.0,0.0,0.006773846508098815,0.0,0.0,0.0,0.006773846508098815
2024-06-17 00:00:00+00:00,66504.33,50.76444339015636,50.787871867363,0.7341740188955277,0.0025,0.0,0.0,0.0,-0.0025877039519100645,0.0,0.0,0.0,-0.0025877039519100645,0.0,0.0,0.0,-0.0025877039519100645
2024-06-18 00:00:00+00:00,65175.32,51.900580920414896,51.901593362499,2.369897174753269,0.0025,0.0,0.0,0.0,-0.019983811580388856,-2.3253844677985603e-07,0.0,1.7019043910743022e-07,-0.01998421430927474,0.0,0.0,0.0,-0.019983811580388856
2024-06-19 00:00:00+00:00,64974.37,50.54724933910033,50.526850998159,0.2696563527357357,0.00222239,0.0,0.0,0.0,-0.0030832222994838705,0.0,0.0,0.0,-0.0030832222994838705,0.0,0.0,0.0,-0.0030832222994838705
2024-06-20 00:00:00+00:00,64869.99,50.67198009085523,50.648058948703,0.7719664453568241,0.002346106666666667,0.0,0.0,0.0,-0.0016064796011104787,0.0,0.0,0.0,-0.0016064796011104787,0.0,0.0,0.0,-0.0016064796011104787
2024-06-21 00:00:00+00:00,64143.56,49.17206453260546,49.150040387108,0.8714596317685092,0.0025,0.0,0.0,0.0,-0.011198244365383752,0.0,0.0,0.0,-0.011198244365383752,0.0,0.0,0.0,-0.011198244365383752
2024-06-22 00:00:00+00:00,64262.01,48.6350266322956,48.615922833008,-0.07431560874306074,0.0006420833333333334,0.0,0.0,0.0,0.0018466390078755274,0.0,0.0,0.0,0.0018466390078755274,0.0,0.0,0.0,0.0018466390078755274
2024-06-23 00:00:00+00:00,63210.01,50.09159320775617,50.078132504599,0.008585963928176357,-0.00020973333333333333,0.0,0.0,0.0,-0.01637048078639308,0.0,0.0,0.0,-0.01637048078639308,0.0,0.0,0.0,-0.01637048078639308
2024-06-24 00:00:00+00:00,60293.3,53.06209042217219,53.053260922545,-0.018283234994619785,0.0,0.00010557416948550701,-5.368436722776045e-06,-7.79850066365035e-06,-0.046024425141638375,0.0029477429108351297,-5.6463589937817474e-05,0.0001464519975943111,-0.043285411745331674,0.0,0.0,0.0,-0.04614316624851031
2024-06-25 00:00:00+00:00,61806.01,49.76212764501485,49.742684781995,0.02797139369934004,-0.00024872,-0.0005166010572277638,0.0,1.3065034358553433e-05,0.024559522922781764,-0.004948657982551264,0.0,0.0,0.020140531031816816,0.0,0.0,0.0,0.02508918901436808
2024-06-26 00:00:00+00:00,60864.99,48.78446567412523,48.774157750703,0.3334208862241901,0.00024847,-0.0002699849213469113,4.411705610085053e-05,0.0,-0.015539482162967003,-0.0014123227392467518,0.00023078148664382316,0.0,-0.016868484411409815,0.0,0.0,0.0,-0.01522538018551924
2024-06-27 00:00:00+00:00,61706.47,49.86393438768514,49.869980252431,0.5768525420990716,0.0025,0.00028177570551994596,7.192846086570475e-05,-3.664857792013612e-06,0.01403886556097805,0.0011309634661069582,0.00033141631969581313,-0.00019242870358350138,0.014817329308526443,0.0,0.0,0.0,0.013825353458531796
2024-06-28 00:00:00+00:00,60427.84,47.42778016577464,47.44196990305,0.20612274527574992,0.0011933933333333334,-0.0004556449202016053,2.5377751446193818e-05,5.034156697500943e-06,-0.02120722269636537,-0.0028325415601350747,0.00013286595007915486,7.709923780199698e-05,-0.023763672616036298,0.0,0.0,0.0,-0.020721165868020072
2024-06-29 00:00:00+00:00,60986.68,44.719939050277,44.731839726896,0.2166387367546159,0.0008333333333333334,-0.0008021059062531632,3.360473555590494e-05,0.0,0.0084123445592374,-0.004305366174427872,0.00018037604590000634,0.0,0.004762312980718589,0.0,0.0,0.0,0.009248055201046467
2024-06-30 00:00:00+00:00,62772.01,47.34164298126575,47.352042858551,-0.03188219802528041,0.0,0.000931029190126021,0.0,6.2871261794390745e-06,0.030198839293046474,0.004124363954880572,0.0,0.0,0.03339846118398046,0.0,0.0,0.0,0.02927409722909989
2024-07-01 00:00:00+00:00,62899.99,46.36814094814717,46.372432110836,0.2828295551456464,0.0008573566666666667,-0.000319434628730922,4.147156159045225e-05,9.780337209055361e-06,0.001668120259124895,-0.0014062649213098838,0.0001678616799965672,2.760958061353558e-05,0.0004370706047353383,0.0,0.0,0.0,0.002038806786655325
2024-07-02 00:00:00+00:00,62135.47,43.974061538949776,43.992842985083,0.1793855415552114,0.0010247033333333334,-0.0006328235229520135,3.158891517947935e-05,6.02266752615698e-06,-0.012824968039605601,-0.0026935574872446687,9.455264842376175e-05,5.300508616474184e-05,-0.014995648155781123,0.0,0.0,0.0,-0.012154532933947951
2024-07-03 00:00:00+00:00,60208.58,46.874531966789554,46.927113888454,0.4340403059173723,0.0010000166666666668,0.0007144709178570007,2.937244655248257e-05,0.00021990065529057205,-0.030545913872688162,0.003876129084246849,0.00017261304126723454,0.0,-0.027307595645722497,0.0,0.0,0.0,-0.03101111168870211
2024-07-04 00:00:00+00:00,57050.01,49.6386568772888,49.608347618366,-0.05191824357875483,-0.00020437333333333334,0.0013071688321707423,-1.8039132563304058e-05,2.4623957552754554e-05,-0.051159879268982994,0.0051878257887148045,-6.210040245241843e-05,3.4646894426212565e-05,-0.047245183979423275,0.0,0.0,0.0,-0.052460463276164285
2024-07-05 00:00:00+00:00,56628.79,51.8681695385913,51.797868208463,0.05027074237025816,3.7333333333333333e-06,-0.0002640334443960213,1.996297456169936e-05,0.00011497429890597678,-0.0077823173640781534,0.006199567527296549,4.661753631098199e-05,0.0001753173331006047,-0.001405713988329494,0.0,0.0,0.0,-0.007383346646214456
2024-07-06 00:00:00+00:00,58230.13,51.330919139692334,51.291159667723,0.10294440692797042,0.0005120933333333334,-0.0008531662203693443,0.00013018768206343823,0.0,0.027294488516591116,-0.001992313677225141,0.0003040142628583443,0.0,0.025981514478940416,0.0,0.0,0.0,0.0282778424190239
2024-07-07 00:00:00+00:00,55857.81,53.98828351546329,53.913001428824,0.10269818457740165,0.0003567433333333333,0.00429310416982097,0.00013091792573789209,0.0,-0.036578234565556186,0.010025256451883227,0.0003057195278179576,0.0,-0.031020883885573995,0.0,0.0,0.0,-0.040740420809639265
2024-07-08 00:00:00+00:00,56714.62,53.57343899717406,53.511060236559,0.11841811339680075,0.0006442966666666667,-0.0008889960621271602,0.00018646923804959987,8.808119067529188e-05,0.014175579765619603,-0.0016021950509023481,0.00037034591874981874,0.0,0.013366585286819489,0.0,0.0,0.0,0.015339126256471654
2024-07-09 00:00:00+00:00,58050.0,52.43791751043596,52.36799995024,0.11917863731382912,0.0005601,-0.002621528206272512,0.00023952350399659538,0.0,0.020684552580123694,-0.004487566357748956,0.00041001947484425963,0.0,0.018648018457799585,0.0,0.0,0.0,0.0235456042903928
2024-07-10 00:00:00+00:00,57725.85,51.04976083544198,50.988716102267,0.12368861327565321,0.0006479233333333334,-0.0030905220863087384,0.00021980627676153016,0.0,-0.008894307691235668,-0.005290396231181164,0.0003762672667251712,0.0,-0.011250642826071734,0.0,0.0,0.0,-0.0055839793281654
2024-07-11 00:00:00+00:00,57339.89,50.94776782731135,50.89900858793,0.11753848607291063,0.0005583366666666666,-0.00020213378665344696,0.00018814408641389116,0.0,-0.00707636391597531,-0.00034601526643124753,0.00032206751412409686,0.0,-0.007354168823463316,0.0,0.0,0.0,-0.006686086042907971
2024-07-12 00:00:00+00:00,57889.1,47.923433827443276,47.853769300019,-0.0006987519007285031,0.0006584633333333333,-0.00690788332918563,-6.365549668170241e-05,0.0,0.002733920991988047,-0.01182500526110526,-0.0001089663138894007,0.0,-0.002137890122723885,0.0,0.0,0.0,0.009578148824491975
2024-07-13 00:00:00+00:00,59204.02,50.83399402848661,50.747691109315,0.14935779690594306,-5.604666666666674e-05,0.0065023511664825786,0.00030138534434940613,0.0,0.02891543193060607,0.011130809987532754,0.0005159153843109122,0.0,0.03332936071169474,0.0,0.0,0.0,0.022714466108472896
2024-07-14 00:00:00+00:00,60797.91,50.969636728884694,50.898890118651,-0.003561205327270653,0.0010073533333333333,0.0003321835899156269,-4.6078816750638836e-05,0.0,0.027300251825628136,0.0005686362249068557,-7.887832271279054e-05,0.0,0.027569503966581515,0.0,0.0,0.0,0.02692198941896187
2024-07-15 00:00:00+00:00,64724.14,56.62432012133707,56.556223458556,0.12847548045450616,-0.00026882333333333333,0.012103292917014417,0.0002937914860364786,0.0,0.07638787262827725,0.02071857551729469,0.0005029161180779313,0.0,0.08479403059651607,0.0,0.0,0.0,0.06457837119729931
2024-07-16 00:00:00+00:00,65043.99,58.45672739560344,58.387249705738,0.16975718598110415,0.0008728466666666667,0.003679668596921855,0.00029509454359443,0.0,0.00832631603707566,0.004373734752648014,0.00036537603933817545,2.0825751357070343e-05,0.008929274945701003,0.0,0.0,0.0,0.004941741983748236
2024-07-17 00:00:00+00:00,64087.99,60.63636948132629,60.597194917481,0.15131514992002804,0.0011984333333333334,0.004386637904673659,0.00026979095318199856,3.4036358113236836e-05,-0.010614934732515636,0.0065309790430012156,0.0003634346109732723,2.426283580578031e-05,-0.008554463729671898,0.0,0.0,0.0,-0.01469774532589406
2024-07-18 00:00:00+00:00,63987.92,59.35904577728911,59.319836049805,0.056914719257346084,0.00011928333333333334,-0.0014321328074303533,1.2794045349037916e-05,0.0,-0.0030063738571245065,-0.002403726655887262,2.1473837958710733e-05,0.0,-0.0039866474981910885,0.0,0.0,0.0,-0.0015614470043451153
2024-07-19 00:00:00+00:00,66660.0,62.39317142056484,62.326632331157,0.07032911821884189,5.104333333333333e-05,0.0024420734620317712,2.4758478899375284e-05,1.560646401965828e-05,0.044160840555284596,0.004419442677642289,3.9001625642441176e-05,1.8540148857533642e-05,0.04612103293931417,0.0,0.0,0.0,0.041759132036171855
2024-07-20 00:00:00+00:00,67139.96,64.16332011532401,64.107416426157,0.124676873937084,0.0004644666666666667,0.0009298979683550123,7.908650750409228e-05,3.863085478446513e-06,0.00804706838737377,0.00177728971195918,0.00013617943042869835,6.3212145826599965e-06,0.008834909078949117,0.0,0.0,0.0,0.007200120012001296
2024-07-21 00:00:00+00:00,68165.34,67.36501618958314,67.310785284289,0.4414747940387496,0.0020181033333333334,0.0012945415890144043,0.0001603800983540489,9.187555559741344e-05,0.016314561938801847,0.0024105132017960464,0.0002420246177347642,0.00014630727425740558,0.01729445731354278,0.0,0.0,0.0,0.015272276003738906
2024-07-22 00:00:00+00:00,67532.01,69.23324445264282,69.139309239024,0.08483700271047893,0.0002551333333333333,0.0,0.0,0.0,-0.009291085469536303,0.00010145655985887957,1.690162249276677e-05,3.6837558095549572e-06,-0.009210214287979746,0.0,0.0,0.0,-0.009291085469536303
2024-07-23 00:00:00+00:00,65936.01,65.95204694458694,65.883101294645,0.09871796511636231,0.0007978733333333333,0.0,0.0,0.0,-0.02363323703825786,-0.0005143900600603623,2.3536663119028817e-05,2.57386587640468e-06,-0.024173737627313657,0.0,0.0,0.0,-0.02363323703825786
2024-07-24 00:00:00+00:00,65376.0,63.4328532793594,63.382314506206,5.480338821912092,0.00045633,0.0,0.0,0.0,-0.008493234576978419,-0.00028124630221506295,2.208641398910891e-05,7.836399649526215e-07,-0.008797350933147544,0.0,0.0,0.0,-0.008493234576978419
2024-07-25 00:00:00+00:00,65799.95,64.00164132707414,63.959309778117,0.06574560849142291,0.0009169233333333333,0.0,0.0,0.0,0.006484795643661238,0.0004899747689444174,1.9743525855968105e-05,0.00014198223543012868,0.006813044651319558,0.0,0.0,0.0,0.006484795643661238
2024-07-26 00:00:00+00:00,67907.99,61.755025711552804,61.689991751588,0.080817617005523,0.00016479666666666668,0.0,0.0,0.0,0.03203710641117521,-0.0014667422187287487,5.71799732312667e-05,2.7801400266379335e-06,0.030510404079188556,0.0,0.0,0.0,0.03203710641117521
2024-07-27 00:00:00+00:00,67896.5,56.74597387529333,56.681611824312,0.1114197042383409,0.0008212966666666666,0.0,0.0,0.0,-0.000169199530129006,-0.0011698295938757555,3.0076047366012742e-05,1.0232285937399919e-05,-0.001379337457308174,0.0,0.0,0.0,-0.000169199530129006
2024-07-28 00:00:00+00:00,68249.88,54.24809599731154,54.182824296999,0.11184434888349738,0.0006207166666666666,0.0,0.0,0.0,0.0052046865449618855,-1.6307223770229856e-05,9.039841933702729e-08,1.6824959499946416e-06,0.005186606426822324,0.0,0.0,0.0,0.0052046865449618855
2024-07-29 00:00:00+00:00,66784.69,53.330749994644,53.292891773402,0.10058380150791528,0.0005832433333333334,0.0,0.0,0.0,-0.02146802309396005,0.0,0.0,0.0,-0.02146802309396005,0.0,0.0,0.0,-0.02146802309396005
2024-07-30 00:00:00+00:00,66188.0,52.51820001849864,52.471038207865,0.08310953150598942,0.0003371166666666667,0.0,0.0,0.0,-0.008934532749946168,0.0,0.0,0.0,-0.008934532749946168,0.0,0.0,0.0,-0.008934532749946168
2024-07-31 00:00:00+00:00,64628.0,50.63091463230494,50.599268658875,0.07483052665632982,0.0003098,0.0,0.0,0.0,-0.023569227050220583,0.0,0.0,0.0,-0.023569227050220583,0.0,0.0,0.0,-0.023569227050220583
2024-08-01 00:00:00+00:00,65354.02,52.152509842454954,52.139887658263,0.0442235569440635,8.930666666666667e-05,0.0,0.0,0.0,0.011233830537847322,0.0,0.0,0.0,0.011233830537847322,0.0,0.0,0.0,0.011233830537847322
2024-08-02 00:00:00+00:00,61498.33,53.72233543253571,53.730545410749,0.10497768860796482,0.0,0.0,0.0,0.0,-0.05899698289408969,9.054550082686397e-05,1.0457471616942488e-05,5.131446295427181e-05,-0.05896820932783404,0.0,0.0,0.0,-0.05899698289408969
2024-08-03 00:00:00+00:00,60697.99,53.44380006882648,53.408047262466,0.31637472233479424,0.00218977,0.0,0.0,0.0,-0.013014011925201933,6.450704169088231e-05,4.8061535132750124e-05,3.232202823540152e-05,-0.013029888446879202,0.0,0.0,0.0,-0.013014011925201933
2024-08-04 00:00:00+00:00,58161.0,58.57512151951251,58.5564004566,-0.08041022794261787,1.8026666666666665e-05,0.0004377749830768426,-3.6576292702733e-05,-6.180973108142056e-05,-0.04126077493780534,0.002127146975881153,-9.762134204950311e-05,-0.00025047452324332626,-0.03932169310349236,0.0,0.0,0.0,-0.04179693594466634
2024-08-05 00:00:00+00:00,54018.81,66.19538458954956,66.090371212524,-0.7567320043595233,-0.0017862066666666668,0.024448870650715677,-0.0005897494086324738,0.0013550768204104921,-0.04753583056825277,0.07096187547276817,-0.0005905517631955887,0.004181235223704576,-0.0038481817949312536,0.0,0.0,0.0,-0.07121937380719043
2024-08-06 00:00:00+00:00,56022.01,64.85984746211221,64.767429506044,-0.5012155933789428,-0.002284923333333333,-0.0020686936650150508,-0.0006881180872919822,0.0,0.035702803341583086,-0.002071508124474468,-0.0006890542725245895,0.0,0.035700925067356275,0.0,0.0,0.0,0.03708337891930615
2024-08-07 00:00:00+00:00,55134.16,64.12511998170469,64.077176155988,-0.5744923963411722,-0.0008333333333333334,3.8719561404227624e-05,-0.00023643089144879118,-0.00015268785738754487,-0.015420397052967548,4.6088468707981156e-05,-0.0002367539269043038,0.0001050241157634674,-0.015670417083359294,0.0,0.0,0.0,-0.01584823536320811
2024-08-08 00:00:00+00:00,61685.99,59.33447733216211,59.297442893751,0.15205823907056584,-0.0008333333333333334,-0.00976787493520664,2.544307447687284e-05,0.0,0.10904099451090253,-0.00978538752237716,2.5488690750895305e-05,0.0,0.10902343630745799,0.0,0.0,0.0,0.11883431252058604
2024-08-09 00:00:00+00:00,60837.99,57.620800132879026,57.565768720118,0.28849002459350576,0.0016186866666666668,-0.0031629828151035467,0.0006189357409796155,0.0,-0.017528962252715087,-0.003168653650636945,0.0006200454159282358,0.0,-0.017535742763197106,0.0,0.0,0.0,-0.013747043696631926
2024-08-10 00:00:00+00:00,60923.51,58.86568872274906,58.815135818638,0.29773424562269873,0.0021337,0.002313835070127933,0.000573907201100751,0.0,0.003145628484711627,0.0023179834891681656,0.0005749361454672313,0.0,0.003148747959385379,0.0,0.0,0.0,0.0014057006156844446
2024-08-11 00:00:00+00:00,58712.59,59.85658376034889,59.808499096309,0.09066177143998387,0.00035655666666666665,0.0018371320601667425,0.00012031168998761488,0.0,-0.034573275193914364,0.001840425809888237,0.00012052739391221638,0.0,-0.03457019714811747,0.0,0.0,0.0,-0.03629009556409349
2024-08-12 00:00:00+00:00,59346.64,60.016499640128394,59.959699305605,0.09080741726566882,0.0003873766666666666,0.00029016053611718995,0.0001346551824796639,0.0,0.010954722352921716,0.00029068075793779117,0.00013489660250569615,0.0,0.010955001154716286,0.0,0.0,0.0,0.01079921699928419
2024-08-13 00:00:00+00:00,60587.15,59.449139586534315,59.3965858618,2.9397453393397703,0.0009632533333333333,-0.0010690966081219676,0.00031696650227256345,0.0,0.0195167209393849,-0.0010710133656222057,0.0003175347838627767,0.0,0.019514235900294448,0.0,0.0,0.0,0.02090278404977943
2024-08-14 00:00:00+00:00,58683.39,58.161264718102515,58.11648248895,0.09637675504518643,0.00046596333333333333,-0.0023805741289078413,0.00019699575117262084,0.0,-0.033999414281079714,-0.0023848422027954496,0.00019734894009933388,0.0,-0.034004035543894036,0.0,0.0,0.0,-0.03142184440099925
2024-08-15 00:00:00+00:00,57541.06,58.79765970994987,58.754001455426,0.07322178411571904,0.0003416666666666667,0.0012240385825408502,0.0001990201324292186,0.0,-0.018440966728999558,0.0012262331317666561,0.00019937695082021713,0.0,-0.01843912899816475,0.0,0.0,0.0,-0.01946598517911119
2024-08-16 00:00:00+00:00,58874.6,55.531052348498214,55.458561889997,0.3435260006826237,0.0006666033333333333,-0.006452866571767994,0.00033254619662971666,0.0,0.016390037944536685,-0.00646443576046947,0.00033314241067784213,0.0,0.016377872541787082,0.0,0.0,0.0,0.023175450712934396
2024-08-17 00:00:00+00:00,59491.99,56.0063505580054,55.953870696494,0.42475905452061397,0.0021507733333333335,0.0009479059990387649,0.0004740288132150394,0.0,0.01096040278429912,0.0009496054768215723,0.0004748786880309879,0.0,0.01096125238726598,0.0,0.0,0.0,0.010486525598475394
2024-08-18 00:00:00+00:00,58427.35,57.8073410662916,57.744848415327,0.10627550457171415,0.0004807533333333333,0.0033919455985337277,0.00015756318041488347,0.0,-0.014661135953345944,0.0033980269359142755,0.0001578456716374046,0.0,-0.014655337107187917,0.0,0.0,0.0,-0.01789551837146479
2024-08-19 00:00:00+00:00,59438.5,55.99954468548325,55.936628124527,0.11274803166607394,0.0005702033333333333,-0.0034870031588361554,0.0001895047424696345,0.0,0.013629599598007486,-0.0034932549226218378,0.00018984450094768014,0.0,0.013623008075743757,0.0,0.0,0.0,0.017306107499313276
2024-08-20 00:00:00+00:00,59013.8,56.44092998070347,56.360931667575,0.122284448792175,0.0006161233333333334,0.000804314705105059,0.00022192475647900907,0.0,-0.006562810552732448,0.0008057567415233297,0.00022232264001753873,0.0,-0.006561766399852707,0.0,0.0,0.0,-0.007145200501358498
2024-08-21 00:00:00+00:00,61156.03,57.174338533898215,57.001179724535,0.10301514593548955,0.0013345366666666668,0.0012223958877174885,0.0003836429847683804,0.0,0.03713924533014403,0.001224587491795401,0.00038433080901446073,0.0,0.03714074910997586,0.0,0.0,0.0,0.03630049242719492
2024-08-22 00:00:00+00:00,60375.84,56.88109773847192,56.64240688069,0.9083953665571775,0.0017750300000000001,-0.0006609939274687487,0.0007882534367475452,0.0,-0.014206615689138665,-0.0006621790075246219,0.0007896666773055041,0.0,-0.014209214009752499,0.0,0.0,0.0,-0.012757368324922372
2024-08-23 00:00:00+00:00,64037.24,58.40723927327864,57.742185074409,2.6236703003649073,0.0025,0.002052386313194662,0.0007867323249853621,0.0,0.061909116671295804,0.0020560659870700764,0.0007881428383787629,0.0,0.06191138583177782,0.0,0.0,0.0,0.060643462683086506
2024-08-24 00:00:00+00:00,64157.01,57.73636910489647,57.499825032972,0.842684764236037,0.0025,-0.0004264278925734924,0.0007532314280372821,0.0,0.0006906586381270486,-0.00042719242484793,0.0007545818784812712,0.0,0.0006885436554086219,0.0,0.0,0.0,0.001870317958737823
2024-08-25 00:00:00+00:00,64220.0,56.53391198012546,56.198011937148,2.3109604231492025,0.0025,-0.002286239437179023,0.0007456587952293888,0.0,-0.0020500881387023927,-0.0022903383806751115,0.0007469956688828231,0.0,-0.002055523955851916,0.0,0.0,0.0,0.0009818100937060185
2024-08-26 00:00:00+00:00,62834.0,53.67684383754438,53.618224256866,2.8777017956218134,0.0025,-0.0045261699278389645,0.0007052445475556132,0.0,-0.0268134761384279,-0.004534284788638848,0.000706508963480011,0.0,-0.026822855415152183,0.0,0.0,0.0,-0.021582061663033322
2024-08-27 00:00:00+00:00,59415.0,54.95473193394804,54.896433908336,0.2676083948153673,0.0021179466666666666,0.002292052581009757,0.00047249133893204846,0.0,-0.05259365453282123,0.002296161946751089,0.0004733384572474703,0.0,-0.05259039228539532,0.0,0.0,0.0,-0.05441321577489894
2024-08-28 00:00:00+00:00,59034.9,55.46669155266248,55.410353667076,-0.21549949062987772,-0.0009383733333333333,0.0009745775558225874,-0.00041326581480510165,0.0,-0.005009531029776225,0.0009763248523956896,-0.00041400674910804656,0.0,-0.0050070427989001775,0.0,0.0,0.0,-0.006397374400403914
2024-08-29 00:00:00+00:00,59359.01,55.72096199117055,55.615448914438,0.0476269710502347,0.0008333333333333334,0.00039143887656363627,0.00011193192152714452,0.0,0.005769649226811333,0.00039214067787592013,0.00011213260156716457,0.0,0.005770150348083597,0.0,0.0,0.0,0.005490142271774841
2024-08-30 00:00:00+00:00,59123.99,54.788559761728926,54.716958065797,0.11935492540826793,0.0012049833333333333,-0.0017054704562889612,0.0002640269755096084,0.0,-0.0059287952704923765,-0.0017085281530992322,0.00026450034310027186,0.0,-0.005932326334893311,0.0,0.0,0.0,-0.003959297838693807
2024-08-31 00:00:00+00:00,58973.99,52.84624409965537,52.780086836777,-0.17076846635866771,-0.0025,-0.0036910863455235886,-0.0003680242502474212,0.0,-0.0058601033199973,-0.003697704005128024,-0.000368684072041422,0.0,-0.005866061157807734,0.0,0.0,0.0,-0.0025370412247211326
2024-09-01 00:00:00+00:00,57301.86,56.649868155584784,56.574695349782,0.41946965788951185,0.0021182133333333335,0.007249760447185197,0.0007921088823199968,0.0,-0.021896034526240345,0.007262758367678537,0.0007935290352132504,0.0,-0.021884456758640255,0.0,0.0,0.0,-0.028353686091105543
2024-09-02 00:00:00+00:00,59132.13,55.5089021660589,55.337245283854,0.09273451856386615,0.0015690200000000002,-0.0024331907426444134,0.0002704821116651964,0.0,0.029237175139106255,-0.002437553151588602,0.0002709670525136434,0.0,0.02923232778931362,0.0,0.0,0.0,0.031940847993415865
2024-09-03 00:00:00+00:00,57487.73,57.618488953499366,57.537722779132,0.11804533530347788,0.0010547233333333334,0.0041928623013199745,0.00031887756450033327,0.0,-0.023934923888660184,0.004200379582922464,0.0003194492723878808,0.0,-0.023927978314945243,0.0,0.0,0.0,-0.027808908625479824
2024-09-04 00:00:00+00:00,57970.9,57.98973490111131,57.927120001475,0.18912742083177328,0.0007802466666666667,0.0007631938828091785,0.00045763483635936187,0.0,0.008710309068758894,0.0007645621946978288,0.00045845531880996365,0.0,0.008710856898196942,0.0,0.0,0.0,0.008404750022309077
2024-09-05 00:00:00+00:00,56180.0,59.63284738975055,59.582006144127,-0.34997459217528903,3.8506666666666675e-05,0.0032164386201533907,-0.00046824218254095404,0.0,-0.027208405211150557,0.004423192174568004,-0.000648174689360165,0.0003826958060649496,-0.02620441495598168,0.0,0.0,0.0,-0.0308930860138449
2024-09-06 00:00:00+00:00,53962.97,63.28537167590088,63.207137971738,8.017395750367953,0.0,0.007270415998123745,0.0006312340933206335,0.0,-0.03282379424329228,0.01006423557469827,0.000873799878796399,0.0,-0.030272540452193516,0.0,0.0,0.0,-0.03946297614809539
2024-09-07 00:00:00+00:00,54160.86,62.39480975916065,62.332442451603,3.9197502120679757,0.0025,-0.0018263257800842686,0.0009652754039040805,0.0,0.0008755431559173197,-0.0025281322130200103,0.0013362040166422044,0.0,-0.00019719188975654556,0.0,0.0,0.0,0.003667144339905669
2024-09-08 00:00:00+00:00,54869.95,62.433946960923556,62.325927191897,-0.7530783094520909,-0.0008333333333333334,-1.3553871744426886e-05,-0.0009628283463113682,0.0,0.014041570276369137,-1.87622493981578e-05,-0.0013328166225667808,0.0,0.01440635017497082,0.0,0.0,0.0,0.013092295801802196
2024-09-09 00:00:00+00:00,57042.0,61.145286921328136,61.090448302815,-0.7217768687499664,-0.0025,-0.0025369853306422513,-0.0009383313874837702,0.0,0.03798676576289197,-0.003511878553266633,-0.0012989061606938626,0.0,0.03737244731347768,0.0,0.0,0.0,0.03958541970605045
2024-09-10 00:00:00+00:00,57635.99,59.716393251211166,59.634513417069,-0.3492313258169335,-0.0025,-0.002875837878363762,-0.0005514119296946456,0.0,0.00808877835693023,-0.0039809427534769175,-0.0007633042676757463,0.0,0.007195565819798176,0.0,0.0,0.0,0.010413204305599347
2024-09-11 00:00:00+00:00,57338.0,57.20198383442197,57.141626876806,0.09756318824860218,0.00038958333333333336,-0.004873331415478271,0.00016193729056927133,0.0,-0.010205475724266506,-0.0067460177535382205,0.00022416530787758258,0.0,-0.012140390079634767,0.0,0.0,0.0,-0.005170207018218963
2024-09-12 00:00:00+00:00,58132.32,56.64629203409187,56.573389475178,0.13860896675187231,0.00064918,-0.001116617595360763,0.0002881439351171136,0.0,0.012448529480718881,-0.0015457028221581768,0.0003988696717199657,0.0,0.011908718517318615,0.0,0.0,0.0,0.013853291011196757
2024-09-13 00:00:00+00:00,60498.0,55.10154774472097,55.036332430393,0.6689323153690263,0.0020885233333333333,-0.0029791304590600825,0.0008145986395379949,0.0,0.0369010169566084,-0.004123927813137132,0.0011276263434244775,0.0,0.035443191898644866,0.0,0.0,0.0,0.040694746055206475
2024-09-14 00:00:00+00:00,59993.03,54.86764726305536,54.795875431947,0.11519931543099114,0.0012072466666666667,-0.00044783042502070984,0.00018574390498467649,0.0,-0.008980461830418642,-0.0006199192585525782,0.00025712014509384054,0.0,-0.009223926904059675,0.0,0.0,0.0,-0.008346887500413257
2024-09-15 00:00:00+00:00,59132.0,55.85746132827808,55.786111399072,0.11610543707406758,0.00063593,0.0018597522435692187,0.00019202224693065398,0.0,-0.012684437246789528,0.002574403540964436,0.00026581108002509253,0.0,-0.012043574782488749,0.0,0.0,0.0,-0.014352167243428093
2024-09-16 00:00:00+00:00,58213.99,55.757682817000386,55.703271961591,0.11198835230937833,0.0006241466666666667,-0.00015784533985308233,0.00019638797182496966,0.0,-0.015878991479844222,-0.00021850093379246701,0.00027185443212517275,0.0,-0.016015113534083813,0.0,0.0,0.0,-0.015524758168166172
2024-09-17 00:00:00+00:00,60313.99,55.92222267262477,55.867031840593,0.11500203938072616,0.0005713933333333334,0.00031695480017818206,0.00019546814760883744,0.0,0.036195289530537335,0.0004387517545554275,0.00027058114492938424,0.0,0.03624197348759404,0.0,0.0,0.0,0.03607380287796799
2024-09-18 00:00:00+00:00,61759.99,54.45343441558125,54.407473623605,1.6437198164707227,0.0012492900000000001,-0.0027265944990915655,0.0005805090420247235,0.0,0.020667433709694014,-0.003774349275559416,0.0008035825946805469,0.0,0.01939660538057034,0.0,0.0,0.0,0.023974537250810304
2024-09-19 00:00:00+00:00,62947.99,54.75776281026996,54.710022603183,0.10227560008895265,0.00116704,0.0005519575358038074,0.0001404493304802753,0.0,0.019647262615257864,0.0007640595351068001,0.00019442011965022668,0.0,0.019805393825390902,0.0,0.0,0.0,0.01923575440993433
2024-09-20 00:00:00+00:00,63201.05,52.2920038377371,52.27694248504,0.16849806946701273,0.0003381233333333334,-0.004355035849436643,0.00029189352035037227,0.0,-0.0006267851205424401,-0.0060285555511951,0.0004040601187459219,0.0,-0.0024124714206964475,0.0,0.0,0.0,0.004020144249244574
2024-09-21 00:00:00+00:00,63348.96,53.39878964385195,53.364842546622,0.1630967581943428,0.0018764766666666667,0.0019394647889220407,0.0003039696640154315,0.0,0.0039758043444527436,0.002684747410544479,0.00042077679007675373,0.0,0.00460427984001386,0.0,0.0,0.0,0.0023403092195461344
2024-09-22 00:00:00+00:00,63578.76,53.555264063969034,53.513152096923,0.09444979703173036,0.00034909666666666666,0.00026378301032662483,0.00011946796839085986,0.0,0.0037718410502554423,0.0003651475179983277,0.0001653762010078252,0.0,0.0038272973253101797,0.0,0.0,0.0,0.0036275260083196773
2024-09-23 00:00:00+00:00,63339.99,52.789783726718476,52.732886132459,0.10054653426055012,0.0003659333333333333,-0.0013827631629684707,0.0001319632446238546,0.0,-0.00527022588571999,-0.0019141207627900467,0.00018267306594818631,0.0,-0.005852293306865898,0.0,0.0,0.0,-0.003755499478127665
2024-09-24 00:00:00+00:00,64262.7,54.084714853941115,54.02447818127,0.12950134682474246,0.0007314600000000001,0.002297547844160851,0.0002283236042299047,0.0,0.016636798374375854,0.0031804318698878107,0.00031606204388125094,0.0,0.017431943960451467,0.0,0.0,0.0,0.014567574134444908
2024-09-25 00:00:00+00:00,63152.01,52.21824292749066,52.178798812116,0.4495297771226446,0.0012285333333333333,-0.0032360444680347234,0.000496634815182893,0.0,-0.02101626680755125,-0.004479566762741694,0.0006874778246371674,0.0,-0.0224506321117125,0.0,0.0,0.0,-0.017283587524333635
2024-09-26 00:00:00+00:00,65173.99,55.091165275554744,55.026917684139,0.13942228349108376,0.0015081800000000002,0.005081455483653453,0.0002428722761805953,0.0,0.036856249786889665,0.007034118138910963,0.00033620136766252315,0.0,0.038715583350665245,0.0,0.0,0.0,0.032017666579416806
2024-09-27 00:00:00+00:00,65769.95,54.58274293831965,54.518902122444,0.11113273424192827,0.0005640833333333333,-0.0008782535175412699,0.00016459970909497143,0.0,0.00810128540903727,-0.0012157420286712315,0.0002278508201299767,0.0,0.007700545786872303,0.0,0.0,0.0,0.009144138635673512
2024-09-28 00:00:00+00:00,65858.0,54.937318462826944,54.878532154725,0.1176479666839425,0.00063714,0.0006160920885267084,0.00018065719952526084,0.0,0.0017741921786147575,0.000852839220787476,0.00025007875955883487,0.0,0.0019415177508419511,0.0,0.0,0.0,0.00133875728961331
2024-09-29 00:00:00+00:00,65602.01,56.36897659657598,56.308141214501,0.10654467333639299,0.0005549033333333333,0.002445828186076954,0.00015443808998929706,0.0,-0.0015956092054399515,0.0033856922418562907,0.00021378437214044567,0.0,-0.0007150914318117632,0.0,0.0,0.0,-0.0038869993015276084
2024-09-30 00:00:00+00:00,63327.59,56.6301729630217,56.577499125478,0.09631113823423455,0.0004950533333333333,0.00046262572714887414,0.0001231439672806566,0.0,-0.03433049252902931,0.0006403999856602302,0.00017046478449586646,0.0,-0.03420003908773317,0.0,0.0,0.0,-0.03466997428889753
2024-10-01 00:00:00+00:00,60805.78,58.819223001225716,58.765490536416,-0.28784845558892413,-0.00148402,0.00389286948595389,-0.00046042874180779827,0.0,-0.03546836559996328,0.005388791449939764,-0.0006373587596791513,0.0,-0.03379551361810606,0.0,0.0,0.0,-0.03982166382772497
2024-10-02 00:00:00+00:00,60649.28,58.07292220955965,58.024480327648,0.0920056621920247,0.00033811333333333334,-0.0013730821423281955,0.00012053366309414069,0.0,-0.004067384285984546,-0.0019007195939501368,0.00016685141268034772,0.0,-0.004641339487192695,0.0,0.0,0.0,-0.00257376848056221
2024-10-03 00:00:00+00:00,60752.71,59.28182995093273,59.224400163894,0.09202130175250585,0.00038981,0.0022291730038740075,0.0001296064792774051,0.0,0.003804945384823802,0.0030857824715305854,0.0001794106609293987,0.0,0.004611750670828386,0.0,0.0,0.0,0.0017053788602271996
2024-10-04 00:00:00+00:00,62086.0,57.90116963033321,57.846094835694,0.09803059068211606,0.0004198766666666667,-0.002556212600548746,0.00013538829929213352,0.0,0.019254580595601888,-0.003538494330664681,0.00018741427429811775,0.0,0.01822027289047997,0.0,0.0,0.0,0.02194618149544277
2024-10-05 00:00:00+00:00,62058.0,57.54022604540053,57.559450322638,0.0608896267048181,0.00027593999999999996,-0.0005201961623706181,4.3436304496599534e-05,0.0,-0.0010146198070083124,-0.0007200931452207102,6.012767372058468e-05,0.0,-0.0012312081590823895,0.0,0.0,0.0,-0.0004509873401410946
2024-10-06 00:00:00+00:00,62819.91,59.88377110363685,59.861775753417,0.024028532540233336,0.0,0.004180094760683089,0.0,0.0,0.016457480432151773,0.004095268764503742,0.0,5.8719438103433595e-05,0.01631393499786899,0.0,0.0,0.0,0.012277385671468683
2024-10-07 00:00:00+00:00,62224.0,58.564446674040404,58.555222904817,0.04157288747610131,0.0,-0.0023434023595283286,0.0,0.0,-0.011829407672175283,-0.002431414987989385,0.0,0.0,-0.011917420300636338,0.0,0.0,0.0,-0.009486005312646954
2024-10-08 00:00:00+00:00,62160.49,57.63889291391446,57.636706899375,0.01714094849211839,0.0,-0.0019342853338867024,0.0,3.834022247162098e-05,-0.0029932928230078804,-0.0017256718742545165,0.0,0.0,-0.0027463391409040736,0.0,0.0,0.0,-0.001020667266649557
2024-10-09 00:00:00+00:00,60636.02,58.74269369488576,58.757789579294,-0.0024340337682356625,0.0,0.0015240225498253646,0.0,0.0,-0.02300071977443883,0.002108398176649743,0.0,0.0,-0.02241634414761445,0.0,0.0,0.0,-0.024524742324264194
2024-10-10 00:00:00+00:00,60326.39,57.635013900762225,57.656338996517,-0.028392600229185105,0.0,-0.001534979249051691,0.0,0.0,-0.006641350016790032,-0.0021235561444065414,0.0,0.0,-0.0072299269121448816,0.0,0.0,0.0,-0.005106370767738341
2024-10-11 00:00:00+00:00,62540.0,59.30577463096775,59.284042873952,-0.004881516252143332,0.0,0.0022800073123499134,0.0,0.0,0.03897389865907231,0.003154259929196904,0.0,0.0,0.03984815127591931,0.0,0.0,0.0,0.0366938913467224
2024-10-12 00:00:00+00:00,63206.22,59.06547513175278,59.014156080881,0.06689914899334025,4.5459999999999995e-05,-0.00036466319705280445,4.175169614700577e-05,0.0,0.010246287377347058,-0.0005044907110104775,5.776108761544783e-05,0.0,0.010090450471920942,0.0,0.0,0.0,0.010652702270546868
2024-10-13 00:00:00+00:00,62870.02,59.20057654737807,59.159175687361,0.07868948149145234,0.00030445,0.00019388092501151778,5.6275820896320475e-05,0.0,-0.005181491655665792,0.00026822318923580915,7.785438488483371e-05,0.0,-0.005128727955430014,0.0,0.0,0.0,-0.00531909675978099
2024-10-14 00:00:00+00:00,66083.99,60.96185737714293,60.941801802594,0.027684284075066404,6.316666666666667e-05,0.002511582448961993,0.0,4.506951725825697e-05,0.053587381033861306,0.003314714165746139,0.0,0.0,0.05443558226790371,0.0,0.0,0.0,0.051120868102157574
2024-10-15 00:00:00+00:00,67074.14,61.18468676118106,61.159452283854,0.037920697256598725,0.0,9.515098680634471e-05,0.0,3.9955534622067014e-05,0.015038400915413634,-0.00052753848525141,0.0,3.5207360447614136e-05,0.014420459617530332,0.0,0.0,0.0,0.014983205463229355
2024-10-16 00:00:00+00:00,67620.01,60.183554674065654,60.170764035262,0.032196979651785466,1.934333333333333e-05,-0.0003824401585954226,2.0640215699872638e-06,1.2465114739583345e-05,0.007741338553693519,-0.0006981098904028292,4.546157673752808e-06,3.1394690305138976e-05,0.007404257110216791,0.0,0.0,0.0,0.008138307848598512
2024-10-17 00:00:00+00:00,67421.78,59.06472699249067,59.066618740771,0.011426890052678116,0.0,-0.0004824688717626316,0.0,8.720164961859622e-06,-0.00342271773658709,-0.0010522889233803463,0.0,1.914706903896122e-05,-0.004002964692281907,0.0,0.0,0.0,-0.002931528699862599
2024-10-18 00:00:00+00:00,68428.0,57.03546991273549,57.041816446959,-0.02527736102376013,-7.566333333333333e-05,-0.0005151440442568054,-3.169558549577972e-06,2.892380853150583e-05,0.014383359119315183,-0.0014222913171043476,-9.240536862034096e-06,1.6026012524930104e-05,0.013495180620786673,0.0,0.0,0.0,0.014924257413553917
2024-10-19 00:00:00+00:00,68378.0,56.84691835007091,56.849834262998,-0.004752042299092235,0.0,-6.077661664617781e-05,0.0,5.69776275524118e-06,-0.0007971694165207269,-9.73456314089197e-05,0.0,0.0,-0.0008280406685282276,0.0,0.0,0.0,-0.0007306950371193079
2024-10-20 00:00:00+00:00,69031.99,59.019178925384395,59.025377412724,-0.011388480112467514,0.0,0.00033623192000636594,0.0,6.530084941927718e-06,0.009894035392641512,0.0008209876257171081,0.0,1.0074924557540182e-05,0.010375246258736643,0.0,0.0,0.0,0.009564333557577074
2024-10-21 00:00:00+00:00,67377.5,57.74118114961949,57.728585934734,0.0013144911349305861,0.0,-0.00016305276137549142,0.0,9.65933270544373e-06,-0.024139716377167737,-2.999304782763347e-05,0.0,8.33205532642825e-05,-0.024080317884178717,0.0,0.0,0.0,-0.0239670042830868
2024-10-22 00:00:00+00:00,67426.0,57.9394335819952,57.959787897134,-0.01555499209736679,0.0,0.0,0.0,0.0,0.0007198248673518608,-0.00010684709273595619,6.747816297286222e-07,2.4243480313708137e-05,0.0005880595126724678,0.0,0.0,0.0,0.0007198248673518608
2024-10-23 00:00:00+00:00,66668.65,58.363278699438446,58.400704593648,-0.05414568016940252,4.41e-06,0.0,0.0,0.0,-0.011232313944175924,-5.5369367025768465e-05,-8.626262884041682e-06,3.3150693472357134e-05,-0.011312207741790007,0.0,0.0,0.0,-0.011232313944175924
2024-10-24 00:00:00+00:00,68198.28,59.10996279848707,59.136175392124,-0.056632816310294105,-0.00014791666666666667,0.0,0.0,0.0,0.02294376742291924,0.00025286262128630253,-1.2317953101636348e-05,2.7017642084864233e-05,0.023181930355222317,0.0,0.0,0.0,0.02294376742291924
2024-10-25 00:00:00+00:00,66698.33,59.970832372438544,60.03364662877,-0.055798790341586225,0.0,0.0,0.0,0.0,-0.021993956445822346,0.000489619021767893,-1.5009582214782004e-05,2.587577125765777e-05,-0.021515203613097326,0.0,0.0,0.0,-0.021993956445822346
2024-10-26 00:00:00+00:00,67092.76,57.60648234249882,57.651764459435,-0.071005821141229,-0.00019623666666666666,0.0,0.0,0.0,0.005913641316056834,-0.0018000324060315938,-2.0662700678443922e-05,2.673263367562381e-05,0.00410753897702806,0.0,0.0,0.0,0.005913641316056834
2024-10-27 00:00:00+00:00,68021.7,59.4232062006567,59.456427168191,-0.07745512692062888,-0.00028723333333333334,0.0,0.0,0.0,0.013845607186229967,0.0010167134714233375,-2.3649594070870608e-05,0.0,0.014885970251724175,0.0,0.0,0.0,0.013845607186229967
2024-10-28 00:00:00+00:00,69962.21,59.741804876763105,59.741333092942,-0.033959394583368135,-6.973999999999999e-05,0.0,0.0,0.0,0.028527808037729276,-7.811218266899416e-05,-1.5052438781426606e-06,2.801155262931633e-05,0.02842318954630911,0.0,0.0,0.0,0.028527808037729276
2024-10-29 00:00:00+00:00,72736.42,62.265604976135734,62.289980079338,-0.015039630164966645,0.0,0.0,0.0,0.0,0.03965297837218109,0.0005168321764867466,0.0,8.501438667480345e-06,0.040161309110000355,0.0,0.0,0.0,0.03965297837218109
2024-10-30 00:00:00+00:00,72344.74,61.1962430876265,61.173246583666,-0.1597724081192358,0.0,0.0,0.0,0.0,-0.005384922711345884,-0.00023530105134553073,-3.222291604516489e-05,0.0,-0.005588000846646251,0.0,0.0,0.0,-0.005384922711345884
2024-10-31 00:00:00+00:00,70292.01,60.71147812486154,60.752052770252,-0.28966331145686225,-0.0016666666666666668,0.0,0.0,0.0,-0.02837428125389642,-0.00027222803814041044,-2.8514245470566723e-05,5.3392764785961306e-05,-0.02867138781135222,0.0,0.0,0.0,-0.02837428125389642
2024-11-01 00:00:00+00:00,69496.01,62.00595671744367,62.006911050208,-0.031019947214627985,-8.951333333333333e-05,0.0,0.0,0.0,-0.011324188908526019,0.000501561777549816,-1.6689630960725393e-06,6.0735017791739545e-06,-0.010827031669659305,0.0,0.0,0.0,-0.011324188908526019
2024-11-02 00:00:00+00:00,69374.74,62.52569527075627,62.540051633793,-0.00916640679181647,0.0,0.0,0.0,0.0,-0.0017449922664623412,0.00026428833011514323,0.0,0.0,-0.001480703936347198,0.0,0.0,0.0,-0.0017449922664623412
2024-11-03 00:00:00+00:00,68775.99,64.75626417214666,64.749597970581,0.005539173639886273,0.0,0.0,0.0,0.0,-0.008630662976178361,0.0007390607615353842,0.0,1.543148561452538e-05,-0.007907033700257502,0.0,0.0,0.0,-0.008630662976178361
2024-11-04 00:00:00+00:00,67850.01,67.52378416567652,67.519329523455,-0.004937170586614854,0.0,0.0,0.0,0.0,-0.013463710227944526,0.001404873500841479,0.0,3.252879282598963e-05,-0.012091365519929037,0.0,0.0,0.0,-0.013463710227944526
2024-11-05 00:00:00+00:00,69372.01,66.44560567957542,66.404810587143,0.024471880623640776,0.0,0.0,0.0,0.0,0.022431831623901013,-0.0008375912306859236,0.0,0.0,0.02159424039321509,0.0,0.0,0.0,0.022431831623901013
2024-11-06 00:00:00+00:00,75571.99,58.11197124965333,58.084681804374,0.05660095960603138,2.6726666666666666e-05,0.0,0.0,0.0,0.08937293297397626,-0.004497586282362379,3.2933276540664217e-07,3.843174695390672e-05,0.08483658561189457,0.0,0.0,0.0,0.08937293297397626
2024-11-07 00:00:00+00:00,75857.89,55.686868838101425,55.668357526401,0.03853011410689932,1.0086666666666668e-05,0.0,0.0,0.0,0.003783147697976382,-1.981564860079101e-05,0.0,5.532650815424016e-06,0.003757799398560167,0.0,0.0,0.0,0.003783147697976382
2024-11-08 00:00:00+00:00,76509.78,51.591553263841504,51.576097433827,0.2683945515608962,0.0008333333333333334,0.0,0.0,0.0,0.008593568843003666,0.0,0.0,0.0,0.008593568843003666,0.0,0.0,0.0,0.008593568843003666
2024-11-09 00:00:00+00:00,76677.46,52.53156400085359,52.513838542053,0.8385035480036924,0.0025,0.0,0.0,0.0,0.002191615241868524,0.0,0.0,0.0,0.002191615241868524,0.0,0.0,0.0,0.002191615241868524
2024-11-10 00:00:00+00:00,80370.01,55.11008595983418,55.067304859663,0.04569254239731509,0.0009544466666666666,0.0,0.0,0.0,0.04815691599591312,0.0,0.0,0.0,0.04815691599591312,0.0,0.0,0.0,0.04815691599591312
2024-11-11 00:00:00+00:00,88647.99,63.37679347316338,63.350225699808,0.06303796984850317,4.378333333333333e-05,0.0,0.0,0.0,0.102998369665501,0.0,0.0,0.0,0.102998369665501,0.0,0.0,0.0,0.102998369665501
2024-11-12 00:00:00+00:00,87952.01,60.490840323472085,60.462946723944,0.0540809139470857,7.908e-05,0.0,0.0,0.0,-0.007851052234799802,0.0,0.0,0.0,-0.007851052234799802,0.0,0.0,0.0,-0.007851052234799802
2024-11-13 00:00:00+00:00,90375.2,61.39516785933158,61.34029938422,0.06274690904215496,0.00012914333333333334,0.0,0.0,0.0,0.027551274837266396,0.0,0.0,0.0,0.027551274837266396,0.0,0.0,0.0,0.027551274837266396
2024-11-14 00:00:00+00:00,87325.59,62.18652441820891,62.182535691267,0.015601407038530237,0.0,0.0,0.0,0.0,-0.033743881064716874,0.0,0.0,0.0,-0.033743881064716874,0.0,0.0,0.0,-0.033743881064716874
2024-11-15 00:00:00+00:00,91032.07,59.02422141562765,59.03345293086,0.020687487026101528,0.0,0.0,0.0,0.0,0.042444373980181645,0.0,0.0,0.0,0.042444373980181645,0.0,0.0,0.0,0.042444373980181645
2024-11-16 00:00:00+00:00,90586.92,59.060396175492414,59.047132886792,0.009858217614692097,0.0,0.0,0.0,0.0,-0.004890034907478307,0.0,0.0,0.0,-0.004890034907478307,0.0,0.0,0.0,-0.004890034907478307
2024-11-17 00:00:00+00:00,89855.99,59.69510305058364,59.683615853611,0.0071088579381220485,0.0,0.0,0.0,0.0,-0.008068824947354353,0.0,0.0,0.0,-0.008068824947354353,0.0,0.0,0.0,-0.008068824947354353
2024-11-18 00:00:00+00:00,90464.08,60.80111117138334,60.768941277397,0.040412946666941105,0.0,0.0,0.0,0.0,0.0067673841220824175,0.0,0.0,0.0,0.0067673841220824175,0.0,0.0,0.0,0.0067673841220824175
2024-11-19 00:00:00+00:00,92310.79,61.24634043403005,61.218476129172,0.027274370433736164,6.090333333333333e-05,0.0,0.0,0.0,0.020413737695668732,0.0,0.0,0.0,0.020413737695668732,0.0,0.0,0.0,0.020413737695668732
2024-11-20 00:00:00+00:00,94286.56,63.55720220729586,63.532425470995,0.03043360404970744,0.0,0.0,0.0,0.0,0.021403456735664423,0.0,0.0,0.0,0.021403456735664423,0.0,0.0,0.0,0.021403456735664423
2024-11-21 00:00:00+00:00,98317.12,64.3688533698048,64.336148298259,-0.012887073443362818,0.0,0.0,0.0,0.0,0.04274798019993515,0.0,0.0,0.0,0.04274798019993515,0.0,0.0,0.0,0.04274798019993515
2024-11-22 00:00:00+00:00,98892.0,64.35700797933312,64.363965753179,0.001573233715954081,0.0,0.0,0.0,0.0,0.005847201382628018,0.0,0.0,0.0,0.005847201382628018,0.0,0.0,0.0,0.005847201382628018
2024-11-23 00:00:00+00:00,97672.4,64.63704322571608,64.657709240782,-0.042617603445442805,-0.00020530666666666668,0.0,0.0,0.0,-0.012332645714516905,0.0,0.0,0.0,-0.012332645714516905,0.0,0.0,0.0,-0.012332645714516905
2024-11-24 00:00:00+00:00,97900.04,67.57550757669581,67.544258559042,-0.012558483455279412,0.0,0.0,0.0,0.0,0.0023306481667287734,0.0,0.0,0.0,0.0023306481667287734,0.0,0.0,0.0,0.0023306481667287734
2024-11-25 00:00:00+00:00,93010.01,64.25572719074938,64.22855845819,0.017212044149798992,0.0,0.0,0.0,0.0,-0.04994921350389642,0.0,0.0,0.0,-0.04994921350389642,0.0,0.0,0.0,-0.04994921350389642
2024-11-26 00:00:00+00:00,91965.16,65.64154379268889,65.622948066788,0.048659407266086675,3.6910000000000004e-05,0.0,0.0,0.0,-0.011233737099909906,0.0,0.0,0.0,-0.011233737099909906,0.0,0.0,0.0,-0.011233737099909906
2024-11-27 00:00:00+00:00,95863.11,63.20456512161867,63.149169831448,0.06423826222532632,9.966666666666667e-07,0.0,0.0,0.0,0.042385072781909984,0.0,0.0,0.0,0.042385072781909984,0.0,0.0,0.0,0.042385072781909984
2024-11-28 00:00:00+00:00,95643.98,61.024222895013025,60.986045769757,0.06975297141962299,0.00031374666666666664,0.0,0.0,0.0,-0.002285863665387078,0.0,0.0,0.0,-0.002285863665387078,0.0,0.0,0.0,-0.002285863665387078
2024-11-29 00:00:00+00:00,97460.0,58.77233552518854,58.73004937362,0.10516670559568182,4.607333333333322e-05,0.0,0.0,0.0,0.01898729015668319,0.0,0.0,0.0,0.01898729015668319,0.0,0.0,0.0,0.01898729015668319
2024-11-30 00:00:00+00:00,96407.99,57.78907320815089,57.739936962662,0.06054245032109315,0.00021528333333333333,0.0,0.0,0.0,-0.010794274574184227,0.0,0.0,0.0,-0.010794274574184227,0.0,0.0,0.0,-0.010794274574184227
2024-12-01 00:00:00+00:00,97185.18,59.835953683493074,59.784152131471,0.08412025701962067,0.00026166666666666667,0.0,0.0,0.0,0.008061468764155208,0.0,0.0,0.0,0.008061468764155208,0.0,0.0,0.0,0.008061468764155208
2024-12-02 00:00:00+00:00,95840.62,58.47943635730828,58.437517301079,0.06990047135401953,0.00025812666666666666,0.0,0.0,0.0,-0.013835031225954387,0.0,0.0,0.0,-0.013835031225954387,0.0,0.0,0.0,-0.013835031225954387
2024-12-03 00:00:00+00:00,95849.69,59.1623855248993,59.099636658508,0.09780832385828686,0.0003319666666666667,0.0,0.0,0.0,9.463628261176718e-05,0.0,0.0,0.0,9.463628261176718e-05,0.0,0.0,0.0,9.463628261176718e-05
2024-12-04 00:00:00+00:00,98587.32,60.73439700577198,60.658979601608,0.1085940039750517,0.00044171666666666657,0.0,0.0,0.0,0.028561699051921866,0.0,0.0,0.0,0.028561699051921866,0.0,0.0,0.0,0.028561699051921866
2024-12-05 00:00:00+00:00,96945.63,64.2958234222305,64.22394074031,-2.63477805590846,-0.00131995,0.0,0.0,0.0,-0.016652141472148774,0.0,0.0,0.0,-0.016652141472148774,0.0,0.0,0.0,-0.016652141472148774
2024-12-06 00:00:00+00:00,99740.84,61.394254144631454,61.292876519983,-0.10292292927465013,-0.00017032000000000014,0.0,0.0,0.0,0.028832759145512712,0.0,0.0,0.0,0.028832759145512712,0.0,0.0,0.0,0.028832759145512712
2024-12-07 00:00:00+00:00,99831.99,60.39112038294559,60.337764543874,0.10963566204438165,0.00067103,0.0,0.0,0.0,0.0009138683812970568,0.0,0.0,0.0,0.0009138683812970568,0.0,0.0,0.0,0.0009138683812970568
2024-12-08 00:00:00+00:00,101109.59,61.411791496897436,61.371986920895,0.05796150655143842,0.00022282333333333332,0.0,0.0,0.0,0.012797501081567053,0.0,0.0,0.0,0.012797501081567053,0.0,0.0,0.0,0.012797501081567053
2024-12-09 00:00:00+00:00,97276.47,62.98306158987829,62.956186343899,0.007430018343539124,3.1466666666666665e-06,0.0,0.0,0.0,-0.0379105483466009,0.0,0.0,0.0,-0.0379105483466009,0.0,0.0,0.0,-0.0379105483466009
2024-12-10 00:00:00+00:00,96593.0,62.321556749558106,62.281145695564,0.029505703896202478,0.0,0.0,0.0,0.0,-0.007026056763778549,0.0,0.0,0.0,-0.007026056763778549,0.0,0.0,0.0,-0.007026056763778549
2024-12-11 00:00:00+00:00,101125.0,62.81390965006409,62.772779360239,-0.8968426035331626,-0.0016666666666666668,0.0,0.0,0.0,0.046918513763937346,0.0,0.0,0.0,0.046918513763937346,0.0,0.0,0.0,0.046918513763937346
2024-12-12 00:00:00+00:00,100004.29,63.57030367979125,63.560087912913,0.03396045856193774,0.00012463666666666666,0.0,0.0,0.0,-0.011082422744128618,0.0,0.0,0.0,-0.011082422744128618,0.0,0.0,0.0,-0.011082422744128618
2024-12-13 00:00:00+00:00,101424.25,61.598943400603815,61.588808401824,0.013301699673752207,0.0,0.0,0.0,0.0,0.01419899086329203,0.0,0.0,0.0,0.01419899086329203,0.0,0.0,0.0,0.01419899086329203
2024-12-14 00:00:00+00:00,101420.0,60.892670400631296,60.905069147212,-0.003684081728846239,0.0,0.0,0.0,0.0,-4.1903193762832854e-05,0.0,0.0,0.0,-4.1903193762832854e-05,0.0,0.0,0.0,-4.1903193762832854e-05
2024-12-15 00:00:00+00:00,104463.99,63.47999426906672,63.499332442339,-0.02817771681614042,0.0,0.0,0.0,0.0,0.03001370538355359,0.0,0.0,0.0,0.03001370538355359,0.0,0.0,0.0,0.03001370538355359
2024-12-16 00:00:00+00:00,106058.66,61.705880488987,61.691136392107,-0.06766358135666638,0.0,0.0,0.0,0.0,0.015265260306446251,0.0,0.0,0.0,0.015265260306446251,0.0,0.0,0.0,0.015265260306446251
2024-12-17 00:00:00+00:00,106133.74,62.731944093942346,62.723679394262,-0.14377060803591515,-0.00112515,0.0,0.0,0.0,0.0007079101319967812,0.0,0.0,0.0,0.0007079101319967812,0.0,0.0,0.0,0.0007079101319967812
2024-12-18 00:00:00+00:00,100204.01,63.88142141815785,63.911799499556,0.28460645220709685,0.00147553,0.0,0.0,0.0,-0.05587035753192161,0.0,0.0,0.0,-0.05587035753192161,0.0,0.0,0.0,-0.05587035753192161
2024-12-19 00:00:00+00:00,97461.86,63.32182055515745,63.378973132174,-0.21340234722466825,-0.00021777333333333328,0.0,0.0,0.0,-0.027365671293993067,0.0,0.0,0.0,-0.027365671293993067,0.0,0.0,0.0,-0.027365671293993067
2024-12-20 00:00:00+00:00,97805.44,62.20318246215275,62.23137257893,-0.6429620833154179,-0.002170856666666667,0.0,0.0,0.0,0.003525276451732008,0.0,0.0,0.0,0.003525276451732008,0.0,0.0,0.0,0.003525276451732008
2024-12-21 00:00:00+00:00,97291.99,61.09878503491715,61.127058843648,-0.36231861747694066,-0.0025,0.0,0.0,0.0,-0.005249707991702681,0.0,0.0,0.0,-0.005249707991702681,0.0,0.0,0.0,-0.005249707991702681
2024-12-22 00:00:00+00:00,95186.27,64.80286402534837,64.855236174867,0.20685918980385018,0.0016930066666666667,0.0,0.0,0.0,-0.02164330280426992,0.0,0.0,0.0,-0.02164330280426992,0.0,0.0,0.0,-0.02164330280426992
2024-12-23 00:00:00+00:00,94881.47,63.47115093488082,63.550724307201,0.3178667099880927,0.0025,0.0,0.0,0.0,-0.003202142493870207,0.0,0.0,0.0,-0.003202142493870207,0.0,0.0,0.0,-0.003202142493870207
2024-12-24 00:00:00+00:00,98663.58,64.23313714979322,64.278827295655,0.21421166785928203,0.00191004,0.0,0.0,0.0,0.03986141867321407,0.0,0.0,0.0,0.03986141867321407,0.0,0.0,0.0,0.03986141867321407
2024-12-25 00:00:00+00:00,99429.6,64.30246056055039,64.355797807506,0.01631883276086224,0.0008306366666666667,0.0,0.0,0.0,0.007763959102234118,0.0,0.0,0.0,0.007763959102234118,0.0,0.0,0.0,0.007763959102234118
2024-12-26 00:00:00+00:00,95791.6,65.43977515360527,65.519454465142,0.27972968516725233,0.0016059066666666668,0.0,0.0,0.0,-0.03658870195595677,0.0,0.0,0.0,-0.03658870195595677,0.0,0.0,0.0,-0.03658870195595677
2024-12-27 00:00:00+00:00,94299.03,63.78162517059276,63.876570169511,-0.32227560376688796,0.0008333333333333334,0.0,0.0,0.0,-0.015581428851799186,0.0,0.0,0.0,-0.015581428851799186,0.0,0.0,0.0,-0.015581428851799186
2024-12-28 00:00:00+00:00,95300.0,63.543089275672045,63.658795853812,-0.3687378699805329,-0.0025,0.0,0.0,0.0,0.010614849378620344,0.0,0.0,0.0,0.010614849378620344,0.0,0.0,0.0,0.010614849378620344
2024-12-29 00:00:00+00:00,93738.2,63.877605654763656,64.000414434301,0.3325880580870862,0.0024269033333333334,0.0,0.0,0.0,-0.016388247639034657,0.0,0.0,0.0,-0.016388247639034657,0.0,0.0,0.0,-0.016388247639034657
2024-12-30 00:00:00+00:00,92792.05,64.5998915432421,64.724819762285,0.3337838257587147,0.0025,0.0,0.0,0.0,-0.010093537106537081,0.0,0.0,0.0,-0.010093537106537081,0.0,0.0,0.0,-0.010093537106537081
2024-12-31 00:00:00+00:00,93576.0,63.90441821860938,64.037671326869,-0.0514626390058854,0.0006945366666666667,0.0,0.0,0.0,0.00844846083258207,0.0,0.0,0.0,0.00844846083258207,0.0,0.0,0.0,0.00844846083258207
2025-01-01 00:00:00+00:00,94591.79,64.71447493547676,64.84595466933,0.1581022772369576,0.00154642,0.0,0.0,0.0,0.010855240659998221,0.0,0.0,0.0,0.010855240659998221,0.0,0.0,0.0,0.010855240659998221
2025-01-02 00:00:00+00:00,96984.79,63.125762659149956,63.187500436553,0.3458026702785812,0.0025,0.0,0.0,0.0,0.025298178626284588,0.0,0.0,0.0,0.025298178626284588,0.0,0.0,0.0,0.025298178626284588
2025-01-03 00:00:00+00:00,98174.18,61.885975940479234,61.915762233748,-0.1784566433860538,0.0008333333333333334,0.0,0.0,0.0,0.012263675572221164,0.0,0.0,0.0,0.012263675572221164,0.0,0.0,0.0,0.012263675572221164
2025-01-04 00:00:00+00:00,98220.5,62.93499164034837,62.943572989373,-0.1535564583611579,-0.0025,0.0,0.0,0.0,0.00047181448319718065,0.0,0.0,0.0,0.00047181448319718065,0.0,0.0,0.0,0.00047181448319718065
2025-01-05 00:00:00+00:00,98363.61,62.66967335637118,62.681940833222,0.42813780415968616,0.0025,0.0,0.0,0.0,0.0014570278098767627,0.0,0.0,0.0,0.0014570278098767627,0.0,0.0,0.0,0.0014570278098767627
2025-01-06 00:00:00+00:00,102235.6,62.00171077361922,61.975398905804,0.45138650420831933,0.0025,0.0,0.0,0.0,0.03936404936744397,0.0,0.0,0.0,0.03936404936744397,0.0,0.0,0.0,0.03936404936744397
2025-01-07 00:00:00+00:00,96954.61,61.76125045417857,61.769505149537,0.41840252313565235,0.0025,0.0,0.0,0.0,-0.051655098615355166,0.0,0.0,0.0,-0.051655098615355166,0.0,0.0,0.0,-0.051655098615355166
2025-01-08 00:00:00+00:00,95060.61,61.418447125422006,61.435073830244,0.2796584756475284,0.00178449,0.0,0.0,0.0,-0.01953491432743631,0.0,0.0,0.0,-0.01953491432743631,0.0,0.0,0.0,-0.01953491432743631
2025-01-09 00:00:00+00:00,92552.49,62.869973337606474,62.871311833126,0.4357102467262055,0.0025,0.0,0.0,0.0,-0.02638442989162383,0.0,0.0,0.0,-0.02638442989162383,0.0,0.0,0.0,-0.02638442989162383
2025-01-10 00:00:00+00:00,94726.11,60.37737878055881,60.38953681945,0.010751582532138199,0.00116526,0.0,0.0,0.0,0.02348526765730447,0.0,0.0,0.0,0.02348526765730447,0.0,0.0,0.0,0.02348526765730447
2025-01-11 00:00:00+00:00,94599.99,61.783299500337755,61.804095488051,-0.0901983036443229,-0.0019792066666666666,0.0,0.0,0.0,-0.001331417494078405,0.0,0.0,0.0,-0.001331417494078405,0.0,0.0,0.0,-0.001331417494078405
2025-01-12 00:00:00+00:00,94545.06,62.99871525083683,63.031001926102,0.45997325352272495,0.0025,0.0,0.0,0.0,-0.0005806554525006563,0.0,0.0,0.0,-0.0005806554525006563,0.0,0.0,0.0,-0.0005806554525006563
2025-01-13 00:00:00+00:00,94536.1,64.62090997227857,64.65125172721,0.42680905298050204,0.0025,0.0,0.0,0.0,-9.47696262500849e-05,0.0,0.0,0.0,-9.47696262500849e-05,0.0,0.0,0.0,-9.47696262500849e-05
2025-01-14 00:00:00+00:00,96560.86,64.05694753518767,64.078671424806,0.2967587919073768,0.0020441433333333336,0.0,0.0,0.0,0.021417849900725698,0.0,0.0,0.0,0.021417849900725698,0.0,0.0,0.0,0.021417849900725698
2025-01-15 00:00:00+00:00,100497.35,64.4483730443346,64.441657846752,0.2771995268177003,0.0022515833333333333,0.0,0.0,0.0,0.040766931860383236,0.0,0.0,0.0,0.040766931860383236,0.0,0.0,0.0,0.040766931860383236
2025-01-16 00:00:00+00:00,99987.3,65.72484732527326,65.732346423816,0.23935925208871492,0.00164977,0.0,0.0,0.0,-0.005075258203325788,0.0,0.0,0.0,-0.005075258203325788,0.0,0.0,0.0,-0.005075258203325788
2025-01-17 00:00:00+00:00,104077.48,65.4689436021971,65.445067568447,-0.06978646774235726,0.00140166,0.0,0.0,0.0,0.040906995188388855,0.0,0.0,0.0,0.040906995188388855,0.0,0.0,0.0,0.040906995188388855
2025-01-18 00:00:00+00:00,104556.23,67.63908232703744,67.718498152534,-0.2039411166132418,-0.0025,0.0,0.0,0.0,0.0045999384304846735,0.0,0.0,0.0,0.0045999384304846735,0.0,0.0,0.0,0.0045999384304846735
2025-01-19 00:00:00+00:00,101331.57,68.57455403340316,68.66818762964,0.061233100250277527,0.00173628,0.0,0.0,0.0,-0.03084139510385932,0.0,0.0,0.0,-0.03084139510385932,0.0,0.0,0.0,-0.03084139510385932
2025-01-20 00:00:00+00:00,102260.01,66.28340834549559,66.353258759316,-0.30065788829748985,-0.0013462633333333333,0.0,0.0,0.0,0.009162396279856195,0.0,0.0,0.0,0.009162396279856195,0.0,0.0,0.0,0.009162396279856195
2025-01-21 00:00:00+00:00,106143.82,65.35554556843553,65.3452019244,-0.07847802801623494,-0.00062377,0.0,0.0,0.0,0.037979753766892964,0.0,0.0,0.0,0.037979753766892964,0.0,0.0,0.0,0.037979753766892964
2025-01-22 00:00:00+00:00,103706.66,64.13227867097422,64.165225234956,-0.013012122134959994,0.0,0.0,0.0,0.0,-0.02296092226565808,0.0,0.0,0.0,-0.02296092226565808,0.0,0.0,0.0,-0.02296092226565808
2025-01-23 00:00:00+00:00,103910.34,63.3672053190217,63.359021960881,-0.022226063289859193,-1.9556666666666665e-05,0.0,0.0,0.0,0.0019640011547955843,0.0,0.0,0.0,0.0019640011547955843,0.0,0.0,0.0,0.0019640011547955843
2025-01-24 00:00:00+00:00,104870.5,60.16879962263288,60.17107298074,0.0027597489782463006,0.0,0.0,0.0,0.0,0.009240273874573055,0.0,0.0,0.0,0.009240273874573055,0.0,0.0,0.0,0.009240273874573055
2025-01-25 00:00:00+00:00,104746.85,59.704264933408794,59.712260412212,-0.012848373272033217,0.0,0.0,0.0,0.0,-0.001179073237945792,0.0,0.0,0.0,-0.001179073237945792,0.0,0.0,0.0,-0.001179073237945792
2025-01-26 00:00:00+00:00,102620.0,59.7259336041662,59.748946737052,-0.01870118170861773,0.0,0.0,0.0,0.0,-0.02030466787306736,0.0,0.0,0.0,-0.02030466787306736,0.0,0.0,0.0,-0.02030466787306736
2025-01-27 00:00:00+00:00,102082.83,61.9433868318783,61.939365311156,-0.03447613887190594,0.0,0.0,0.0,0.0,-0.005234554667706083,0.0,0.0,0.0,-0.005234554667706083,0.0,0.0,0.0,-0.005234554667706083
2025-01-28 00:00:00+00:00,101335.52,59.011210663039805,59.048604720013,-0.06699582936831941,0.0,0.0,0.0,0.0,-0.0073206238502596145,0.0,0.0,0.0,-0.0073206238502596145,0.0,0.0,0.0,-0.0073206238502596145
2025-01-29 00:00:00+00:00,103733.24,59.04602218674373,58.995117181602,-0.4852418254761081,-0.0021660466666666668,0.0,0.0,0.0,0.023661199942527567,0.0,0.0,0.0,0.023661199942527567,0.0,0.0,0.0,0.023661199942527567
2025-01-30 00:00:00+00:00,104722.94,57.32256777412474,57.312961367385,-0.18104540412439254,-0.002074396666666667,0.0,0.0,0.0,0.009540818352921369,0.0,0.0,0.0,0.009540818352921369,0.0,0.0,0.0,0.009540818352921369
2025-01-31 00:00:00+00:00,102429.56,55.45225559469479,55.467899231544,0.14993658005083185,-0.00058836,0.0,0.0,0.0,-0.02189949976576292,0.0,0.0,0.0,-0.02189949976576292,0.0,0.0,0.0,-0.02189949976576292
2025-02-01 00:00:00+00:00,100635.65,56.41295506717099,56.424326840835,0.18876206478717836,0.0025,0.0,0.0,0.0,-0.017513596660963922,0.0,0.0,0.0,-0.017513596660963922,0.0,0.0,0.0,-0.017513596660963922
2025-02-02 00:00:00+00:00,97700.59,60.17265637279571,60.187599704552,-0.49882510320093343,-0.0025,0.0,0.0,0.0,-0.029165211334154426,0.0,0.0,0.0,-0.029165211334154426,0.0,0.0,0.0,-0.029165211334154426
2025-02-03 00:00:00+00:00,101328.52,59.87241029705641,59.812313242375,-0.36064146319292206,-0.0025,0.0,0.0,0.0,0.037133143208244776,0.0,0.0,0.0,0.037133143208244776,0.0,0.0,0.0,0.037133143208244776
2025-02-04 00:00:00+00:00,97763.13,56.38092545617624,56.369674277842,-0.31029546427906246,-0.0025,0.0,0.0,0.0,-0.03518644109279401,0.0,0.0,0.0,-0.03518644109279401,0.0,0.0,0.0,-0.03518644109279401
2025-02-05 00:00:00+00:00,96612.43,57.47614333898002,57.461484454651,-0.1070637350727273,-0.00073232,0.0,0.0,0.0,-0.011770285996367051,0.0,0.0,0.0,-0.011770285996367051,0.0,0.0,0.0,-0.011770285996367051
2025-02-06 00:00:00+00:00,96554.35,56.444783607001256,56.440691896964,-0.4337936690248991,-0.0025,0.0,0.0,0.0,-0.0006011648811647445,0.0,0.0,0.0,-0.0006011648811647445,0.0,0.0,0.0,-0.0006011648811647445
2025-02-07 00:00:00+00:00,96506.8,57.477425408664864,57.464606013237,0.018036718088835595,-0.0016666666666666668,0.0,0.0,0.0,-0.0004924687494660045,0.0,0.0,0.0,-0.0004924687494660045,0.0,0.0,0.0,-0.0004924687494660045
2025-02-08 00:00:00+00:00,96444.74,56.825004248404944,56.817640941078,0.1207847943484283,0.0025,0.0,0.0,0.0,-0.0006430634939713851,0.0,0.0,0.0,-0.0006430634939713851,0.0,0.0,0.0,-0.0006430634939713851
2025-02-09 00:00:00+00:00,96462.75,57.340009744601474,57.3347051082,-0.5023222842166929,-0.0025,0.0,0.0,0.0,0.00018673905907149276,0.0,0.0,0.0,0.00018673905907149276,0.0,0.0,0.0,0.00018673905907149276
2025-02-10 00:00:00+00:00,97430.82,54.94197143076206,54.9309957413,-0.5237328078113141,-0.0025,0.0,0.0,0.0,0.010035687350816839,0.0,0.0,0.0,0.010035687350816839,0.0,0.0,0.0,0.010035687350816839
2025-02-11 00:00:00+00:00,95778.2,56.93535818667521,56.94603260152,-0.6014160717120213,-0.0025,0.0,0.0,0.0,-0.01696198389790838,0.0,0.0,0.0,-0.01696198389790838,0.0,0.0,0.0,-0.01696198389790838
2025-02-12 00:00:00+00:00,97869.99,54.61107883592544,54.614921867282,-0.4589853464375971,-0.0025,0.0,0.0,0.0,0.021839938524633038,0.0,0.0,0.0,0.021839938524633038,0.0,0.0,0.0,0.021839938524633038
2025-02-13 00:00:00+00:00,96608.14,54.853514860459875,54.847787716825,-0.514655479615182,-0.0022715233333333333,0.0,0.0,0.0,-0.012893124848587454,0.0,0.0,0.0,-0.012893124848587454,0.0,0.0,0.0,-0.012893124848587454
2025-02-14 00:00:00+00:00,97500.48,53.64501547788099,53.640922020518,0.13843728405456382,-0.0008333333333333334,0.0,0.0,0.0,0.009236695789816432,0.0,0.0,0.0,0.009236695789816432,0.0,0.0,0.0,0.009236695789816432
2025-02-15 00:00:00+00:00,97569.66,52.82944725218424,52.821010761899,2.5157032136361,0.0025,0.0,0.0,0.0,0.0007095349684433099,0.0,0.0,0.0,0.0007095349684433099,0.0,0.0,0.0,0.0007095349684433099
2025-02-16 00:00:00+00:00,96118.12,52.810604730066736,52.807234496883,0.15348576869899158,-9.535000000000003e-05,0.0,0.0,0.0,-0.014876960727340939,0.0,0.0,0.0,-0.014876960727340939,0.0,0.0,0.0,-0.014876960727340939
2025-02-17 00:00:00+00:00,95780.0,54.13891136064743,54.142967309264,0.0584033296458625,0.00093778,0.0,0.0,0.0,-0.0035177550289164556,0.0,0.0,0.0,-0.0035177550289164556,0.0,0.0,0.0,-0.0035177550289164556
2025-02-18 00:00:00+00:00,95671.74,53.900423687643816,53.932544412475,0.1363143862435123,-0.0005266800000000001,0.0,0.0,0.0,-0.0011302986009604798,0.0,0.0,0.0,-0.0011302986009604798,0.0,0.0,0.0,-0.0011302986009604798
2025-02-19 00:00:00+00:00,96644.37,51.70829686186892,51.721001328813,0.20662475779545353,0.0025,0.0,0.0,0.0,0.010166324977469733,0.0,0.0,0.0,0.010166324977469733,0.0,0.0,0.0,0.010166324977469733
2025-02-20 00:00:00+00:00,98305.0,51.3005550376767,51.293785320089,-0.020383088324443684,-0.0008185933333333333,0.0,0.0,0.0,0.01718289435794351,0.0,0.0,0.0,0.01718289435794351,0.0,0.0,0.0,0.01718289435794351
2025-02-21 00:00:00+00:00,96181.98,50.616227891116324,50.646568932773,0.11946691980917329,-0.0006265400000000001,0.0,0.0,0.0,-0.021596256548497065,0.0,0.0,0.0,-0.021596256548497065,0.0,0.0,0.0,-0.021596256548497065
2025-02-22 00:00:00+00:00,96551.01,50.321545667934316,50.318700284569,0.397867398743212,0.0025,0.0,0.0,0.0,0.0038367893861199244,0.0,0.0,0.0,0.0038367893861199244,0.0,0.0,0.0,0.0038367893861199244
2025-02-23 00:00:00+00:00,96258.0,50.492241234188164,50.49454621204,0.3096092891213874,0.0014746833333333334,0.0,0.0,0.0,-0.0030347688750225893,0.0,0.0,0.0,-0.0030347688750225893,0.0,0.0,0.0,-0.0030347688750225893
2025-02-24 00:00:00+00:00,91552.88,49.666411963864086,49.674140460907,0.2837777395738004,0.0023396633333333332,0.0,0.0,0.0,-0.048880300858110445,0.0,0.0,0.0,-0.048880300858110445,0.0,0.0,0.0,-0.048880300858110445
2025-02-25 00:00:00+00:00,88680.4,51.41175904997557,51.475079423725,0.3514612272759409,0.0023891633333333333,0.0,0.0,0.0,-0.03137509164102768,0.0,0.0,0.0,-0.03137509164102768,0.0,0.0,0.0,-0.03137509164102768
2025-02-26 00:00:00+00:00,84250.09,54.031595674925704,54.092991817149,0.43307522950930194,0.0025,0.0,0.0,0.0,-0.04995816437454046,0.0,0.0,0.0,-0.04995816437454046,0.0,0.0,0.0,-0.04995816437454046
2025-02-27 00:00:00+00:00,84708.58,55.712182857543205,55.768100489992,0.251988926186316,0.0023303266666666665,0.0,0.0,0.0,0.0054420119907290935,0.0,0.0,0.0,0.0054420119907290935,0.0,0.0,0.0,0.0054420119907290935
2025-02-28 00:00:00+00:00,84349.94,53.73948307636754,53.767704515411,0.07279617809049198,0.0010539500000000001,-0.003889069152023065,2.906051194411285e-06,9.25344631354515e-05,-0.00821831927572189,-0.010496591748552048,0.00018390555549754097,0.0013822743988919672,-0.016296581312310515,0.0,0.0,0.0,-0.004233809609368961
2025-03-01 00:00:00+00:00,86064.53,55.30575005412568,55.328824399463,-0.04521183085452705,0.0,0.0010577360513137274,0.0,0.0,0.021384840018429725,0.0023624748430019406,0.0,0.0,0.02268957881011794,0.0,0.0,0.0,0.020327103967115998
2025-03-02 00:00:00+00:00,94270.0,59.05677619514839,59.068625477661,0.0006430848623159569,0.0,0.0026708758480699416,0.0,5.243009446374635e-05,0.0979593486784232,0.006071415872637265,0.0,6.676214668420124e-05,0.10134555665077007,0.0,0.0,0.0,0.095340902924817
2025-03-03 00:00:00+00:00,86220.61,63.053280722441166,63.099804869855,-0.13274734030373528,-0.00038625666666666666,0.0,0.0,0.0,-0.08538654927336374,0.0029521857984900622,-0.00011284895625681318,2.541241182180806e-05,-0.08234692693043867,0.0,0.0,0.0,-0.08538654927336374
2025-03-04 00:00:00+00:00,87281.98,66.46157558867128,66.474194061177,-0.3092057837191981,-0.0017461233333333334,0.00048685621898695555,-5.034083763175223e-05,-2.1312901915444688e-05,0.012868443743507318,0.004172785484163331,-0.0005707231491167535,-0.001820396163984679,0.01887383858223793,0.0,0.0,0.0,0.012309933784973167
2025-03-05 00:00:00+00:00,90606.01,61.06216492963854,61.062540316178,-0.29973078345332826,-0.00213066,-0.0013665623360391386,-8.134797228697128e-05,1.565867227740052e-05,0.03678293303711404,-0.007591445907368103,-0.00046747561262245425,0.0,0.03095983577839796,0.0,0.0,0.0,0.03808380607314361
2025-03-06 00:00:00+00:00,89931.89,63.733172743307534,63.732855344392,-0.15609129433112334,-0.0012163566666666666,0.00043767078680808204,-2.987172145560624e-05,1.8126575074581128e-05,-0.006990708623669708,0.0028002069129740726,-0.00022130083997179775,6.657897469391836e-05,-0.004485195778606864,0.0,0.0,0.0,-0.007440124556858815
2025-03-07 00:00:00+00:00,86801.75,57.820392312370075,57.846904087083,-0.0441547731932729,-0.0008123766666666667,-0.0002168956781063045,0.0,0.00011086913710778602,-0.035133438308787936,-0.0022763013500439184,0.0,0.0009316916386030534,-0.03801366648222082,0.0,0.0,0.0,-0.03480567349357385
2025-03-08 00:00:00+00:00,86222.45,55.89172208681683,55.907825333893,-0.07874078037172147,-0.00017173,0.0,0.0,0.0,-0.006673828580645009,0.0,0.0,0.0,-0.006673828580645009,0.0,0.0,0.0,-0.006673828580645009
2025-03-09 00:00:00+00:00,80734.37,62.300212187392134,62.318197754078,-0.08967618000880785,-0.0004328266666666667,0.0,0.0,0.0,-0.06365024422293732,0.0001293627990883277,-2.3372416736599387e-06,4.9961177835822514e-06,-0.06352354029995891,0.0,0.0,0.0,-0.06365024422293732
2025-03-10 00:00:00+00:00,78595.86,63.81645570703556,63.848283985705,-0.12163219347364103,-0.00036753333333333334,-8.254695129960514e-05,-3.7222026033050186e-06,4.151933896869655e-06,-0.026571199728118822,0.0007340379689205901,-5.2866829922588875e-05,7.322129170768051e-06,-0.02570864037585324,0.0,0.0,0.0,-0.02648822304552565
2025-03-11 00:00:00+00:00,82932.99,63.27979034740861,63.294916614501,-0.1863846774866812,-0.0015588233333333334,-0.00035232695186236944,-5.8621499227877137e-05,-1.9736175750651495e-06,0.05489094572581979,-0.0007828359622770262,-0.00020503719249829097,-3.7553824235789766e-06,0.05460863417352406,0.0,0.0,0.0,0.05518267756087922
2025-03-12 00:00:00+00:00,83680.12,60.19606529381417,60.212147081803,-0.17643751441348,-0.0007584333333333334,-0.0013861566009221362,-5.473079350777854e-05,6.326038110478057e-06,0.0076710877007159315,-0.00279788852903593,-0.00010137678990316665,7.618150692249858e-06,0.006304709656415754,0.0,0.0,0.0,0.009008839546240767
2025-03-13 00:00:00+00:00,81115.78,58.37231998287255,58.404093391643,-0.08675918699118136,-0.0003689633333333333,-0.000953682357346093,-3.4223019386998586e-05,6.714376512857875e-06,-0.031570728239489323,-0.0018019588105801132,-6.067513988797478e-05,0.0,-0.03238583819570951,0.0,0.0,0.0,-0.03064455452501737
2025-03-14 00:00:00+00:00,83983.2,55.81462344067864,55.812897156016,-0.04801471265957503,-0.00021049666666666665,-0.001756289022259658,-7.307568535314663e-06,0.0,0.03360073718301931,-0.0026641016199430525,-1.1084795797293559e-05,0.0,0.03269670181259789,0.0,0.0,0.0,0.03534971863674365
2025-03-15 00:00:00+00:00,84338.44,56.41360949028499,56.413563182368,-0.006115165452519102,0.0,0.0003932255077053951,0.0,0.0,0.00462311910547263,0.0005964808176805829,0.0,0.0,0.004826374415447818,0.0,0.0,0.0,0.004229893597767235
2025-03-16 00:00:00+00:00,82574.53,57.950798849328024,57.953056422783,-0.005813439646053358,0.0,0.0010035829029324073,0.0,0.0,-0.01991107949774756,0.001522327363869438,0.0,0.0,-0.01939233503681053,0.0,0.0,0.0,-0.02091466240067997
2025-03-17 00:00:00+00:00,84010.03,55.84448453436623,55.850204539885,-0.01804358814940822,0.0,-0.0014001146652864423,0.0,0.0,0.01598418046784965,-0.0021238234143811483,0.0,0.0,0.015260471718754942,0.0,0.0,0.0,0.01738429513313609
2025-03-18 00:00:00+00:00,82715.03,55.142619850886575,55.151462745552,-0.01659123425108676,0.0,-0.00045728463841380914,0.0,0.0,-0.015872110701444616,-0.000693651631669306,0.0,0.0,-0.016108477694700113,0.0,0.0,0.0,-0.015414826063030808
2025-03-19 00:00:00+00:00,86845.94,56.88513179446344,56.86466158661,-0.003103571277818934,0.0,0.0011387394638149337,0.0,0.0,0.05108020717530586,0.0017273453354159434,0.0,0.0,0.051668813046906875,0.0,0.0,0.0,0.04994146771149093
2025-03-20 00:00:00+00:00,84223.39,51.17911392353886,51.210131561832,0.3298728860662462,0.0,-0.003579711488936737,8.102736158624884e-05,0.0,-0.0338584659981594,-0.005430037457237586,0.00012290979589674988,0.0,-0.035750674400770746,0.0,0.0,0.0,-0.03019772714763641
2025-03-21 00:00:00+00:00,84088.79,49.48562921452048,49.501210248888,6.492532808047417,0.0025,-0.0011155534397486074,0.00024745108599839025,0.0,-0.002961135401267513,-0.0016921746297449227,0.00037535669283908713,0.0,-0.003665662198104525,0.0,0.0,0.0,-0.0015981308755205154
2025-03-22 00:00:00+00:00,83840.59,50.71615596864887,50.726259447923,0.1650580158026337,0.0017658233333333335,0.0008009703850067584,9.043382947271189e-05,0.0,-0.0022411053934106,0.0012149859579931,0.0001371783963472762,0.0,-0.0018738343872988226,0.0,0.0,0.0,-0.0029516419489446465
2025-03-23 00:00:00+00:00,86082.5,50.48496785916326,50.491919017353,0.20588993382789797,0.0007495533333333333,-0.0001536717117992921,0.0001567940618496221,0.0,0.02642968479065417,-0.0002331034648370015,0.00023783973416493433,0.0,0.02626920736530115,0.0,0.0,0.0,0.026740150564303084
2025-03-24 00:00:00+00:00,87498.16,50.090739935535275,50.078534198551,0.4941673829012512,0.00229659,-0.00026402234471972525,0.0002208579766661437,0.0,0.015960506371612167,-0.0004004935106660319,0.00033501780513129476,0.0,0.01570987537720071,0.0,0.0,0.0,0.016445386692998037
2025-03-25 00:00:00+00:00,87392.87,49.41946991475854,49.407764094144,0.06860494079137848,0.0013418500000000001,-0.00042147887219921723,4.834788151423278e-05,0.0,-0.0016731663439403547,-0.0006393381339667086,7.333853815083483e-05,0.0,-0.0019160162623444482,0.0,0.0,0.0,-0.0012033395902269048
2025-03-26 00:00:00+00:00,86909.17,49.837016966238146,49.836212899682,0.012357971547998758,0.0,0.0002695404604074812,0.0,0.0,-0.005265236003622102,0.00040886389888600126,0.0,0.0,-0.005125912565143583,0.0,0.0,0.0,-0.005534776464029584
2025-03-27 00:00:00+00:00,87232.01,49.31652401298724,49.330378356916,-0.0017704770215599963,0.0,-0.0003199955305114511,0.0,0.0,0.0033946872814403432,-0.0004853988155737932,0.0,0.0,0.0032292839963780013,0.0,0.0,0.0,0.0037146828119517944
2025-03-28 00:00:00+00:00,84424.38,52.108797078349745,52.133412519461,-0.036254431966784365,0.0,0.0017666623047078239,-4.956463889208658e-06,0.0,-0.030414157989269604,0.002679836774136939,-7.5184228273777875e-06,0.0,-0.02949842156090232,0.0,0.0,0.0,-0.03218577675786664
2025-03-29 00:00:00+00:00,82648.54,55.161973932483036,55.182462382756,-0.044538400593871715,-5.0276666666666666e-05,0.0019856270391808025,0.0,0.0,-0.019049055122536122,0.0033570641828872608,0.0,2.5635672728874097e-05,-0.01770325365155854,0.0,0.0,0.0,-0.021034682161716924
2025-03-30 00:00:00+00:00,82389.99,57.06537375083683,57.073831366291,-0.08171035418624434,0.0,0.0012581780609283546,-5.54930185177468e-05,0.0,-0.0018146358452737835,0.0025983165397827283,-0.00011460097130507933,0.0,-0.0004153894136320773,0.0,0.0,0.0,-0.003128306924719885
2025-03-31 00:00:00+00:00,82550.01,53.153079974962736,53.163460728593,-0.013144474443019019,-0.00048750666666666666,-0.003448798428237832,0.0,2.279055235526967e-05,-0.0015293627465567882,-0.005388829639939541,0.0,0.0,-0.0034466034059032276,0.0,0.0,0.0,0.0019422262340363134
2025-04-01 00:00:00+00:00,85158.34,52.15608856065138,52.15371528938,-0.015468519806992667,0.0,-0.0009125117578979485,0.0,0.0,0.030684455946890964,-0.0013888193257985413,0.0,0.0,0.03020814837899037,0.0,0.0,0.0,0.03159696770478891
2025-04-02 00:00:00+00:00,82516.29,55.05434157744155,55.067340690489,-0.00010156370676428957,0.0,0.0029180372651617338,0.0,2.2060112887940493e-05,-0.02812916965072874,0.004415944201682279,0.0,3.205248596462748e-05,-0.026641255087284883,0.0,0.0,0.0,-0.031025146803002536
2025-04-03 00:00:00+00:00,83213.09,55.38761395206158,55.413773239962,-0.024188807206388985,0.0,0.00043245874250535607,0.0,0.0,0.008876851964740662,0.0006499606712008891,0.0,0.0,0.009094353893436196,0.0,0.0,0.0,0.008444393222235306
2025-04-04 00:00:00+00:00,83889.87,57.95877756909056,57.980370870582,-0.035045066135334924,0.0,0.0031786962511072994,0.0,3.577222513882161e-05,0.011276019431991724,0.004775009301217862,0.0,0.0,0.012908104707241108,0.0,0.0,0.0,0.008133095406023246
2025-04-05 00:00:00+00:00,83537.99,59.76121305916905,59.784076256115,-0.03737237252337151,0.0,0.002970787588735294,0.0,0.0,-0.001223759381000028,0.0033286195738210416,0.0,0.0,-0.0008659273959142804,0.0,0.0,0.0,-0.004194546969735322
2025-04-06 00:00:00+00:00,78430.0,62.97493147875491,63.025774548212,-0.10352429056818106,-2.8936666666666667e-05,0.005361719511406454,-0.0001871836059243554,0.0,-0.0555968103478843,0.0060075397455808975,-0.00020972991032437312,0.0,-0.054928443809309835,0.0,0.0,0.0,-0.06114571346521511
2025-04-07 00:00:00+00:00,79163.24,56.362602874238654,56.390778226045,-0.05871629220661767,-0.0006862966666666666,-0.013896818054207005,-4.480706493462852e-05,3.6233035107352684e-05,-0.0045392704173415396,-0.017033158110644247,-5.865851850264242e-05,3.0230715098141638e-05,-0.007655756700201554,0.0,0.0,0.0,0.00934897360703819
2025-04-08 00:00:00+00:00,76322.42,61.463547952484944,61.456040268851,0.05245392605975804,0.00010445666666666666,0.011794434448322958,4.2058938457394995e-05,0.0,-0.024133219875063186,0.01327850464223394,4.735113090847362e-05,0.0,-0.022654441873603284,0.0,0.0,0.0,-0.03588559538492875
2025-04-09 00:00:00+00:00,82615.22,56.87663887334256,56.578295067547,0.18490539686665589,0.00014432,-0.017840552625491175,0.0005454271856599553,8.56644669587968e-05,0.06397857153003667,-0.013262878487601626,0.0004570264514068538,0.0,0.06873031086913811,0.0,0.0,0.0,0.08245021580814658
2025-04-10 00:00:00+00:00,79607.3,57.388206101245586,57.263486782019,0.16438921910023827,0.0016666666666666668,0.0020540844545031993,0.0005045312117623586,0.0,-0.03485923438743188,0.002484852778148761,0.0005674981724801623,0.0003282738654212659,-0.03481970688992539,0.0,0.0,0.0,-0.036408787630172725
2025-04-11 00:00:00+00:00,83423.84,58.848128160469415,58.676912154965,0.09456018985371333,0.0016322366666666668,0.004397301516925447,0.0003533134180304748,0.0,0.05198607381213978,0.004946097518888155,0.0003974079588547926,0.0,0.05249077527327817,0.0,0.0,0.0,0.047942085713244806
2025-04-12 00:00:00+00:00,85276.9,60.002324455930456,59.740120790979,0.22902900639951174,-0.0001419066666666667,0.003156418468423059,0.0007679429601413078,0.0,0.024601070852730025,0.0035503486615936636,0.0008637844721774504,0.0,0.024899159533864488,0.0,0.0,0.0,0.022212595344448274
2025-04-13 00:00:00+00:00,83760.0,58.386061513254084,58.400761179479,0.2603624053297427,0.0025,-0.0038898428038577184,0.0008473281047362644,0.0,-0.02252510644565026,-0.0043753064844363285,0.0009530771134044334,0.0,-0.023116319134897038,0.0,0.0,0.0,-0.017787935537056276
2025-04-14 00:00:00+00:00,84591.58,55.47963344162727,55.486131547213,0.3165050955231124,0.0016423166666666668,-0.00861812847542327,0.0008242480510805102,0.0,0.00048575145821448326,-0.009693695941858949,0.0009271166020128133,0.0,-0.0006926845591534985,0.0,0.0,0.0,0.009928127984718264
2025-04-15 00:00:00+00:00,83643.99,53.281483194552784,53.286543146635,0.2601941005469995,2.063333333333333e-06,-0.006439921014960655,0.000390096782951004,0.0,-0.018031960118884933,-0.00724364186338615,0.0004387819945604437,0.0,-0.018884366178919868,0.0,0.0,0.0,-0.011201942320973275
2025-04-16 00:00:00+00:00,84030.38,52.40237211710461,52.399346335932,1.1038928364010556,0.0025,-0.002626948067944172,0.00116638028176687,0.0,0.0008261308606876895,-0.0029547988172053726,0.0013119479288654368,0.0,0.0003527124643279223,0.0,0.0,0.0,0.004619459210398732
2025-04-17 00:00:00+00:00,84947.91,51.339559249414734,51.339156649404,0.8382030192941837,0.0025,-0.0031247372482273534,0.0011424048024900053,0.0,0.006651885091609008,-0.0035147135330944714,0.001284980240134288,0.0,0.006119333369097608,0.0,0.0,0.0,0.010919027142326367
2025-04-18 00:00:00+00:00,84474.69,48.51511205418129,48.521354105202,0.612271633377819,0.0025,-0.008215313017874709,0.0010816741292957294,0.0,-0.01486769512574226,-0.009240607945167791,0.001216670202523622,0.0,-0.016027986126263237,0.0,0.0,0.0,-0.005570707978571823
2025-04-19 00:00:00+00:00,85077.01,50.193021698568266,50.196731695072,0.5483388326455384,0.0025,0.004911932069906656,0.001094149179746113,0.0,0.01094796590710908,0.005524955459706398,0.0012307021755059496,0.0,0.011424436301148986,0.0,0.0,0.0,0.007130183016948537
2025-04-20 00:00:00+00:00,85179.24,50.25899364571163,50.262247021133,0.5668833356311388,0.0025,0.0001907203105456708,0.0010960082903632403,0.0,0.00029632923733675313,0.00021452275927875963,0.0012327933085281722,0.0,0.00018334666790491,0.0,0.0,0.0,0.0012016172171543226
2025-04-21 00:00:00+00:00,87516.23,51.28471835544994,51.283201338664,0.5501946027526958,0.0025,0.002968511980749248,0.0011308963392818567,0.0,0.029273760880612405,0.0033389908984543613,0.0012720354872896298,0.0,0.029503100650309748,0.0,0.0,0.0,0.027436145239145015
2025-04-22 00:00:00+00:00,93442.99,55.0835574113388,55.059621517528,0.610255375267563,0.0025,0.010687053054629954,0.0011322833398382131,0.0,0.07727660828119262,0.012020828318065844,0.00127359558954418,0.0,0.07846907129492255,0.0,0.0,0.0,0.06772183856640088
2025-04-23 00:00:00+00:00,93691.08,51.91876215081067,51.898701922086,0.6841423410242294,0.0025,-0.008377857690689624,0.001059366522349446,0.0,-0.006782236396403531,-0.009423438665286448,0.0011915785414345068,0.0,-0.007960029390085416,0.0,0.0,0.0,0.002654987816635539
2025-04-24 00:00:00+00:00,93980.47,49.43402855402217,49.417239100789,0.5341108823556203,0.0025,-0.005469509496641805,0.0007454826621845299,-0.00015468910379796226,-0.0029715351595147395,-0.007378230412060941,0.0011205181703083367,0.0,-0.005409980686855645,0.0,0.0,0.0,0.003088767895513633
2025-04-25 00:00:00+00:00,94638.68,48.62499068561584,48.605493994784,0.17207241050078795,0.0014604233333333331,-0.001600823298150761,0.00036636381693908347,0.0,0.005036502055649479,-0.0011162647258890267,0.00048249481151196584,7.441170318735591e-05,0.005330517930150975,0.0,0.0,0.0,0.007003689170739323
2025-04-26 00:00:00+00:00,94628.0,49.883741512219785,49.870804592196,0.2346328407852936,0.0018855900000000001,0.0024779343793141107,0.0005369610680505003,0.0,0.0018281230475026087,0.0027915346509626636,0.0006049173215377071,0.0,0.002073767065663955,0.0,0.0,0.0,-0.00011285026376100149
2025-04-27 00:00:00+00:00,93749.3,50.87827177681081,50.860427386998,0.22035065503282605,0.0016832866666666665,0.0019382569906193784,0.00048037900098720057,0.0,-0.007827957069758246,0.0021835572390267602,0.0005411743902684717,0.0,-0.007643452210632135,0.0,0.0,0.0,-0.009285835059390424
2025-04-28 00:00:00+00:00,95011.18,49.3871639938545,49.374916625007,0.09451263149103349,0.00106145,-0.0024290183065640717,0.00015608054959210548,4.699971838078809e-05,0.010828055261278235,-0.0027181108985905827,0.0001757691507140686,5.464338871080516e-05,0.010511630397799744,0.0,0.0,0.0,0.0134601538358152
2025-04-29 00:00:00+00:00,94256.82,48.43436922790652,48.420738634273,0.05218397406715989,0.0,-0.001388993567241219,3.325019109842121e-05,0.0,-0.009361940960289833,-0.0015477421541974412,3.705036769922618e-05,0.0,-0.00952448972384686,0.0,0.0,0.0,-0.007939697201950192
2025-04-30 00:00:00+00:00,94172.0,47.00936571765623,47.005170275914,-0.07668957171440467,9.545e-05,-0.002077129694128912,-2.319763990506057e-05,0.0,-0.002953813887708229,-0.003186391811946205,-3.237381936586907e-05,2.9482324193263702e-05,-0.004083382150257977,0.0,0.0,0.0,-0.0008998818334843779
2025-05-01 00:00:00+00:00,96489.91,48.29243472973064,48.27461115144,-0.06047297849868979,-0.00014638666666666667,0.0018643877291405209,-2.0389804655103454e-05,0.0,0.026498356941687604,0.0027783213658928215,-3.038500470380703e-05,0.0,0.027422285778488608,0.0,0.0,0.0,0.02461357940789198
2025-05-02 00:00:00+00:00,96887.14,47.33437083927331,47.318894233481,-0.05843185769981579,-3.78e-05,-0.001369912801505157,-1.2169075370774017e-05,0.0,0.0027590597821287705,-0.0020414519717883227,-1.8134426427150816e-05,0.0,0.0020934859629019816,0.0,0.0,0.0,0.004116803508263153
2025-05-03 00:00:00+00:00,95856.42,47.0215804065371,47.020257620175,-0.07044471537601578,-0.00012905666666666667,-0.0004263070031870694,-3.576690907707766e-05,0.0,-0.01102889725895149,-0.0006187668724280972,-3.996885285502649e-05,5.697659587068774e-05,-0.011274131780285256,0.0,0.0,0.0,-0.010638357164841497
2025-05-04 00:00:00+00:00,94277.62,48.18613726490752,48.18303056222,-0.08468510906122946,-0.0002718833333333333,0.0016452137967126177,-5.9111876417656625e-05,4.3354165001041095e-05,-0.014809495467374367,0.0018748198218846558,-7.271481668732834e-05,0.0,-0.014522932336931617,0.0,0.0,0.0,-0.0164704669755036
2025-05-05 00:00:00+00:00,94733.68,47.32938433275385,47.333682403346,0.0109986881555231,-0.00033369333333333335,-0.0009302732037005415,4.3713062033801476e-05,0.0,0.003863429019038413,-0.0013923966312037626,6.542800552928669e-05,0.0,0.003379590648039707,0.0,0.0,0.0,0.004837415284772756
2025-05-06 00:00:00+00:00,96834.02,49.20703075921319,49.207352505504,0.4164237496370337,0.0021738166666666666,0.002042312008021052,0.0003935226033631961,0.0,0.023819784978776917,0.0030568529207586474,0.0005890092771089131,0.0,0.024638839217768795,0.0,0.0,0.0,0.02217099557411906
2025-05-07 00:00:00+00:00,97030.5,47.14600838423127,47.137856809905,0.4719832342748354,0.0025,-0.0016308559155340384,0.0002873725602106192,-4.214598316425711e-05,0.00015295647533599844,-0.0030107002800462846,0.0005266414562747086,-6.137495246420299e-05,-0.0014469278159403914,0.0,0.0,0.0,0.002029038967916399
2025-05-08 00:00:00+00:00,103261.6,48.377569415234355,48.379569470221,0.5226591227860463,0.0025,0.0009812396125831917,0.00020658937602444175,-0.00015437635056577608,0.0651469786743549,0.00148197292614721,0.00042797148784956833,0.0,0.06527195352552802,0.0,0.0,0.0,0.06421795208723037
2025-05-09 00:00:00+00:00,102971.99,48.05659195294294,48.015799737284,0.52727882919029,0.0025,-0.0001224008463378647,0.00010019389535812035,-4.858348768001505e-05,-0.002978635625515158,-0.0002865791820629049,0.00029963217117036877,-0.00022928600622537675,-0.003161549718507085,0.0,0.0,0.0,-0.002804624371499188
2025-05-10 00:00:00+00:00,104809.53,49.50966963272848,49.480901299714,0.5021117146019477,0.0025,0.0002541204240642972,4.513234102881092e-05,-6.098899538984191e-05,0.018115024066445985,0.0008047875487954798,0.0001979699104446749,-2.781507468826038e-05,0.018479679701059723,0.0,0.0,0.0,0.017845046988020658
2025-05-11 00:00:00+00:00,104118.0,49.49062255250796,49.463421856003,0.5438783833873646,0.0025,-2.339826927073055e-06,0.0,-1.3238286748843372e-05,-0.006587070255427682,-2.8347315167917824e-06,9.645561665683537e-05,-0.0001081362908580667,-0.006589122772565012,0.0,0.0,0.0,-0.006597968715249452
2025-05-12 00:00:00+00:00,102791.32,47.537848938945366,47.539986719469,0.5155547739442953,0.0025,0.0,0.0,0.0,-0.012742081100289989,-0.00018680227076999848,5.616874918775188e-05,-5.324901034258941e-05,-0.01293180310990515,0.0,0.0,0.0,-0.012742081100289989
2025-05-13 00:00:00+00:00,104103.72,47.938114041811644,47.934685005381,0.48097778602874536,0.0025,0.0,0.0,0.0,0.012767615008738034,-8.782392136901958e-05,6.167220141048204e-06,-2.579017429996356e-05,0.01269941404152793,0.0,0.0,0.0,0.012767615008738034
2025-05-14 00:00:00+00:00,103507.82,47.15355810248872,47.144158989819,0.48290490166001626,0.0025,0.0,0.0,0.0,-0.005724099004339078,0.0,0.0,0.0,-0.005724099004339078,0.0,0.0,0.0,-0.005724099004339078
2025-05-15 00:00:00+00:00,103763.71,46.39306453977476,46.382667314034,0.5005943749472557,0.0025,0.0,0.0,0.0,0.002472180362797704,0.0,0.0,0.0,0.002472180362797704,0.0,0.0,0.0,0.002472180362797704
2025-05-16 00:00:00+00:00,103463.9,44.5887120115181,44.576502862462,0.5384491212670451,0.0025,0.0,0.0,0.0,-0.002889353127408534,0.0,0.0,0.0,-0.002889353127408534,0.0,0.0,0.0,-0.002889353127408534
2025-05-17 00:00:00+00:00,103126.65,44.93645462042287,44.920439217438,0.5179364955728641,0.0025,0.0,0.0,0.0,-0.0032595910264353076,0.0,0.0,0.0,-0.0032595910264353076,0.0,0.0,0.0,-0.0032595910264353076
2025-05-18 00:00:00+00:00,106454.26,47.19304678031136,47.176358961417,0.5642029292850556,0.0025,0.0,0.0,0.0,0.03226721705786041,0.0,0.0,0.0,0.03226721705786041,0.0,0.0,0.0,0.03226721705786041
2025-05-19 00:00:00+00:00,105573.74,46.22774051371207,46.215337608419,0.8579561055787038,0.0025,0.0,0.0,0.0,-0.008271345834351669,0.0,0.0,0.0,-0.008271345834351669,0.0,0.0,0.0,-0.008271345834351669
2025-05-20 00:00:00+00:00,106849.99,49.30001542908366,49.279050994791,0.9533014999872601,0.0025,0.0,0.0,0.0,0.012088706907607895,0.0,0.0,0.0,0.012088706907607895,0.0,0.0,0.0,0.012088706907607895
2025-05-21 00:00:00+00:00,109643.99,50.73902732523029,50.722868026492,1.7673170826404576,0.0025,0.0,0.0,0.0,0.026148809185663,0.0,0.0,0.0,0.026148809185663,0.0,0.0,0.0,0.026148809185663
2025-05-22 00:00:00+00:00,111696.21,50.759070907206294,50.749699089846,0.37737285182575175,0.00207887,0.0,0.0,0.0,0.018717122570968105,0.0,0.0,0.0,0.018717122570968105,0.0,0.0,0.0,0.018717122570968105
2025-05-23 00:00:00+00:00,107318.3,49.23386992243726,49.225039628427,0.08331754227131986,0.00014273333333333332,0.0,0.0,0.0,-0.03919479452346685,0.0,0.0,0.0,-0.03919479452346685,0.0,0.0,0.0,-0.03919479452346685
2025-05-24 00:00:00+00:00,107761.91,49.17190323401413,49.156784600475,-0.09942809030755867,0.0016666666666666668,0.0,0.0,0.0,0.004133591381898526,0.0,0.0,0.0,0.004133591381898526,0.0,0.0,0.0,0.004133591381898526
2025-05-25 00:00:00+00:00,109004.19,50.62970239335684,50.612071297206,0.14959578784657657,0.00016065999999999997,0.0,0.0,0.0,0.011528006509906876,0.0,0.0,0.0,0.011528006509906876,0.0,0.0,0.0,0.011528006509906876
2025-05-26 00:00:00+00:00,109434.79,48.378168349098544,48.363257242644,-0.005988832514035545,0.0,0.0,0.0,0.0,0.0039503068643507305,0.0,0.0,0.0,0.0039503068643507305,0.0,0.0,0.0,0.0039503068643507305
2025-05-27 00:00:00+00:00,108938.17,47.27091261010624,47.250475666955,0.039201023854582594,0.0,0.0,0.0,0.0,-0.0045380449855114205,0.0,0.0,0.0,-0.0045380449855114205,0.0,0.0,0.0,-0.0045380449855114205
2025-05-28 00:00:00+00:00,107781.78,47.12692425064438,47.113726760868,0.04852462554579736,0.00026673333333333333,0.0,0.0,0.0,-0.010615103962183315,0.0,0.0,0.0,-0.010615103962183315,0.0,0.0,0.0,-0.010615103962183315
2025-05-29 00:00:00+00:00,105589.75,46.546146775316224,46.547023197627,0.2184568015497053,0.0,0.0,0.0,0.0,-0.02033766746104953,0.0,0.0,0.0,-0.02033766746104953,0.0,0.0,0.0,-0.02033766746104953
2025-05-30 00:00:00+00:00,103985.48,45.74610414278798,45.731686229433,1.2224535772324745,0.0025,0.0,0.0,0.0,-0.015193425498213644,0.0,0.0,0.0,-0.015193425498213644,0.0,0.0,0.0,-0.015193425498213644
2025-05-31 00:00:00+00:00,104591.88,47.600322451588134,47.579592647676,1.1636236208189017,0.0025,0.0,0.0,0.0,0.005831583409529953,0.0,0.0,0.0,0.005831583409529953,0.0,0.0,0.0,0.005831583409529953
2025-06-01 00:00:00+00:00,105642.93,46.658314020692046,46.640191744262,0.8437481792699894,0.0025,0.0,0.0,0.0,0.010049059257754888,0.0,0.0,0.0,0.010049059257754888,0.0,0.0,0.0,0.010049059257754888
2025-06-02 00:00:00+00:00,105857.99,44.69623851687934,44.676394784432,0.6096617774726617,0.0025,0.0,0.0,0.0,0.0020357254385126597,0.0,0.0,0.0,0.0020357254385126597,0.0,0.0,0.0,0.0020357254385126597
2025-06-03 00:00:00+00:00,105376.89,44.634005143943234,44.606733752477,0.572197383651663,0.0025,0.0,0.0,0.0,-0.004544767948078419,0.0,0.0,0.0,-0.004544767948078419,0.0,0.0,0.0,-0.004544767948078419
2025-06-04 00:00:00+00:00,104696.86,43.72680807672171,43.707554682937,0.6299566891679482,0.0025,0.0,0.0,0.0,-0.00645331248625765,0.0,0.0,0.0,-0.00645331248625765,0.0,0.0,0.0,-0.00645331248625765
2025-06-05 00:00:00+00:00,101508.68,44.680172457999944,44.660490981436,0.6133199989964432,0.0025,0.0,0.0,0.0,-0.03045153407657123,0.0,0.0,0.0,-0.03045153407657123,0.0,0.0,0.0,-0.03045153407657123
2025-06-06 00:00:00+00:00,104288.44,42.492094087938725,42.462110655303,0.4540985987479364,0.0025,0.0,0.0,0.0,0.02738445618640701,0.0,0.0,0.0,0.02738445618640701,0.0,0.0,0.0,0.02738445618640701
2025-06-07 00:00:00+00:00,105552.15,44.09257055858197,44.070625119207,0.47825372849214604,0.0025,0.0,0.0,0.0,0.012117450409652229,0.0,0.0,0.0,0.012117450409652229,0.0,0.0,0.0,0.012117450409652229
2025-06-08 00:00:00+00:00,105734.0,44.57700169469491,44.557325825877,0.47561044120806883,0.0025,0.0,0.0,0.0,0.0017228450581064036,0.0,0.0,0.0,0.0017228450581064036,0.0,0.0,0.0,0.0017228450581064036
2025-06-09 00:00:00+00:00,110263.02,44.428872316904254,44.413231694881,0.49465707267288916,0.0025,0.0,0.0,0.0,0.042834093101556774,0.0,0.0,0.0,0.042834093101556774,0.0,0.0,0.0,0.042834093101556774
2025-06-10 00:00:00+00:00,110274.39,44.19510968890934,44.190214232583,0.9038759571644794,0.0025,0.0,0.0,0.0,0.00010311707406522461,0.0,0.0,0.0,0.00010311707406522461,0.0,0.0,0.0,0.00010311707406522461
2025-06-11 00:00:00+00:00,108645.12,42.51512689753575,42.508925600602,0.5466743965677076,0.0025,0.0,0.0,0.0,-0.014774690660270295,0.0,0.0,0.0,-0.014774690660270295,0.0,0.0,0.0,-0.014774690660270295
2025-06-12 00:00:00+00:00,105671.73,41.84627141655399,41.832620387756,0.13256976630724726,0.0007800766666666666,0.0,0.0,0.0,-0.02736791123246032,0.0,0.0,0.0,-0.02736791123246032,0.0,0.0,0.0,-0.02736791123246032
2025-06-13 00:00:00+00:00,106066.59,42.44040693422221,42.433664445398,0.10290946757027992,0.00043546,0.0,0.0,0.0,0.0037366663723590082,-0.0015478176095290613,2.5596137010375396e-05,6.371898185513103e-05,0.0020995336439644406,0.0,0.0,0.0,0.0037366663723590082
2025-06-14 00:00:00+00:00,105414.64,42.886476800525216,42.87058443163,0.23681258228928048,0.0015716666666666667,0.0,0.0,0.0,-0.006146610351101107,0.0001745054812134456,9.19355844945262e-05,0.0,-0.006064040454382188,0.0,0.0,0.0,-0.006146610351101107
2025-06-15 00:00:00+00:00,105594.01,44.069001432940304,44.06718670964,0.18904976817787747,0.0014630366666666666,0.0,0.0,0.0,0.0017015663099546263,0.0004808777283938973,6.673763448016069e-05,0.0,0.002115706403868363,0.0,0.0,0.0,0.0017015663099546263
2025-06-16 00:00:00+00:00,106794.53,43.34556005691733,43.324760918444,0.2633017804927383,0.00213972,0.0,0.0,0.0,0.011369205507016962,-0.0002978513245364807,7.88755461856478e-05,0.0,0.010992478636294833,0.0,0.0,0.0,0.011369205507016962
2025-06-17 00:00:00+00:00,104551.17,43.31030673244767,43.305379053456,0.00766443521191008,-0.00013865666666666666,-1.6360708120097633e-05,0.0,1.7935574033499588e-05,-0.021040615613302865,0.0003253475616974274,0.0,3.9464499863223174e-05,-0.020720436269315065,0.0,0.0,0.0,-0.02100631933114927
2025-06-18 00:00:00+00:00,104886.78,41.370822531645715,41.360340833385,0.05128050557878805,0.0,-0.00037119050306066374,6.934787671383048e-06,1.970750516281026e-05,0.00281217432310726,-0.0017780922618987967,2.2066266524720783e-05,0.0,0.0014098485905785997,0.0,0.0,0.0,0.003210007119002117
2025-06-19 00:00:00+00:00,104658.59,42.08930672220716,42.086164450924,-0.136822924920095,-0.0002458133333333333,0.0001777470375669284,-3.306040842958515e-05,-8.400166175966102e-06,-0.0019563763842091646,0.0006614018300593412,-8.99425323252141e-05,0.0,-0.001424239633997089,0.0,0.0,0.0,-0.0021755839963816443
2025-06-20 00:00:00+00:00,103297.99,42.343778764229945,42.337633150497,-0.024106074290896132,-0.00042515999999999995,0.00010050851745030914,-4.481979316332779e-06,0.0,-0.012895375741685368,0.00029968060151173525,-1.0240734032947667e-05,4.3490674887230294e-05,-0.012733935577794557,0.0,0.0,0.0,-0.013000366238452011
2025-06-21 00:00:00+00:00,102120.01,42.900322054707445,42.894317852551,0.01604993892929986,7.492000000000001e-05,0.00022542974844349164,3.737378927215374e-06,0.0,-0.011182014517713673,0.0007660579409697933,1.2700403675090756e-05,0.0,-0.010650349349935246,0.0,0.0,0.0,-0.011403706887229949
2025-06-22 00:00:00+00:00,100963.87,43.724185616941355,43.717510054732,0.02511544296483215,-4.230666666666667e-05,5.655526347477567e-05,4.942887888322957e-06,6.0494230011634556e-05,-0.011330267349785,0.0009061274743314158,1.2323032767218786e-05,0.0001563463029201092,-0.01058392735671573,0.0,0.0,0.0,-0.011321385495359817
2025-06-23 00:00:00+00:00,105333.93,41.682893608998555,41.651164113422,0.10542020320204228,0.00035089666666666665,-0.0018822576224190334,5.739612225202085e-05,0.0,0.041343750506770555,-0.0043028644208930305,0.00013120825193846213,0.0,0.03884933157861012,0.0,0.0,0.0,0.04328340425144161
2025-06-24 00:00:00+00:00,106083.0,40.80435854322097,40.789110016514,0.12439899241611964,0.0007721,-0.000752676322251603,8.092071022069182e-05,0.0,0.0062777867353222515,-0.0017206274682542045,0.00018498575369004116,0.0,0.005205770545850301,0.0,0.0,0.0,0.0071113837677945465
2025-06-25 00:00:00+00:00,107340.58,40.18096074529479,40.160931104199,0.40395344018921847,0.0015712366666666667,-0.0005446024393159596,0.00023088344536800908,0.0,0.011079193941489894,-0.0012449679744968062,0.0005278024382073874,0.0,0.010081909413469668,0.0,0.0,0.0,0.011854679826173862
2025-06-26 00:00:00+00:00,106947.06,40.07132908695431,40.05569925557,0.4833714000334117,0.0025,-9.016236276773731e-05,0.00025883396850507354,0.0,-0.00401508421714043,-0.0002577518982823458,0.0005424575842067928,-4.223934340081638e-05,-0.004424058024955942,0.0,0.0,0.0,-0.0036660878858676194
2025-06-27 00:00:00+00:00,107047.59,39.99320140390819,39.974878441915,0.5369539663143835,0.0025,-6.950185405165055e-05,0.0002547673669128046,0.0,0.0006157285685960886,-0.00011900134285510995,0.00043621366928936283,0.0,0.00038478277741607093,0.0,0.0,0.0,0.0009399977895605437
2025-06-28 00:00:00+00:00,107296.79,39.426658997930545,39.412108521297,0.5124631236505403,0.0025,-0.00048349947241463706,0.0002531356635402906,0.0,0.001591301438796518,-0.0008278496634682598,0.0004334198604749092,0.0,0.0010666670508082767,0.0,0.0,0.0,0.0023279365747514457
2025-06-29 00:00:00+00:00,108356.93,40.85214537489975,40.842981530461,0.38298060442291115,0.0025,0.0012264684596367016,0.0002604628179593145,0.0,0.010846450340908366,0.0020999640320061306,0.00044596544256143324,0.0,0.011534443288675677,0.0,0.0,0.0,0.009880444699230979
2025-06-30 00:00:00+00:00,107146.5,39.481102758886045,39.474716893253,0.14137497397078044,0.0014874566666666668,-0.0011613294322869614,9.348323160726842e-05,0.0,-0.012425579499019524,-0.0019088553448544433,0.00014867851282757667,2.3982112012106776e-05,-0.01325228280481942,0.0,0.0,0.0,-0.011170766835125294
2025-07-01 00:00:00+00:00,105681.14,39.38917905297159,39.381563760306,0.21991161413001692,0.0013950066666666668,-7.995792195447237e-05,0.00015775464149535764,0.0,-0.013913940905019555,-0.00015472072863221311,0.00029640454276794046,8.829878966870658e-05,-0.014215652402638586,0.0,0.0,0.0,-0.013676228341569726
2025-07-02 00:00:00+00:00,108849.6,41.15240748474428,41.138761892653,0.04987282178963518,0.00074061,0.0014586460115926455,2.9500430273162086e-05,3.0178006003942482e-05,0.03138028685328706,0.00350066592932848,6.441434117846692e-05,0.0,0.03341757086612153,0.0,0.0,0.0,0.029981319277971513
2025-07-03 00:00:00+00:00,109584.78,40.731164154885164,40.718501177873,-0.017166296367540634,1.1846666666666676e-05,-0.00025210700373524226,2.6175979354160215e-06,0.0,0.006499365445513649,-0.0006674047034910103,1.0084339927611941e-05,4.033301093610693e-05,0.006036267992829579,0.0,0.0,0.0,0.006754090047184308
2025-07-04 00:00:00+00:00,107984.24,41.13675059315226,41.127017895229,-0.012657545620499538,-4.373333333333332e-06,0.0002434179198939764,-8.536802940267764e-06,0.0,-0.014353540675340518,0.0005872381713441447,-2.0594771945926136e-05,0.0,-0.013997662454884692,0.0,0.0,0.0,-0.014605495398174762
2025-07-05 00:00:00+00:00,108198.12,40.28492918388176,40.275883231651,-0.11472507535592036,-0.0009722099999999999,-0.0005146723719159335,-6.116249325308674e-05,0.0,0.0015271495212643104,-0.0012416311118627116,-0.0001475526153063641,0.0,0.0008865809033708095,0.0,0.0,0.0,0.001980659399927157
2025-07-06 00:00:00+00:00,109203.84,40.54258108274976,40.538117739597,0.0713152237701233,0.00015290333333333332,0.0001582570549383016,1.730807499332489e-05,0.0,0.009436119727828592,0.0003817902296788867,4.1755193344000575e-05,0.0,0.009635205784218502,0.0,0.0,0.0,0.009295170747883616
2025-07-07 00:00:00+00:00,108262.94,40.09487173375655,40.090488909278,-0.002412999591890642,8.435666666666666e-05,-0.00014930980117525188,0.0,7.845829380088003e-06,-0.008773153016727788,-0.0006457060037601598,0.0,0.0,-0.009261703389932608,0.0,0.0,0.0,-0.008615997386172448
2025-07-08 00:00:00+00:00,108922.98,39.36813086154508,39.3616673083,0.01318020482862827,0.0002708,-0.0003098719375891448,1.361192096791996e-05,1.4095756531895885e-05,0.005759058809841986,-0.0010604644236608396,4.655266271678811e-05,0.0,0.004989621338553319,0.0,0.0,0.0,0.006096638424930947
2025-07-09 00:00:00+00:00,111233.99,40.61431800069395,40.605117382493,0.056161876278447785,0.0,0.00015915500132617603,0.0,2.609883404129828e-05,0.02134997476426055,0.0014798674229332422,6.471369086150475e-06,-2.0570409863472505e-05,0.02271088506068624,0.0,0.0,0.0,0.021216918596975675
2025-07-10 00:00:00+00:00,116010.0,41.15707462422753,41.152735103823,0.02105068083922505,8.090666666666667e-05,0.0,0.0,0.0,0.04293660597808273,0.00046185562056767293,0.0,2.4434104936647506e-05,0.04337402749371375,0.0,0.0,0.0,0.04293660597808273
2025-07-11 00:00:00+00:00,117527.66,39.99700334740838,39.982628322554,0.18696238538684465,0.00060294,0.0,0.0,0.0,0.013082148090681868,-0.00037972596838385577,4.8004805845116e-05,-4.433608397818604e-06,0.012658850924850714,0.0,0.0,0.0,0.013082148090681868
2025-07-12 00:00:00+00:00,117420.0,40.45610977921995,40.44577665849,0.1755923365891866,0.0018258166666666666,0.0,0.0,0.0,-0.0009160396795103679,0.0001164073133508647,3.270459100328802e-05,0.0,-0.0008323369571627912,0.0,0.0,0.0,-0.0009160396795103679
2025-07-13 00:00:00+00:00,119086.64,41.447704547848524,41.432021824836,-0.013475296294908462,0.0,0.0,0.0,0.0,0.014193834099812633,0.0003008850304103092,0.0,9.798963811322576e-06,0.014484920166411619,0.0,0.0,0.0,0.014193834099812633
2025-07-14 00:00:00+00:00,119841.18,42.25319900981906,42.245532943688,0.0660996652025256,0.00040303999999999996,0.0,0.0,0.0,0.006336059191862274,3.910784749644362e-05,7.123758233022675e-06,-6.045516762616228e-08,0.006368103736293321,0.0,0.0,0.0,0.006336059191862274
2025-07-15 00:00:00+00:00,117758.09,42.233596281114544,42.229643053744,-0.09920809414879274,-0.0003832133333333333,0.0,0.0,0.0,-0.01738208852749945,-2.9207732539738483e-05,-2.215918060193386e-05,-4.112412359185331e-06,-0.01738502466707807,0.0,0.0,0.0,-0.01738208852749945
2025-07-16 00:00:00+00:00,118630.43,41.63474699121142,41.614930514766,0.147983568184989,0.0007107799999999999,0.0,0.0,0.0,0.007407898684497995,-0.0002495421509260056,5.64750981956712e-06,6.283933800153821e-06,0.007146425089952268,0.0,0.0,0.0,0.007407898684497995
2025-07-17 00:00:00+00:00,119177.56,42.146029950616395,42.117551834169,0.12362740028283915,0.0006878466666666666,0.0,0.0,0.0,0.0046120544281935474,0.0,0.0,0.0,0.0046120544281935474,0.0,0.0,0.0,0.0046120544281935474
2025-07-18 00:00:00+00:00,117924.84,40.802588113657656,40.775946629737,0.16770468735169222,0.0012045666666666668,0.0,0.0,0.0,-0.01051137479236864,0.0,0.0,0.0,-0.01051137479236864,0.0,0.0,0.0,-0.01051137479236864
2025-07-19 00:00:00+00:00,117840.0,41.15750305229638,41.135823971164,0.03536935777860191,0.0008984666666666667,0.0,0.0,0.0,-0.0007194412983727305,0.0,0.0,0.0,-0.0007194412983727305,0.0,0.0,0.0,-0.0007194412983727305
2025-07-20 00:00:00+00:00,117265.12,41.63584204086644,41.618033502915,-0.15279873286222478,-0.00153949,0.0,0.0,0.0,-0.004878479293957949,0.0,0.0,0.0,-0.004878479293957949,0.0,0.0,0.0,-0.004878479293957949
2025-07-21 00:00:00+00:00,117380.36,41.903920275853835,41.886311389681,0.04624551236994597,-0.00012419,0.0,0.0,0.0,0.0009827304146365538,0.0,0.0,0.0,0.0009827304146365538,0.0,0.0,0.0,0.0009827304146365538
2025-07-22 00:00:00+00:00,119954.42,42.75291816149757,42.730502289224,-0.08031706434574228,0.00011899666666666667,0.0,0.0,0.0,0.021929222231044425,0.0,0.0,0.0,0.021929222231044425,0.0,0.0,0.0,0.021929222231044425
2025-07-23 00:00:00+00:00,118755.99,42.34920882976262,42.330635314654,-0.19269168156133576,-0.0011466333333333334,0.0,0.0,0.0,-0.009990711471907355,0.0,0.0,0.0,-0.009990711471907355,0.0,0.0,0.0,-0.009990711471907355
2025-07-24 00:00:00+00:00,118340.99,42.91196057530944,42.891818649055,0.13422298718755074,0.0006867733333333334,0.0,0.0,0.0,-0.0034945605691131874,0.0,0.0,0.0,-0.0034945605691131874,0.0,0.0,0.0,-0.0034945605691131874
2025-07-25 00:00:00+00:00,117614.31,42.713400200429774,42.709267321926,0.0524698893803519,0.00024109999999999998,0.0,0.0,0.0,-0.006140560426273327,-0.0002710973349323163,0.0,2.0156622912207776e-06,-0.006413673423496864,0.0,0.0,0.0,-0.006140560426273327
2025-07-26 00:00:00+00:00,117919.99,41.68645697183801,41.673723760791,0.17335222016802596,0.00101406,0.0,0.0,0.0,0.0025990034716014366,0.0,0.0,0.0,0.0025990034716014366,0.0,0.0,0.0,0.0025990034716014366
2025-07-27 00:00:00+00:00,119415.55,42.35328399642342,42.342579818813,0.1588735587851641,0.0010570466666666668,0.0,0.0,0.0,0.012682836896441372,0.0,0.0,0.0,0.012682836896441372,0.0,0.0,0.0,0.012682836896441372
2025-07-28 00:00:00+00:00,118062.32,41.243066999133625,41.244883659486,0.018570390008431036,0.00030979,0.0,0.0,0.0,-0.011332108758030222,-6.617075945920163e-05,4.021088173618533e-08,7.207072766688115e-06,-0.01140552680113785,0.0,0.0,0.0,-0.011332108758030222
2025-07-29 00:00:00+00:00,117950.76,38.27319071581391,38.277846268949,0.23058163763559983,0.0012873033333333332,0.0,0.0,0.0,-0.0009449246804570012,-2.279805752258608e-05,3.0655619011770003e-06,2.74265190412988e-06,-0.0009735309517848941,0.0,0.0,0.0,-0.0009449246804570012
2025-07-30 00:00:00+00:00,117840.3,38.928427286446414,38.93133915714,0.2024292944122453,0.0013494533333333334,0.0,0.0,0.0,-0.0009364924821170449,0.0,0.0,0.0,-0.0009364924821170449,0.0,0.0,0.0,-0.0009364924821170449
2025-07-31 00:00:00+00:00,115764.08,39.24089129817879,39.251142025008,0.6659313637726135,0.00221642,0.0,0.0,0.0,-0.017618930026485007,0.0,0.0,0.0,-0.017618930026485007,0.0,0.0,0.0,-0.017618930026485007
2025-08-01 00:00:00+00:00,113297.93,40.87305198426137,40.895385680233,0.10533528598730146,0.00043606,0.0,0.0,0.0,-0.021303240176054686,9.465416840858847e-05,6.292558764675006e-06,2.6796546699464733e-05,-0.021241675113110238,0.0,0.0,0.0,-0.021303240176054686
2025-08-02 00:00:00+00:00,112546.35,40.17088638773232,40.182748897333,0.22131466714739437,0.0015084866666666668,0.0,0.0,0.0,-0.006633660473761412,-0.00010097728346451386,2.7623478122009516e-05,7.3701270480952444e-06,-0.006769631362396031,0.0,0.0,0.0,-0.006633660473761412
2025-08-03 00:00:00+00:00,114208.8,40.312336832596664,40.310224146854,0.24967754361741692,0.00173781,0.0,0.0,0.0,0.014771247579330623,1.9905771717497817e-05,3.520095830417202e-05,0.0,0.01475595239274395,0.0,0.0,0.0,0.014771247579330623
2025-08-04 00:00:00+00:00,115055.03,38.61689128705294,38.620993446093,0.19250217949492768,0.0018911,0.0,0.0,0.0,0.007409499092889479,-0.0001900678151141796,1.13506587397454e-05,-1.7674881737435668e-07,0.007208257367852929,0.0,0.0,0.0,0.007409499092889479
2025-08-05 00:00:00+00:00,114129.75,37.648515310798274,37.655903462731,0.11682692179656369,0.0007788,0.0,0.0,0.0,-0.008042064740672344,-2.2408372623380146e-05,1.234428828551519e-05,2.1266211761512957e-05,-0.008098083613342754,0.0,0.0,0.0,-0.008042064740672344
2025-08-06 00:00:00+00:00,114992.27,36.66016094594719,36.65393629198,0.14352810150820977,0.0012517433333333334,0.0,0.0,0.0,0.007557363439418767,-0.00016429121998530976,1.9744261294328533e-05,0.0,0.007373327958139129,0.0,0.0,0.0,0.007557363439418767
2025-08-07 00:00:00+00:00,117472.01,37.43670329640124,37.422864056135,-0.07673163886589517,-8.024333333333333e-05,0.0,0.0,0.0,0.02156440602485707,8.096581110122554e-05,-3.7704956749141933e-06,7.075358654466181e-06,0.021642066972978744,0.0,0.0,0.0,0.02156440602485707
2025-08-08 00:00:00+00:00,116674.74,36.279907224073035,36.275941561715,-0.09053992659019787,-0.00047046333333333333,0.0,0.0,0.0,-0.006786893320374697,-8.424037186733486e-05,-2.0355559771519034e-06,4.866857756099935e-06,-0.00687396499402098,0.0,0.0,0.0,-0.006786893320374697
2025-08-09 00:00:00+00:00,116462.25,37.06357407627902,37.054831794684,-0.18580157055561852,-0.0012399966666666667,0.0,0.0,0.0,-0.0018212168289383395,1.2408159547928293e-06,-1.7520585163862142e-07,2.467772182184332e-06,-0.0018222685793140925,0.0,0.0,0.0,-0.0018212168289383395
2025-08-10 00:00:00+00:00,119294.01,37.39757525860144,37.391623316907,-0.010934827283841606,-0.0004192166666666666,0.0,0.0,0.0,0.024314831629991648,2.4662012916561147e-07,0.0,4.101063046180493e-07,0.024314668143816196,0.0,0.0,0.0,0.024314831629991648
2025-08-11 00:00:00+00:00,118686.0,38.893580266249764,38.894178221127,-0.03577354654586279,0.0,0.0,0.0,0.0,-0.005096735368355836,0.0,0.0,0.0,-0.005096735368355836,0.0,0.0,0.0,-0.005096735368355836
2025-08-12 00:00:00+00:00,120134.08,39.48588662857843,39.4935891741,-0.010432507277438144,0.0,0.0,0.0,0.0,0.012200933555769018,0.0,0.0,0.0,0.012200933555769018,0.0,0.0,0.0,0.012200933555769018
2025-08-13 00:00:00+00:00,123306.43,41.135512703369784,40.700967563929,-0.0645732765098786,-0.00010423666666666666,0.0,0.0,0.0,0.026406744863738844,0.0,0.0,0.0,0.026406744863738844,0.0,0.0,0.0,0.026406744863738844
2025-08-14 00:00:00+00:00,118295.09,39.77747774626044,39.753671190681,0.0717463799552464,0.00030106333333333333,0.0,0.0,0.0,-0.040641351793251956,-4.5842534370737654e-05,9.086080168632208e-06,2.1666866800534143e-05,-0.040717947274591854,0.0,0.0,0.0,-0.040641351793251956
2025-08-15 00:00:00+00:00,117342.05,37.332495999151966,37.30920425321,0.11992623211062083,0.00031846,0.0,0.0,0.0,-0.00805646286756275,-0.000534274605560014,1.9117670882771608e-05,-6.258502037295658e-06,-0.008603596641968239,0.0,0.0,0.0,-0.00805646286756275
2025-08-16 00:00:00+00:00,117380.66,37.19713003250504,37.174915073265,0.21644899911363727,0.0016624166666666669,0.0,0.0,0.0,0.00032903805583761814,-3.035238983052891e-05,3.3671213118824356e-05,0.0,0.00026501445288826486,0.0,0.0,0.0,0.00032903805583761814
2025-08-17 00:00:00+00:00,117405.01,37.6521601528769,37.630327418367,0.07454730991677122,0.00014462,0.0,0.0,0.0,0.0002074447357851904,0.00010289962519092287,8.46559061464115e-06,0.0,0.00030187877036147215,0.0,0.0,0.0,0.0002074447357851904
2025-08-18 00:00:00+00:00,116227.05,38.490664926654105,38.474143903998,0.6881200642959219,0.0019816433333333335,0.0,0.0,0.0,-0.010033302667407396,-0.00016943022433717978,0.00011659357546667079,4.163270566276347e-05,-0.01036095917287401,0.0,0.0,0.0,-0.010033302667407396
2025-08-19 00:00:00+00:00,112872.94,40.51493813722551,40.525847330882,0.13899456655803097,0.00138146,-1.3490544632889573e-06,2.229874703571602e-06,3.952089310394446e-06,-0.028865787336606302,0.001095122722795013,7.545897050046501e-05,3.338587079592556e-05,-0.027871978436630425,0.0,0.0,0.0,-0.028858256318129046
2025-08-20 00:00:00+00:00,114271.24,38.813720550376004,38.811249268534,0.08609413637692732,0.0006632533333333334,-0.00044863319491632314,1.0694802789593236e-05,3.917737652325508e-05,0.011889760582163945,-0.0013552540451422742,3.173874158051978e-05,2.29932390254205e-05,0.010978279930644902,0.0,0.0,0.0,0.012388265956393116
2025-08-21 00:00:00+00:00,112500.0,39.72836590337484,39.740217622597,0.06680850632246095,0.00030857000000000004,0.000462846646832481,9.569198257405392e-06,1.365205937385077e-05,-0.015060687725454791,0.0008159564655229821,1.8670624631393988e-05,0.0,-0.014703027273764428,0.0,0.0,0.0,-0.015500313114656016
2025-08-22 00:00:00+00:00,116935.99,36.769054819055,36.781834858551,0.11557960126377838,0.00023553333333333336,-0.0028884233464328193,0.00014551752395767112,0.00015757551879076433,0.036239505833041016,-0.003445886780520781,0.00014551752395767112,0.0001081034972175406,0.03573151442052628,0.0,0.0,0.0,0.03943102222222227
2025-08-23 00:00:00+00:00,115438.05,36.791598283191654,36.807620394294,0.21890272344253214,0.0016135033333333334,3.91099234113117e-05,0.0002625332586551054,0.0,-0.013033337545573755,3.91099234113117e-05,0.0002625332586551054,0.0,-0.013033337545573755,0.0,0.0,0.0,-0.012809914210329962
2025-08-24 00:00:00+00:00,113493.59,36.94845893339191,36.95739144544,0.5092716579882006,0.0018765666666666666,0.00023011127514310328,0.00036264036847718617,0.0,-0.016976715217406745,0.00023011127514310328,0.00036264036847718617,0.0,-0.016976715217406745,0.0,0.0,0.0,-0.016844186124072662
2025-08-25 00:00:00+00:00,110111.98,39.8392318182394,39.832484421339,0.5280767122028386,0.002112226666666667,0.004509255213606047,0.00023770921933176652,3.545020256735546e-05,-0.025559507642813038,0.004795224044134096,0.00023770921933176652,3.42318175169954e-05,-0.02527232042723463,0.0,0.0,0.0,-0.029795603434519966
2025-08-26 00:00:00+00:00,111763.22,39.56279681183308,39.558259485558,-1.1272135698017283,-0.0016666666666666668,-0.0005897936014201726,-0.0006458097728924463,0.0,0.015052022963830427,-0.0005908917289716483,-0.0006470121960840819,0.0,0.015052127259470588,0.0,0.0,0.0,0.014996006792358154
2025-08-27 00:00:00+00:00,111262.01,39.89064539752464,39.890448084016,0.19075670944340173,5.4596666666666604e-05,0.0007039041113840929,0.00033954276848853086,0.0,-0.004120208804600245,0.0007052146995228028,0.0003401749578986635,0.0,-0.0041195304058716685,0.0,0.0,0.0,-0.0044845701474958075
2025-08-28 00:00:00+00:00,112566.9,39.352031167462144,39.350732781724,0.16926294350684812,0.0011989966666666664,-0.0011488028794073997,0.0002922636141991817,0.0,0.01028701571522642,-0.0011509418176563991,0.0002928077752858286,0.0,0.010284332615890774,0.0,0.0,0.0,0.011728082208833002
2025-08-29 00:00:00+00:00,108377.4,41.16104817905309,41.15777165996,0.1586309639662936,0.0009609133333333334,0.00539361027563488,0.00022048421314253564,-2.349204377274199e-05,-0.032021249668364934,0.0038088364962646005,0.00027087276741278015,0.0,-0.033679904045778204,0.0,0.0,0.0,-0.03721786777463002
2025-08-30 00:00:00+00:00,108816.33,41.03868939870496,41.037072049046,0.19626629980988067,0.0014407633333333334,-0.0001968971314659555,0.00028261600044448247,0.0,0.0035705009854240578,-0.00026424250739419766,0.0003792800841290176,0.0,0.00340649152581128,0.0,0.0,0.0,0.004050014117334496
2025-08-31 00:00:00+00:00,108246.35,41.514482502446,41.511609101186,0.17128921459105043,0.0012776066666666667,0.0007709892105405431,0.00023773095496961135,0.0,-0.004704742327613558,0.0010346931956311002,0.00031904285836306835,0.0,-0.004522350245916458,0.0,0.0,0.0,-0.00523800058318449
2025-09-01 00:00:00+00:00,109237.42,41.40902813060409,41.412512365654,0.1634316099227697,0.0010698066666666667,-0.0001618520982246583,0.00021542541989901114,0.0,0.008778412258021137,-0.00021721090573272565,0.00028910808749087956,0.0,0.008649370782921202,0.0,0.0,0.0,0.009155689776144806
2025-09-02 00:00:00+00:00,111240.01,40.665490401746936,40.668030415262,0.16499847715125324,0.00108801,-0.001204911045472923,0.00021661210584636792,0.0,0.016910931057137816,-0.0016170307483518664,0.0002907006595506367,0.0,0.016424722800554604,0.0,0.0,0.0,0.018332454208457107
2025-09-03 00:00:00+00:00,111705.71,40.232506357672335,40.218106528812,0.20798844560597587,0.0013941633333333333,-0.0006299813936068968,0.00036194911471666767,6.609912015843152e-05,0.0031284137204534426,-0.0009596515537746565,0.00038605756156164704,0.0,0.002840734233599135,0.0,0.0,0.0,0.0041864433489354385
2025-09-04 00:00:00+00:00,110730.87,40.12132071076089,40.116985467201,0.14773820134417331,0.00107196,-0.00021389898167037999,0.00024988322779823465,0.0,-0.009190641382558434,-0.00021478393102196918,0.00025091705226381304,0.0,-0.0091925601563756,0.0,0.0,0.0,-0.008726859173089819
2025-09-05 00:00:00+00:00,110659.99,38.96296384852163,38.961341405624,0.18770784318757408,0.0012534900000000001,-0.0024660271274490764,0.0003433999045058864,0.0,-0.0034495375991345587,-0.0024762296496415436,0.00034482062900141803,0.0,-0.003461160845822558,0.0,0.0,0.0,-0.000640110567179596
2025-09-06 00:00:00+00:00,110187.97,39.21776080123141,39.207434039751,0.18685319663007638,0.00133027,0.0005254730632414257,0.00033269305711413163,0.0,-0.004072718300894097,0.0005276470663290601,0.00033406948491604226,0.0,-0.0040719207256083734,0.0,0.0,0.0,-0.004265498307021391
2025-09-07 00:00:00+00:00,111137.34,39.072602574763316,39.072504831511,0.18950248524351224,0.0014109300000000001,-0.00028934385257538064,0.00033422403198492414,0.0,0.007992345449717433,-0.0002905409347340865,0.00033560679378248377,0.0,0.007989765605761168,0.0,0.0,0.0,0.008615913334277739
2025-09-08 00:00:00+00:00,112065.23,38.56650217263945,38.563964391732,0.1686894193397531,0.0011588966666666667,-0.0010812048026960207,0.00027896879247521017,0.0,0.006988865530652722,-0.0010856779959838492,0.0002801229506207364,0.0,0.006983238179219367,0.0,0.0,0.0,0.008349039125823953
2025-09-09 00:00:00+00:00,111546.39,38.96107844207471,38.960181904708,0.17271425014936184,0.0011579766666666668,0.0008354207360408421,0.00028792412615214776,0.0,-0.004082306942917082,0.0008388770640368446,0.0002891153345756547,0.0,-0.004080041823344587,0.0,0.0,0.0,-0.004629803552805777
2025-09-10 00:00:00+00:00,113960.0,38.21571143864219,38.208362145514,0.18212207616797224,0.0012222200000000002,-0.001592577903720454,0.0003130933644996545,0.0,0.019732052731633233,-0.0015991667653047742,0.00031438870385909067,0.0,0.019724168530689475,0.0,0.0,0.0,0.02163772399985334
2025-09-11 00:00:00+00:00,115482.69,37.17990116734269,37.168130264601,0.21383143572287908,0.0015617466666666667,-0.002156851223792932,0.0003618207427214695,0.0,0.01084294614510373,-0.0021657746140637275,0.000363317678467318,0.0,0.010832525819087085,0.0,0.0,0.0,0.013361618111618132
2025-09-12 00:00:00+00:00,116029.42,35.97419586454939,35.952105474186,0.6603056005158344,0.00156341,-0.00248810100734564,0.00043024477206030754,0.0,0.0018159568247332176,-0.0024983948542632137,0.0004320247937746992,0.0,0.0018038829561012521,0.0,0.0,0.0,0.004734302604139165
2025-09-13 00:00:00+00:00,115918.29,35.53113479873579,35.514339539718,1.5937794638208926,0.0025,-0.0008914896628245895,0.0005442014041398521,0.0,-0.002393465396957685,-0.0008951779608842834,0.0005464528906872254,0.0,-0.0023994051815647522,0.0,0.0,0.0,-0.0009577743299932436
2025-09-14 00:00:00+00:00,115268.01,35.94915015199744,35.934561920546,1.4074911825652288,0.0025,0.0008565834575463121,0.0005478317356037677,0.0,-0.005301061880380255,0.0008601273405953019,0.0005500982416685315,0.0,-0.005299784503396029,0.0,0.0,0.0,-0.005609813602322799
2025-09-15 00:00:00+00:00,115349.71,37.03006586558114,37.021895133325,1.1268520315593242,0.0025,0.002228929479739925,0.0005640803774994145,0.0,0.0023736320507794124,0.00223815107435637,0.0005664141079380274,0.0,0.0023805199149572443,0.0,0.0,0.0,0.0007087829485389021
2025-09-16 00:00:00+00:00,116788.96,38.15622284698375,38.145432049073,0.9504211126320322,0.0025,0.002301512348451033,0.0005744537829802126,0.0,0.014204333107383407,0.0023110342351123523,0.0005768304305864638,0.0,0.014211478346438476,0.0,0.0,0.0,0.012477274541912588
2025-09-17 00:00:00+00:00,116447.59,37.470292577706616,37.459518914855,0.661231938464183,0.0025,-0.001387745404508056,0.0005738370381881637,0.0,-0.004884547079079744,-0.0013934868268668744,0.0005762111341791637,0.0,-0.004892662597429561,0.0,0.0,0.0,-0.0029229646363835237
2025-09-18 00:00:00+00:00,117073.53,35.54068255226383,35.528399346351,1.3306974663943956,0.0024802466666666665,-0.003918511537099044,0.0005400726955348454,0.0,0.0009167094939258654,-0.003934723321825049,0.0005423071006638107,0.0,0.0008982633040708942,0.0,0.0,0.0,0.005375293726559754
2025-09-19 00:00:00+00:00,115632.38,36.4231790113853,36.406197321022,1.5352986349549187,0.0025,0.001771651641576986,0.0005418716521244793,0.0,-0.011080005151560959,0.0017789813724584172,0.0005441134999511849,0.0,-0.011074917268506233,0.0,0.0,0.0,-0.012309785141013465
2025-09-20 00:00:00+00:00,115685.63,36.43644256253557,36.420217834517,1.6398915629299802,0.0025,2.865015164811699e-05,0.0005539230626800581,0.0,-6.476176354885721e-05,2.8768683924081735e-05,0.0005562147699678683,0.0,-6.693493856070267e-05,0.0,0.0,0.0,0.0004605111474830839
2025-09-21 00:00:00+00:00,115232.29,36.58150282106702,36.564704382703,1.5724384054704668,0.0025,0.0002951144465121659,0.0005558444470011034,0.0,-0.004179453527343665,0.00029633540294705013,0.0005581441034983759,0.0,-0.004180532227406053,0.0,0.0,0.0,-0.003918723526854727
2025-09-22 00:00:00+00:00,112650.99,37.08776319133321,37.062654457922,0.8868125853807133,0.0025,0.00102106662182651,0.0005821055674682476,0.0,-0.021961878154859817,0.0010252910096092784,0.0005845138722692564,0.0,-0.021960062071878058,0.0,0.0,0.0,-0.02240083920921808
2025-09-23 00:00:00+00:00,111998.8,39.016419307693134,39.008094572944,1.2667287380932086,0.0025,0.004080612202688362,0.0006047284214153997,0.0,-0.0023135904168677056,0.004097494635202333,0.0006072303221735997,0.0,-0.0022992098851119342,0.0,0.0,0.0,-0.005789474198140667
2025-09-24 00:00:00+00:00,113307.0,37.74729106689844,37.733419157804,1.2503825335029453,0.0025,-0.002689234721951342,0.0005985542515623818,0.0,0.008392693317367937,-0.0027003607053706098,0.000601030608357888,0.0,0.008379090977153163,0.0,0.0,0.0,0.011680482290881661
2025-09-25 00:00:00+00:00,108994.49,39.71385142634979,39.699963143356,0.3887525778735976,0.00229908,0.0043423204253351475,0.00040575464901071505,4.9565226326731605e-05,-0.034173401719941446,0.004816885856562771,0.000408088215818311,0.0001228937141941017,-0.03377449834338878,0.0,0.0,0.0,-0.03806040226993915
2025-09-26 00:00:00+00:00,109643.46,38.56976177265119,38.550017451258,0.07626677509645005,0.0003513333333333333,-0.0033265580920461726,8.281684470156632e-05,0.0,0.002544779259487329,-0.0033799620844438267,8.414637210570667e-05,0.0,0.0024900457396855344,0.0,0.0,0.0,0.005954154196235068
2025-09-27 00:00:00+00:00,109635.85,37.926298986109266,37.914494625557,0.03354955364287734,6.479e-05,-0.0018275562225479529,0.0,0.0,-0.0018969630070474622,-0.0018568954963302437,0.0,0.0,-0.001926302280829753,0.0,0.0,0.0,-6.940678449950943e-05
2025-09-28 00:00:00+00:00,112163.95,37.66488513056465,37.653354045041,0.07970046717121909,0.0,-0.0007510072025807969,0.00011739956862084371,0.0,0.022190656482286988,-0.0007630637432536035,0.00011928428113649348,0.0,0.02217671522909853,0.0,0.0,0.0,0.023059063253488627
2025-09-29 00:00:00+00:00,114311.96,38.308352309094396,38.291526240226,0.6533945504832145,0.0020279866666666666,0.0017939358467437573,0.0008019899091418273,0.0,0.020142573211338364,0.0018227353847859312,0.0008148649174313899,0.0,0.020158497741090974,0.0,0.0,0.0,0.019150627273736433
2025-09-30 00:00:00+00:00,114048.93,38.375993270690486,38.37488188785,0.3607060247942444,0.0025,0.00022991414107304995,0.0006661593750702272,0.0,-0.0027372293130035505,0.0002336051432146738,0.0006768537832896231,0.0,-0.002744232719081323,0.0,0.0,0.0,-0.0023009840790063733
2025-10-01 00:00:00+00:00,118594.99,38.83836085987038,38.819337042658,0.3780164594491764,0.00169169,0.0012287373432670473,0.0006674910994412484,0.0,0.040421856948371755,0.0012484632815861299,0.0006782068869350228,0.0,0.04043086709919706,0.0,0.0,0.0,0.039860610704545954
2025-10-02 00:00:00+00:00,120529.35,39.54127655957566,39.517683039509,0.5193444417070275,0.0025,0.0018566354142243511,0.0007831812104713963,0.0,0.017384092621109373,0.0018864415203565506,0.000795754267142195,0.0,0.017401325670570775,0.0,0.0,0.0,0.01631063841735642
2025-10-03 00:00:00+00:00,122232.0,39.75904910093712,39.732653498099,0.1789507807257694,0.0017504,0.0005623520639121346,0.00028811116888567164,0.0,0.014400675659670877,0.0005713799673832253,0.00029273645611863433,0.0,0.014405078275909006,0.0,0.0,0.0,0.014126434764644414
2025-10-04 00:00:00+00:00,122391.0,39.92490267990437,39.906456420259,0.12278106974873344,0.00042742666666666665,0.00044832657313490637,0.00022098313144488352,0.0,0.0015281484681969933,0.0004555239309566771,0.00022453075669150394,0.0,0.0015317982007721435,0.0,0.0,0.0,0.0013008050265069704
2025-10-05 00:00:00+00:00,123482.31,39.57803663634703,39.568492377604,-0.024148846632683515,0.00016074666666666666,0.00011932006198156252,-1.1908703552339946e-05,4.867887137050828e-05,0.008999136898109744,3.4706975468600605e-05,-1.2594193769760987e-05,4.5205559961137996e-05,0.008918682613223573,0.0,0.0,0.0,0.00891658700394635
2025-10-06 00:00:00+00:00,124658.54,41.082333730148804,41.068319884578,0.09870214633301821,0.0005025533333333334,0.0025965580129304936,9.272492229089356e-05,0.0,0.012029327066254375,0.002746021395657855,9.806236535194321e-05,0.0,0.012173453005920687,0.0,0.0,0.0,0.009525493975614774
2025-10-07 00:00:00+00:00,121332.95,41.06771678540542,41.04932977433,0.11978906011356853,0.00047338666666666665,-3.2566186902786555e-05,0.0001314797489877692,0.0,-0.026841640587648843,-3.4440765646177944e-05,0.00013904800201581448,0.0,-0.02685108341942028,0.0,0.0,0.0,-0.02667759465175829
2025-10-08 00:00:00+00:00,123306.0,41.03859576743242,41.029026783645,0.09273171696063444,0.0003273733333333333,-3.57719586141678e-05,0.00011019072503181336,0.0,0.016115489790723126,-3.783106837202099e-05,0.00011653353671806096,0.0,0.016107087869279023,0.0,0.0,0.0,0.016261452474369106
2025-10-09 00:00:00+00:00,121662.4,41.75604410788869,41.735647564666,0.06935076549651267,0.0007951300000000001,0.0012250777632613367,8.924687545909693e-05,0.0,-0.012193609690920659,0.0012955958359133918,9.438411477265633e-05,0.0,-0.012128228857582163,0.0,0.0,0.0,-0.0133294405787229
2025-10-10 00:00:00+00:00,112774.5,47.023845709075175,46.945571888644,0.08994823330622075,0.0,0.034250630566183896,0.0,0.0006951985500127781,-0.03949836274704245,0.04958157505608691,0.0,0.001143494129816946,-0.024615713836943606,0.0,0.0,0.0,-0.07305379476321357
2025-10-11 00:00:00+00:00,110644.4,48.54061904109693,48.48993989263,0.23430954554567174,0.00012001999999999999,0.0031979899224007014,8.743194665489327e-05,0.0,-0.015777577196655807,0.0031979899224007014,8.743194665489327e-05,0.0,-0.015777577196655807,0.0,0.0,0.0,-0.018888135172401614
2025-10-12 00:00:00+00:00,114958.8,48.277141677717324,48.229874880421,0.07308214525342134,0.00033445333333333334,-0.0005488955325693733,8.316559088660352e-05,0.0,0.03836132670276938,-0.0005488955325693733,8.316559088660352e-05,0.0,0.03836132670276938,0.0,0.0,0.0,0.038993387826225356
2025-10-13 00:00:00+00:00,115166.0,45.48493993139494,45.447405536371,0.5476413138254822,0.0012525266666666666,-0.005652302184803496,0.0003729747950217867,0.0,-0.0042228921254252975,-0.005652302184803496,0.0003729747950217867,0.0,-0.0042228921254252975,0.0,0.0,0.0,0.0018023848543999858
2025-10-14 00:00:00+00:00,113028.14,47.702975770803285,47.679741754475,0.06541740780270829,0.00035912333333333336,0.004526604264120141,5.350707983266589e-05,0.0,-0.014090194064865927,0.004526604264120141,5.350707983266589e-05,0.0,-0.014090194064865927,0.0,0.0,0.0,-0.018563291249153402
2025-10-15 00:00:00+00:00,110763.28,48.67116436615822,48.651495835656,0.05505868478233265,9.479333333333333e-05,0.0020077378116569724,2.9645964195278162e-05,0.0,-0.018059927003419164,0.0020077378116569724,2.9645964195278162e-05,0.0,-0.018059927003419164,0.0,0.0,0.0,-0.020038018850880857
2025-10-16 00:00:00+00:00,108194.28,50.53190746805984,50.5274152801,-0.38802909434223326,1.2826666666666665e-05,0.003955082826672171,-0.0002663737852080424,0.0,-0.01897215051134691,0.003955082826672171,-0.0002663737852080424,0.0,-0.01897215051134691,0.0,0.0,0.0,-0.02319360712322712
2025-10-17 00:00:00+00:00,106431.68,51.79220865979561,51.770295778824,-0.6657147778944309,-0.00224621,0.0026826392740374352,-0.0004757075491905796,0.0,-0.013132717732125614,0.0026826392740374352,-0.0004757075491905796,0.0,-0.013132717732125614,0.0,0.0,0.0,-0.01629106455535363
2025-10-18 00:00:00+00:00,107185.01,50.74945503940954,50.732710705774,0.033365102053644256,0.0,-0.0022766171522718304,0.0,0.0,0.004801444567697278,-0.0022766171522718304,0.0,0.0,0.004801444567697278,0.0,0.0,0.0,0.007078061719969109
2025-10-19 00:00:00+00:00,108642.78,50.764866169651256,50.745873459475,0.010545271604715337,0.0,2.8678069167226026e-05,0.0,0.0,0.013629180602124065,2.8678069167226026e-05,0.0,0.0,0.013629180602124065,0.0,0.0,0.0,0.013600502532956839
2025-10-20 00:00:00+00:00,110532.09,48.94462107976169,48.929271639885,0.025398311321732255,0.0,-0.0039047755976840204,0.0,0.0,0.013485335369653136,-0.0039047755976840204,0.0,0.0,0.013485335369653136,0.0,0.0,0.0,0.017390110967337155
2025-10-21 00:00:00+00:00,108297.67,51.03147919340339,51.011821816256,0.03080717387034133,0.0,0.004399915112562299,0.0,0.0,-0.015815209743938637,0.004399915112562299,0.0,0.0,-0.015815209743938637,0.0,0.0,0.0,-0.020215124856500934
2025-10-22 00:00:00+00:00,107567.44,52.26304154888604,52.258612042339,0.03199435343029973,3.5100000000000003e-06,0.0026885089206169477,1.1401521419624529e-06,0.0,-0.0040554355781004855,0.0026885089206169477,1.1401521419624529e-06,0.0,-0.0040554355781004855,0.0,0.0,0.0,-0.00674280434657547
2025-10-23 00:00:00+00:00,110078.18,48.22362878072689,48.21031338518,0.024458126894736504,0.0,-0.008788786553214752,0.0,0.0,0.014552291378917784,-0.008788786553214752,0.0,0.0,0.014552291378917784,0.0,0.0,0.0,0.023341077932132536
2025-10-24 00:00:00+00:00,111004.89,44.82449995605145,44.815522034754,1.2914066636986126,0.0015685766666666667,-0.007201932593110406,0.0004668392117373732,0.0,0.0007498811925037976,-0.007201932593110406,0.0004668392117373732,0.0,0.0007498811925037976,0.0,0.0,0.0,0.008418652997351577
2025-10-25 00:00:00+00:00,111646.27,44.76274230542261,44.756000255942,0.01372061294579475,0.0,-0.00012521922068713652,0.0,0.0,0.005652724435668946,-0.00012521922068713652,0.0,0.0,0.005652724435668946,0.0,0.0,0.0,0.005777943656356082
2025-10-26 00:00:00+00:00,114559.4,45.82657153860282,45.822419694794,0.010827168369982598,0.0,0.002691520194260202,0.0,5.5725737137840066e-05,0.028728291770288218,0.002691520194260202,0.0,5.5725737137840066e-05,0.028728291770288218,0.0,0.0,0.0,0.026092497313165857
2025-10-27 00:00:00+00:00,114107.65,44.56472840720257,44.563978088878,0.09381962436103726,5.555666666666667e-05,-0.0034308522869765717,0.00016363411578863949,0.0,-0.007537855519572736,-0.0034308522869765717,0.00016363411578863949,0.0,-0.007537855519572736,0.0,0.0,0.0,-0.003943369116807525
2025-10-28 00:00:00+00:00,112898.45,44.70531115512728,44.700613918072,0.10187023132593154,0.00109819,0.0003739809820303103,0.0002550383950231305,0.0,-0.010478068218140391,0.0003739809820303103,0.0002550383950231305,0.0,-0.010478068218140391,0.0,0.0,0.0,-0.01059701080514757
2025-10-29 00:00:00+00:00,110021.29,48.33577254949207,48.332654319127,0.004186323425753776,0.0,0.01004760084080555,0.0,0.0,-0.015436894296195918,0.01004760084080555,0.0,0.0,-0.015436894296195918,0.0,0.0,0.0,-0.02548449513700147
2025-10-30 00:00:00+00:00,108322.88,46.614654166938024,46.61979141284,-0.0034713485673296593,0.0,-0.004862342578136705,0.0,0.0,-0.02029944570608575,-0.004862342578136705,0.0,0.0,-0.02029944570608575,0.0,0.0,0.0,-0.015437103127949046
2025-10-31 00:00:00+00:00,109608.01,45.163542491313315,45.181194130346,-0.03224188843423415,0.0,-0.004147808714706891,0.0,0.0,0.007716074520303017,-0.004147808714706891,0.0,0.0,0.007716074520303017,0.0,0.0,0.0,0.011863883235009908
2025-11-01 00:00:00+00:00,110098.1,45.12537999224062,45.14308668302,-0.044405827663490084,0.0,-0.00010858435285569172,0.0,0.0,0.004362712954704322,-0.00010858435285569172,0.0,0.0,0.004362712954704322,0.0,0.0,0.0,0.004471297307560014
2025-11-02 00:00:00+00:00,110540.68,45.60635464906325,45.612187236769,-0.0221569201182336,0.0,0.0013307173021049393,0.0,0.0,0.005350586854803734,0.0013307173021049393,0.0,0.0,0.005350586854803734,0.0,0.0,0.0,0.004019869552698794
2025-11-03 00:00:00+00:00,106583.04,47.17141773585978,47.180018203548,-0.014272108274584796,0.0,0.004429725232171999,0.0,0.0,-0.031372840845764194,0.004429725232171999,0.0,0.0,-0.031372840845764194,0.0,0.0,0.0,-0.03580256607793619
2025-11-04 00:00:00+00:00,101497.22,49.658048029044835,49.667262602476,-0.04441749232336432,0.0,0.007288363771065863,-4.0625480886666545e-05,0.0,-0.04038798335457092,0.007288363771065863,-4.0625480886666545e-05,0.0,-0.04038798335457092,0.0,0.0,0.0,-0.047716972606523446
2025-11-05 00:00:00+00:00,103885.16,48.29172902052609,48.295663967106,-0.012856395745723554,-9.298e-05,-0.004220584304411317,0.0,0.0,0.019306562547492627,-0.004220584304411317,0.0,0.0,0.019306562547492627,0.0,0.0,0.0,0.023527146851903945
2025-11-06 00:00:00+00:00,101346.04,49.15983074117131,49.191646567483,-0.0298158375893078,0.0,0.0026936784089758655,0.0,0.0,-0.02174792614744018,0.0026936784089758655,0.0,0.0,-0.02174792614744018,0.0,0.0,0.0,-0.024441604556416044
2025-11-07 00:00:00+00:00,103339.08,46.22866679407532,46.247202714522,-0.05092681431868145,-8.473333333333334e-06,-0.009073945695900237,-3.7456605373770083e-06,0.0,0.010595491885110879,-0.009073945695900237,-3.7456605373770083e-06,0.0,0.010595491885110879,0.0,0.0,0.0,0.019665691920473738
2025-11-08 00:00:00+00:00,102312.94,46.32976999876547,46.342282617247,0.0003265554086113777,0.00010900333333333332,0.0002873583492952157,4.542371078303167e-05,0.0,-0.00968790023131634,0.0002873583492952157,4.542371078303167e-05,0.0,-0.00968790023131634,0.0,0.0,0.0,-0.009929834869828524
2025-11-09 00:00:00+00:00,104722.96,46.87050430686004,46.881396997641,-0.020501966229825055,0.0,0.0016456975941963748,0.0,0.0,0.025201075828855685,0.0016456975941963748,0.0,0.0,0.025201075828855685,0.0,0.0,0.0,0.02355537823465931
2025-11-10 00:00:00+00:00,106011.13,46.01041815869727,46.025292157196,-0.022606364411764435,0.0,-0.0025531993536371303,0.0,0.0,0.009747541572707944,-0.0025531993536371303,0.0,0.0,0.009747541572707944,0.0,0.0,0.0,0.012300740926345075
2025-11-11 00:00:00+00:00,103058.99,48.34645755965867,48.365671574887,-0.02846442319409566,0.0,0.00689500346248584,0.0,0.0,-0.02095244991340025,0.00689500346248584,0.0,0.0,-0.02095244991340025,0.0,0.0,0.0,-0.02784745337588609
2025-11-12 00:00:00+00:00,101654.37,47.70378505392577,47.711098152251,-0.0219146571563935,0.0,-0.00198368252830386,0.0,0.0,-0.015612964165936926,-0.00198368252830386,0.0,0.0,-0.015612964165936926,0.0,0.0,0.0,-0.013629281637633066
2025-11-13 00:00:00+00:00,99692.02,48.46577062609403,48.496317025413,-0.005048589605111352,0.0,0.002412483538837768,-3.2384523300225007e-06,0.0,-0.01688841613885054,0.002412483538837768,-3.2384523300225007e-06,0.0,-0.01688841613885054,0.0,0.0,0.0,-0.019304138130018328
2025-11-14 00:00:00+00:00,94594.0,51.300698892195406,51.342123809852,-0.05792321525899293,-2.7253333333333336e-05,0.008915479315968514,-4.128979417590025e-05,0.0,-0.04218092475943516,0.008915479315968514,-4.128979417590025e-05,0.0,-0.04218092475943516,0.0,0.0,0.0,-0.05113769386957957
2025-11-15 00:00:00+00:00,95596.24,50.36289347489515,50.392732591599,-0.06802892899024278,-0.00016929999999999997,-0.0031345940300018106,-7.563017681769157e-05,0.0,0.007536211316488432,-0.0031345940300018106,-7.563017681769157e-05,0.0,0.007536211316488432,0.0,0.0,0.0,0.01059517516967255
2025-11-16 00:00:00+00:00,94261.44,51.08541319530748,51.124140366735,-0.0647770565874123,-0.00013309666666666667,0.0023895627750567324,-6.046057776398412e-05,0.0,-0.01151286891156126,0.0023895627750567324,-6.046057776398412e-05,0.0,-0.01151286891156126,0.0,0.0,0.0,-0.013962892264381976
2025-11-17 00:00:00+00:00,92215.14,52.69124798829825,52.754357262937,-0.08414798519268962,-0.00019072333333333333,0.005401457984886723,-0.00016147732069356316,0.0,-0.01614583553433053,0.005401457984886723,-0.00016147732069356316,0.0,-0.01614583553433053,0.0,0.0,0.0,-0.021708770839910813
2025-11-18 00:00:00+00:00,92960.83,52.58201407984181,52.605505805526,-0.15768908097527207,-0.00123003,-0.0005420142939722247,-0.0006528622123401677,4.9393261269592766e-05,0.008147870835613098,-0.0005420142939722247,-0.0006528622123401677,4.9393261269592766e-05,0.008147870835613098,0.0,0.0,0.0,0.008086416178514747
2025-11-19 00:00:00+00:00,91554.96,53.285242608200775,53.337300902158,-0.07528804259357123,-0.00021619333333333332,0.0032790293637233177,-0.0001875827153453312,0.0,-0.011656639294655052,0.0032790293637233177,-0.0001875827153453312,0.0,-0.011656639294655052,0.0,0.0,0.0,-0.0151232513737237
2025-11-20 00:00:00+00:00,86637.23,57.150573607637256,57.213311227728,-0.1328178918115229,-0.00023487666666666663,0.017634325438842982,-0.0005036707184645952,0.0,-0.03557542362901542,0.017634325438842982,-0.0005036707184645952,0.0,-0.03557542362901542,0.0,0.0,0.0,-0.05371341978632299
2025-11-21 00:00:00+00:00,85129.43,60.68563314938753,60.72707052256,-0.26810967537787395,-0.0016969166666666667,0.01689364066474063,-0.0014348897327939995,0.0,0.0009249268889736685,0.01689364066474063,-0.0014348897327939995,0.0,0.0009249268889736685,0.0,0.0,0.0,-0.01740360350856096
2025-11-22 00:00:00+00:00,84739.74,61.50984921409483,61.543171612373,-0.16626183094100508,-0.0012045766666666667,0.003993190558308468,-0.000991284572138385,0.0,0.00040685726081013916,0.003993190558308468,-0.000991284572138385,0.0,0.00040685726081013916,0.0,0.0,0.0,-0.004577617869636714
2025-11-23 00:00:00+00:00,86830.0,59.69356496936605,59.714357508651,-0.11739269053339478,-0.0010365666666666666,-0.008989555922515671,-0.0005907017916857033,0.0,0.016267966890806333,-0.008989555922515671,-0.0005907017916857033,0.0,0.016267966890806333,0.0,0.0,0.0,0.024666821021636302
2025-11-24 00:00:00+00:00,88300.01,55.97027119011797,55.98786483519,-0.07713283211437823,-0.0004666333333333333,-0.01787665562348118,-0.0003898697320413996,0.0,-0.0005570381084155397,-0.01787665562348118,-0.0003898697320413996,0.0,-0.0005570381084155397,0.0,0.0,0.0,0.01692974778302424
2025-11-25 00:00:00+00:00,87369.96,55.1593768374324,55.18306810511,0.01743837255277295,0.0,-0.0037964812004797474,0.0,0.0,-0.014329322589738801,-0.0037964812004797474,0.0,0.0,-0.014329322589738801,0.0,0.0,0.0,-0.010532841389259055
2025-11-26 00:00:00+00:00,90484.02,52.402355460188346,52.409535539861,0.026553662132467137,-1.6986666666666668e-05,-0.013222906769414133,0.0006116485510544136,0.0,0.02180767228270304,-0.013222906769414133,0.0006116485510544136,0.0,0.02180767228270304,0.0,0.0,0.0,0.03564222760317159
2025-11-27 00:00:00+00:00,91333.95,51.395684882036065,51.403482473263,0.3366060107592861,0.0025,-0.004631320169411589,0.0017763505472065547,0.0,0.0029854795877117587,-0.004631320169411589,0.0017763505472065547,0.0,0.0029854795877117587,0.0,0.0,0.0,0.009393150304329903
2025-11-28 00:00:00+00:00,90890.7,50.40490954533011,50.397985157495,0.36185983801150234,0.0025,-0.0045856877411900344,0.001722701885067414,0.0,-0.011161459048963901,-0.0045856877411900344,0.001722701885067414,0.0,-0.011161459048963901,0.0,0.0,0.0,-0.004853069422706453
2025-11-29 00:00:00+00:00,90802.44,50.98677715134499,50.973803701299,0.411429562507893,0.0025,0.0026388943421160453,0.001754520143490651,0.0,-8.668224609331492e-05,0.0026388943421160453,0.001754520143490651,0.0,-8.668224609331492e-05,0.0,0.0,0.0,-0.000971056444718709
2025-11-30 00:00:00+00:00,90360.0,51.045072409072645,51.039338136692,0.4053608344795259,0.0025,0.0003006269055818758,0.0017491713394576474,0.0,-0.006321100722010786,0.0003006269055818758,0.0017491713394576474,0.0,-0.006321100722010786,0.0,0.0,0.0,-0.004872556288135014
2025-12-01 00:00:00+00:00,86286.01,55.10354260817504,55.104681468845,0.15772639975621347,0.0008468066666666667,0.018740311704265888,0.0006449671969484109,0.0,-0.026990866205387317,0.018740311704265888,0.0006449671969484109,0.0,-0.026990866205387317,0.0,0.0,0.0,-0.04508621071270479
2025-12-02 00:00:00+00:00,91277.88,51.47803416361012,51.461078371466,6.176537021853929,0.0025,-0.01758921586553531,0.0018921191724315918,0.0,0.03837126470560695,-0.01758921586553531,0.0018921191724315918,0.0,0.03837126470560695,0.0,0.0,0.0,0.057852599743573846
2025-12-03 00:00:00+00:00,93429.95,49.49866778217864,49.485104206938,0.276202147694685,0.0018544599999999998,-0.009017196224954664,0.0011433678987788165,0.0,0.013416561024221231,-0.009017196224954664,0.0011433678987788165,0.0,0.013416561024221231,0.0,0.0,0.0,0.023577125147954712
2025-12-04 00:00:00+00:00,92078.06,49.988814960743454,49.982171157403,0.33370865494840957,0.0023099366666666666,0.0022160756158198535,0.0016446796048579,0.0,-0.013898161127835611,0.0022160756158198535,0.0016446796048579,0.0,-0.013898161127835611,0.0,0.0,0.0,-0.014469557138797565
2025-12-05 00:00:00+00:00,89330.04,51.337516951201344,51.327241304888,0.3794323496807989,0.0025,0.006084775743559088,0.0017093349828520693,0.0,-0.025469019472273608,0.006084775743559088,0.0017093349828520693,0.0,-0.025469019472273608,0.0,0.0,0.0,-0.029844460232980628
2025-12-06 00:00:00+00:00,89236.79,51.24596894934519,51.235790198092,0.4024031709592206,0.0025,-0.00042642949960603567,0.0017730175183686718,0.0,-0.0032433287849592514,-0.00042642949960603567,0.0017730175183686718,0.0,-0.0032433287849592514,0.0,0.0,0.0,-0.0010438817669845442
2025-12-07 00:00:00+00:00,90395.31,51.773469916517264,51.764603337922,0.2605638141843026,0.0024210933333333336,0.001270182792433974,0.001304574825112379,0.0004364431047635014,0.012511702670114868,0.001270182792433974,0.001304574825112379,0.0004364431047635014,0.012511702670114868,0.0,0.0,0.0,0.012982537807556774
2025-12-08 00:00:00+00:00,90634.34,50.928258601803414,50.926295421725,0.5613499770805395,0.0018154533333333332,-0.005177008653772876,0.002369020348972526,0.0,-0.004901754648246272,-0.005177008653772876,0.002369020348972526,0.0,-0.004901754648246272,0.0,0.0,0.0,0.002644274354499131
2025-12-09 00:00:00+00:00,92678.8,49.06112250475729,49.058092120621,0.4790747352662936,0.0025,-0.01150674743477258,0.0022942740665257227,0.0,0.008756212324203228,-0.01150674743477258,0.0022942740665257227,0.0,0.008756212324203228,0.0,0.0,0.0,0.02255723382550153
2025-12-10 00:00:00+00:00,92015.37,47.34620062869397,47.337920097784,0.33698577598670215,0.0025,-0.01036126306267509,0.0018739801678649142,0.0,-0.01939362249311146,-0.01036126306267509,0.0018739801678649142,0.0,-0.01939362249311146,0.0,0.0,0.0,-0.007158379262571457
2025-12-11 00:00:00+00:00,92513.38,47.254167207302245,47.245632319107,0.01885879230478192,0.0007027033333333333,-0.0005598930005225819,0.00019950961943233664,0.0,0.004652845355573619,-0.0005598930005225819,0.00019950961943233664,0.0,0.004652845355573619,0.0,0.0,0.0,0.0054122479755285375
2025-12-12 00:00:00+00:00,90268.42,46.34088991646011,46.338766621489,0.03544006169648809,0.0,-0.005472170856028157,0.0,0.0,-0.02973849860234989,-0.005472170856028157,0.0,0.0,-0.02973849860234989,0.0,0.0,0.0,-0.024266327746321734
2025-12-13 00:00:00+00:00,90240.01,46.85612933244237,46.847923891534,0.0027792018221442735,0.0,0.003148743837192716,0.0,0.0,0.002834015829324588,0.003148743837192716,0.0,0.0,0.002834015829324588,0.0,0.0,0.0,-0.0003147280078681281
2025-12-14 00:00:00+00:00,88172.17,49.2850810695862,49.28123593764,-0.022454143283342127,-3.825666666666667e-05,0.015052890189919581,-3.462495067644834e-05,0.0,-0.007827375937097742,0.015052890189919581,-3.462495067644834e-05,0.0,-0.007827375937097742,0.0,0.0,0.0,-0.02291489107769377
2025-12-15 00:00:00+00:00,86432.08,48.87917684847497,48.882932228186,0.000832099708847923,0.0,-0.0025217616967396425,0.0,0.0,-0.02225690034649723,-0.0025217616967396425,0.0,0.0,-0.02225690034649723,0.0,0.0,0.0,-0.019735138649757587
2025-12-16 00:00:00+00:00,87863.42,47.51458982541681,47.521458700839,-0.016380248541232368,0.0,-0.008793372258305312,0.0,0.0,0.007766914153869386,-0.008793372258305312,0.0,0.0,0.007766914153869386,0.0,0.0,0.0,0.016560286412174698
2025-12-17 00:00:00+00:00,86243.22,48.88261934718944,48.899530394616,0.0951265075541707,0.0,0.00875558020264917,0.0,0.0,-0.00968440312602159,0.00875558020264917,0.0,0.0,-0.00968440312602159,0.0,0.0,0.0,-0.01843998332867076
2025-12-18 00:00:00+00:00,85516.41,50.07328964761854,50.102169460247,-0.05064702111267569,0.0,0.007784515112687249,-7.650525952022111e-06,0.0,-0.0006352794405217075,0.007784515112687249,-7.650525952022111e-06,0.0,-0.0006352794405217075,0.0,0.0,0.0,-0.008427445079160979
2025-12-19 00:00:00+00:00,88136.94,46.96132119833363,46.986289154575,-0.0564659979443888,-1.6023333333333333e-05,-0.020340073950950884,-1.1171617448902884e-05,0.0,0.010314689931421192,-0.020340073950950884,-1.1171617448902884e-05,0.0,0.010314689931421192,0.0,0.0,0.0,0.030643592264923174
2025-12-20 00:00:00+00:00,88360.9,46.77723405979218,46.794482717433,-0.04738694745777631,-3.6900000000000002e-06,-0.0012148605573307058,0.0,0.0,0.0013261852289195527,-0.0012148605573307058,0.0,0.0,0.0013261852289195527,0.0,0.0,0.0,0.0025410457862502585
2025-12-21 00:00:00+00:00,88658.86,46.657401162717925,46.67111172386,-0.03243125217440868,0.0,-0.0007794246807877207,0.0,0.0,0.0025926550513110515,-0.0007794246807877207,0.0,0.0,0.0025926550513110515,0.0,0.0,0.0,0.0033720797320987723
2025-12-22 00:00:00+00:00,88620.79,46.74192311715576,46.768477916669,-0.04514904883470757,0.0,0.0006130660519586893,0.0,0.0,0.0001836673432452343,0.0006130660519586893,0.0,0.0,0.0001836673432452343,0.0,0.0,0.0,-0.000429398708713455
2025-12-23 00:00:00+00:00,87486.0,45.34779707755848,45.377380557882,-0.05623280919151661,-6.564666666666667e-05,-0.008762804669713364,-5.7468245433588633e-05,0.0,-0.021510345271526496,-0.008762804669713364,-5.7468245433588633e-05,0.0,-0.021510345271526496,0.0,0.0,0.0,-0.01280500884724672
2025-12-24 00:00:00+00:00,87669.45,44.737268338937675,44.767287757634,-0.06723517059054895,-5.375e-05,-0.0038929476325959846,-9.283951416378607e-05,0.0,-0.0017032011847514144,-0.0038929476325959846,-9.283951416378607e-05,0.0,-0.0017032011847514144,0.0,0.0,0.0,0.002096906933680784
2025-12-25 00:00:00+00:00,87225.27,44.627012359442126,44.655891818567,-0.1741256760741967,-0.00030612333333333337,-0.0007093201530569513,-0.000922776966498193,0.0,-0.004853074344219643,-0.0007093201530569513,-0.000922776966498193,0.0,-0.004853074344219643,0.0,0.0,0.0,-0.005066531157660884
2025-12-26 00:00:00+00:00,87369.56,42.98196378575459,43.014147186059,-0.23907716970711204,-0.0021148833333333333,-0.01050713965725929,-0.0014826804952807555,0.0,-0.007370236710159314,-0.01050713965725929,-0.0014826804952807555,0.0,-0.007370236710159314,0.0,0.0,0.0,0.0016542224518192215
2025-12-27 00:00:00+00:00,87877.01,43.406219397915095,43.438898919913,-0.16548305237038344,-0.0007839300000000001,0.0027139149532868,-0.0008989792409767205,0.0,0.009420981129804882,0.0027139149532868,-0.0008989792409767205,0.0,0.009420981129804882,0.0,0.0,0.0,0.005808086935541361
2025-12-28 00:00:00+00:00,87952.71,43.86545214909548,43.90034904525,-0.4006650067459054,-0.0024518433333333336,0.002931370538736697,-0.0020891753274649735,0.0,0.005881977086949983,0.002931370538736697,-0.0020891753274649735,0.0,0.005881977086949983,0.0,0.0,0.0,0.0008614312207483123
2025-12-29 00:00:00+00:00,87237.13,44.199616955994095,44.253597845143,-0.4517739328470371,-0.0025,0.002242088193435578,-0.0021091069130050183,0.0,-0.003784767958256349,0.002242088193435578,-0.0021091069130050183,0.0,-0.003784767958256349,0.0,0.0,0.0,-0.008135963064696945
2025-12-30 00:00:00+00:00,88485.49,44.344350679956236,44.394373730971,-0.5473590474457196,-0.0025,0.0009008409535093361,-0.0021167128298184503,0.0,0.017327515608069163,0.0009008409535093361,-0.0021167128298184503,0.0,0.017327515608069163,0.0,0.0,0.0,0.014309961824741375
2025-12-31 00:00:00+00:00,87648.22,44.626236154066554,44.696489084349,-0.4757704396914344,-0.0025,0.0019059958840679666,-0.0021165028036749275,0.0,-0.005439730656299887,0.0019059958840679666,-0.0021165028036749275,0.0,-0.005439730656299887,0.0,0.0,0.0,-0.009462229344042781
2026-01-01 00:00:00+00:00,88839.04,44.31864871736626,44.379206645905,-0.4871206447426561,-0.0025,-0.0020208038288942313,-0.002118445591306277,0.0,0.013683998678730396,-0.0020208038288942313,-0.002118445591306277,0.0,0.013683998678730396,0.0,0.0,0.0,0.01358635691631835
2026-01-02 00:00:00+00:00,89995.13,45.34003518010258,45.358845474152,-0.4226488313229427,-0.0025,0.006155783758265855,-0.002123593840444458,0.0,0.021292687963162825,0.006155783758265855,-0.002123593840444458,0.0,0.021292687963162825,0.0,0.0,0.0,0.01301331036445251
2026-01-03 00:00:00+00:00,90628.01,46.231170190582894,46.24574310176,-0.40477707529179474,-0.0025,0.005501431460735451,-0.002119391306298816,0.0,0.014653203296958387,0.005501431460735451,-0.002119391306298816,0.0,0.014653203296958387,0.0,0.0,0.0,0.00703238052992412
2026-01-04 00:00:00+00:00,91529.73,46.00777213280215,46.029885036076,-0.20036789206877662,-0.0025,-0.001329618530914301,-0.0010702810881609165,0.0,0.00969034588362663,-0.001329618530914301,-0.0010702810881609165,0.0,0.00969034588362663,0.0,0.0,0.0,0.009949683326380014
2026-01-05 00:00:00+00:00,93859.71,46.003796113456104,46.007755170624,0.2985255184520137,0.00181645,-0.0001349701760468829,0.0018836276623384232,0.0,0.023437393346118468,-0.0001349701760468829,0.0018836276623384232,0.0,0.023437393346118468,0.0,0.0,0.0,0.025455991184503774
2026-01-06 00:00:00+00:00,93747.97,45.86639177247081,45.88887818933,0.31610686817179223,0.0025,-0.0007070331594038726,0.0020329346124317773,0.0,-0.003930467934258965,-0.0007070331594038726,0.0020329346124317773,0.0,-0.003930467934258965,0.0,0.0,0.0,-0.001190500162423315
2026-01-07 00:00:00+00:00,91364.16,46.10533544030196,46.150583420237,0.30394161681623816,0.00246938,0.001558374212736561,0.0019846705508714253,0.0,-0.025854153602670807,0.001558374212736561,0.0019846705508714253,0.0,-0.025854153602670807,0.0,0.0,0.0,-0.025427857264535943
2026-01-08 00:00:00+00:00,91099.99,44.765813199410104,44.805788823739,0.24824373426106836,0.0020692933333333334,-0.008216773430116387,0.0016740596393191877,0.0,-0.01278222943317381,-0.008216773430116387,0.0016740596393191877,0.0,-0.01278222943317381,0.0,0.0,0.0,-0.0028913963637382345
2026-01-09 00:00:00+00:00,90641.28,42.440521763051905,42.493564031589,0.19744771333266134,0.0019988633333333336,-0.014168795963502876,0.0012457021930847726,0.0,-0.020449734713693817,-0.014168795963502876,0.0012457021930847726,0.0,-0.020449734713693817,0.0,0.0,0.0,-0.005035236557106169
2026-01-10 00:00:00+00:00,90504.7,43.070455084812195,43.131822392062,-0.491424535862413,-0.0013930333333333333,0.003930897364888258,-0.001977633523404047,0.0,0.004401711920157678,0.003930897364888258,-0.001977633523404047,0.0,0.004401711920157678,0.0,0.0,0.0,-0.0015068189681346263
2026-01-11 00:00:00+00:00,91013.65,43.58564608465049,43.649547173297,-0.48889350586348823,-0.0025,0.0031933685387474553,-0.0020156501371309137,0.0,0.01083248353460943,0.0031933685387474553,-0.0020156501371309137,0.0,0.01083248353460943,0.0,0.0,0.0,0.005623464858731062
2026-01-12 00:00:00+00:00,91296.2,43.009079578676904,43.061225698261,-0.44860782934399657,-0.0025,-0.0036085222869504377,-0.001980996933634023,0.0,0.0014769540297212167,-0.0036085222869504377,-0.001980996933634023,0.0,0.0014769540297212167,0.0,0.0,0.0,0.0031044793830376314
2026-01-13 00:00:00+00:00,95414.0,43.060398983896526,43.084947789448,-0.4334726430782084,-0.0025,0.00014505125534933065,-0.0019501287456846004,0.0,0.047198919258527705,0.00014505125534933065,-0.0019501287456846004,0.0,0.047198919258527705,0.0,0.0,0.0,0.04510373925749377
2026-01-14 00:00:00+00:00,96951.78,42.06977912565387,42.068764614281,-0.35704066871230383,-0.0025,-0.005945400553815931,-0.001862308701885653,0.0,0.012033830193052628,-0.005945400553815931,-0.001862308701885653,0.0,0.012033830193052628,0.0,0.0,0.0,0.016116922044982905
2026-01-15 00:00:00+00:00,95604.8,41.73571204735528,41.746896255579,-0.5006761267535978,-0.0025,-0.0018532914433180216,-0.001804169203142805,0.0,-0.013942420537534955,-0.0018532914433180216,-0.001804169203142805,0.0,-0.013942420537534955,0.0,0.0,0.0,-0.013893298297359738
2026-01-16 00:00:00+00:00,95550.94,39.34062714789512,39.361100868344,-0.37402836280813184,-0.0025,-0.01393075708672745,-0.0017609984736845117,0.0,-0.01273311944848217,-0.01393075708672745,-0.0017609984736845117,0.0,-0.01273311944848217,0.0,0.0,0.0,-0.0005633608354392309
2026-01-17 00:00:00+00:00,95147.77,40.16463431936605,40.17956715724,-0.3804122322531868,-0.0025,0.004781752070869896,-0.001741447871460562,0.0,0.0023037752040704447,0.004781752070869896,-0.001741447871460562,0.0,0.0023037752040704447,0.0,0.0,0.0,-0.004219424738260013
2026-01-18 00:00:00+00:00,93673.14,41.37800193100717,41.39151276626,-0.37109052891542565,-0.0025,0.007110591635187732,-0.0017929972023033832,0.0,-0.006594724995823156,0.007110591635187732,-0.0017929972023033832,0.0,-0.006594724995823156,0.0,0.0,0.0,-0.015498313833314271
2026-01-19 00:00:00+00:00,92631.0,40.81938929069124,40.846605884679,-0.3866586330863932,-0.0025,-0.003247345041720085,-0.0018209955163710693,0.0,-0.01255163047568333,-0.003247345041720085,-0.0018209955163710693,0.0,-0.01255163047568333,0.0,0.0,0.0,-0.011125280950334316
2026-01-20 00:00:00+00:00,88427.66,44.06920531713068,44.118901789874,-0.4566875493485638,-0.0025,0.019720478047223874,-0.001925554583518259,0.0,-0.02373121688615822,0.019720478047223874,-0.001925554583518259,0.0,-0.02373121688615822,0.0,0.0,0.0,-0.04537724951690035
2026-01-21 00:00:00+00:00,89454.73,41.35511205601386,41.395312025064,-0.42835358085580183,-0.0025,-0.0171939152943491,-0.001999163925628773,0.0,-0.0035799466797803263,-0.0171939152943491,-0.001999163925628773,0.0,-0.0035799466797803263,0.0,0.0,0.0,0.011614804688940003
2026-01-22 00:00:00+00:00,89559.67,40.7019081466192,40.744479159012,-0.4389127597976091,-0.0025,-0.004061508710175218,-0.0019176711264229523,0.0,-0.0009707302477846506,-0.004061508710175218,-0.0019176711264229523,0.0,-0.0009707302477846506,0.0,0.0,0.0,0.0011731073359676155
2026-01-23 00:00:00+00:00,89600.26,39.634339294963915,39.685791747549,-0.4261218215719809,-0.0025,-0.006598975052785543,-0.0018614797769862079,0.0,-0.004284277884533864,-0.006598975052785543,-0.0018614797769862079,0.0,-0.004284277884533864,0.0,0.0,0.0,0.0004532173912654715
2026-01-24 00:00:00+00:00,89225.34,40.17956304645101,40.237271442365,-0.48066321905124415,-0.0025,0.0034359076219556547,-0.0018676443805771298,0.0,0.0011191891446571678,0.0034359076219556547,-0.0018676443805771298,0.0,0.0011191891446571678,0.0,0.0,0.0,-0.0041843628578756165
2026-01-25 00:00:00+00:00,86670.36,42.58262039057273,42.629050060267,-0.4774948116800967,-0.0025,0.014964216733605047,-0.0019554682859152283,0.0,-0.011715453832290165,0.014964216733605047,-0.0019554682859152283,0.0,-0.011715453832290165,0.0,0.0,0.0,-0.02863513885181044
2026-01-26 00:00:00+00:00,88347.08,40.95000657784064,40.992107179731,-0.46240486191194946,-0.0025,-0.01054348409126855,-0.002013050538030998,0.0,0.010815511242653467,-0.01054348409126855,-0.002013050538030998,0.0,0.010815511242653467,0.0,0.0,0.0,0.01934594479589102
2026-01-27 00:00:00+00:00,89250.0,40.03464526941469,40.087403480508,-0.4401106427278291,-0.0025,-0.005716568188718413,-0.0019030712323458482,0.0,0.006406648406666012,-0.005716568188718413,-0.0019030712323458482,0.0,0.006406648406666012,0.0,0.0,0.0,0.010220145363038577
2026-01-28 00:00:00+00:00,89299.99,39.96129469564975,40.020583228174,-0.4585952371959106,-0.0025,-0.00041794690036435706,-0.0018800106403473991,0.0,0.002022175784801028,-0.00041794690036435706,-0.0018800106403473991,0.0,0.002022175784801028,0.0,0.0,0.0,0.0005601120448179859
2026-01-29 00:00:00+00:00,84650.16,43.50945095521151,43.580390361815,-0.4776615247008902,-0.0025,0.022253395212706313,-0.0019755069083872753,0.0,-0.02784086854741378,0.022253395212706313,-0.0019755069083872753,0.0,-0.02784086854741378,0.0,0.0,0.0,-0.05206977066850737
2026-01-30 00:00:00+00:00,84260.49,42.13581791179667,42.202860191235,-0.46741697517744774,-0.0025,-0.009084364643747662,-0.0021543128648347865,0.0,-0.011533350815795951,-0.009084364643747662,-0.0021543128648347865,0.0,-0.011533350815795951,0.0,0.0,0.0,-0.0046032990368830755
2026-01-31 00:00:00+00:00,78741.09,50.017582804642466,50.077670803195,-0.36449373205171565,-0.0025,0.0521719848711721,-0.001887929122659144,0.0,-0.011444096248691776,0.0521719848711721,-0.001887929122659144,0.0,-0.011444096248691776,0.0,0.0,0.0,-0.06550401024252302
2026-02-01 00:00:00+00:00,76968.21,50.07844160283902,50.130476129567,-0.14192184218157824,-0.0009556033333333333,0.00037436697566217063,-0.0008893696190072456,0.0,-0.021251572756521814,0.00037436697566217063,-0.0008893696190072456,0.0,-0.021251572756521814,0.0,0.0,0.0,-0.02251530935119123
2026-02-02 00:00:00+00:00,78738.61,48.67775370943076,48.722127697011,-0.2628252761044749,-0.0006795566666666667,-0.010214566739367754,-0.0013097885881037062,0.0,0.014096926058824687,-0.010214566739367754,-0.0013097885881037062,0.0,0.014096926058824687,0.0,0.0,0.0,0.023001704210088736
2026-02-03 00:00:00+00:00,75770.21,53.88831847491525,53.970486286157,-1.501533412020028,-0.0025,0.037209769395348195,-0.0026887235287604504,0.0,0.0021990720173896416,0.037209769395348195,-0.0026887235287604504,0.0,0.0021990720173896416,0.0,0.0,0.0,-0.037699420906719
2026-02-04 00:00:00+00:00,73165.83,56.73365723727882,56.856671519428,-0.6549789293009022,-0.0025,0.021264096357541565,-0.003036621281160057,0.0,-0.010071366060155813,0.021264096357541565,-0.003036621281160057,0.0,-0.010071366060155813,0.0,0.0,0.0,-0.034372083698857435
2026-02-05 00:00:00+00:00,62909.86,88.54173621479505,88.701824873934,-1.274788499600627,-0.0025,0.20983713099745158,-0.0025219191408596864,0.0015796268925636432,0.0706051096351455,0.21543233813593124,-0.002743879556172439,0.001705147261960687,0.07629675681954087,0.0,0.0,0.0,-0.14017431361060212
2026-02-06 00:00:00+00:00,70580.26,63.9778291796048,64.023828960773,-2.4418183052799773,-0.0025,-0.08045453242317253,-0.0016906266844111102,0.0,0.043162927352267455,-0.09674075075940197,-0.0020328561956405445,0.0,0.02721893852726745,0.0,0.0,0.0,0.12192683309102888
2026-02-07 00:00:00+00:00,69289.38,64.1415864483644,64.181855745911,-2.749217724748114,-0.0025,0.0004592051997283184,-0.0014329212044735939,0.0,-0.016397406674877,0.0005521610086636187,-0.001722984012519301,0.0,-0.016014388057895994,0.0,0.0,0.0,-0.018289533079078914
2026-02-08 00:00:00+00:00,70330.38,61.45239309673958,61.495193613506,-2.958845069319464,-0.0025,-0.007952537483117807,-0.0013576813312074702,0.0,0.00842909124089358,-0.009562350602108746,-0.0016325135118827128,0.0,0.007094110302577884,0.0,0.0,0.0,0.015023947392803917
2026-02-09 00:00:00+00:00,70138.0,58.21139053502505,58.23961615585,-2.9548500995256535,-0.0025,-0.009493894790768441,-0.0012879633368611725,0.0,-0.010941306977258695,-0.011415721178502347,-0.001548682670892603,0.0,-0.01260241403096117,0.0,0.0,0.0,-0.0027353755233514255
2026-02-10 00:00:00+00:00,68841.29,59.001050883958825,59.03267507413,-1.2038678142314263,-0.0025,0.002319056990627992,-0.0013015547826305306,0.0,-0.014867369064518524,0.0027884981438606273,-0.0015650254004820016,0.0,-0.014134457293434419,0.0,0.0,0.0,-0.018487980837777047
2026-02-11 00:00:00+00:00,67082.52,60.09062615746797,60.134989376965,-1.330499216229571,-0.0025,0.003933794127322666,-0.0015007963348183469,-0.0014105537157338757,-0.01870304063969593,0.003948887186716043,-0.0016248374949794115,0.0,-0.019974460135875366,0.0,0.0,0.0,-0.025548184817570818
2026-02-12 00:00:00+00:00,66272.17,58.37310719734903,58.41914154146,-0.7038548998836331,-0.0025,-0.006998278486503353,-0.0017940002928821344,0.0,-0.01728417620580093,-0.006307941928907033,-0.0016170333446671548,0.0,-0.01677080659641959,0.0,0.0,0.0,-0.012079898012179712
2026-02-13 00:00:00+00:00,68853.96,54.765570634916685,54.790327101631,-0.5748330451909917,-0.0025,-0.014981503083304426,-0.0016949087274801622,0.0,0.025670783982624713,-0.013503671172772028,-0.001527716544627601,0.0,0.02698142371030455,0.0,0.0,0.0,0.03895737833844898
2026-02-14 00:00:00+00:00,69822.95,51.93011271191923,51.952305834736,-0.4365681204077634,-0.0025,-0.011277388473145819,-0.0015556751447800697,0.0,0.004351406068107461,-0.01016494438389699,-0.0014022174871208617,0.0,0.005310392499697083,0.0,0.0,0.0,0.01407311939647321
2026-02-15 00:00:00+00:00,68832.58,53.15704068376995,53.186527735998,-0.41810820708252533,-0.0025,0.004836340541224175,-0.001541355265695458,0.0,-0.007806322485060231,0.004359265688168365,-0.001389310174862725,0.0,-0.008435442428948774,0.0,0.0,0.0,-0.014184018291979864
2026-02-16 00:00:00+00:00,68892.43,54.13588263575379,54.157776139814,-0.4397561315123142,-0.0025,0.0038606291729209744,-0.0016183651873990226,0.0,0.00634849540183248,0.0034798021654604836,-0.0014587235477361551,0.0,0.005808026754709122,0.0,0.0,0.0,0.0008695010415124824
2026-02-17 00:00:00+00:00,67503.52,54.81922516003112,54.84198093239,-0.4533956347674259,-0.0025,0.002717292727916966,-0.001629453598040738,0.0,-0.015813814130394163,0.002449248735185123,-0.0014687181557739334,0.0,-0.01624259356539281,0.0,0.0,0.0,-0.020160560456351867
2026-02-18 00:00:00+00:00,66461.0,56.742444389009584,56.765984505882,-0.4416406702534823,-0.0025,0.007798323957454273,-0.001662890128105932,0.0,-0.005982721282551028,0.007029067900240734,-0.0014988563805333741,0.0,-0.006916011087337125,0.0,0.0,0.0,-0.015443935368111233
2026-02-19 00:00:00+00:00,67003.73,56.484857421916935,56.509236527937,-0.41244039057223997,-0.0025,-0.001056968339442608,-0.0017478522641775083,0.0,0.008857026474500866,-0.000952705000059027,-0.0015754375313876863,0.0,0.008788875081094626,0.0,0.0,0.0,0.008166142549765967
2026-02-20 00:00:00+00:00,68020.01,54.483269794319824,54.494642814759,-0.3792008398341016,-0.0025,-0.008226409278830836,-0.0016924770315292778,0.0,0.008633581561258038,-0.007414925272602901,-0.0015255247203273075,0.0,0.009278113256284002,0.0,0.0,0.0,0.015167513808559597
2026-02-21 00:00:00+00:00,67975.93,54.47481082087705,54.495121493665,-0.13535493657100806,-0.0015895233333333332,1.925437458603907e-06,-0.0004945188171516833,0.0,-0.00015160034285451388,1.7355050531408524e-06,-0.0004457376178099481,0.0,-0.00020057147460171218,0.0,0.0,0.0,-0.0006480445974648011
2026-02-22 00:00:00+00:00,67643.4,55.18203468746893,55.198550076562,-0.13338551820748304,0.0,0.002831305101908409,-0.0005556664077955258,0.0,-0.0015049071302793483,0.0025520144990371697,-0.0005008533797245125,0.0,-0.0018390107612216008,0.0,0.0,0.0,-0.004891878639983283
2026-02-23 00:00:00+00:00,64656.02,61.922889598129046,61.951142986002,-0.6144205543136524,-0.0025,0.027312846121907042,-0.0018227088207083792,0.0,-0.015028103300465171,0.024618604072763305,-0.0016429099551423755,0.0,-0.01790214421517491,0.0,0.0,0.0,-0.04416365824308059
2026-02-24 00:00:00+00:00,64058.15,61.11373686890458,61.097012563903,-0.7370562670805888,-0.0025,-0.003614406890108412,-0.001956678406205471,0.0,-0.010904663262752542,-0.0032578681763258824,-0.0017636642759635863,0.0,-0.010741138679211898,0.0,0.0,0.0,-0.009246934778849601
2026-02-25 00:00:00+00:00,67988.04,57.926716137709334,57.925104974875,-1.3615228191325883,-0.0025,-0.013547774277520616,-0.0018502700367477904,0.0,0.04965128588195149,-0.012211370778306842,-0.0016677524289881876,0.0,0.050805171773405655,0.0,0.0,0.0,0.06134879012272431
2026-02-26 00:00:00+00:00,67485.18,56.369897498633115,56.354975078526,-1.0914242077971925,-0.0025,-0.006318658440602074,-0.0017230031647241975,0.0,-0.01199195615467951,-0.00569536216496449,-0.0015530396407293743,0.0,-0.01153862340303675,0.0,0.0,0.0,-0.007396300878801634
2026-02-27 00:00:00+00:00,65872.1,57.0385199648421,57.035989219082,-0.4030278323704993,-0.0025,0.0027610199031367906,-0.001719345537634725,0.0,-0.01942236401775534,0.0024886624970886766,-0.0015497428157569921,0.0,-0.01986432414568119,0.0,0.0,0.0,-0.023902729458526856
2026-02-28 00:00:00+00:00,66973.26,58.756625378167115,58.750427077233,-1.3245314299848314,-0.0025,0.007121017572642309,-0.0018655848602107741,0.0,0.02570323967380925,0.006418573569140388,-0.001681556540562523,0.0,0.024816767350659078,0.0,0.0,0.0,0.016716637240956168
2026-03-01 00:00:00+00:00,65776.47,58.621906833832305,58.612848205743,-0.6382497294553425,-0.0025,-0.0005620463370145752,-0.0017836571053388378,0.0,-0.016648058410091027,-0.000506603968687487,-0.0016077104481135615,0.0,-0.016768562698989214,0.0,0.0,0.0,-0.01786966917841529
2026-03-02 00:00:00+00:00,68830.06,57.04463162543236,57.047537384445,-0.8437594162008782,-0.0025,-0.006511062185163424,-0.0018050997355434516,0.0,0.0417177814819105,-0.005601835441318633,-0.001989759203286414,-0.00105904847907934,0.043870716172577595,0.0,0.0,0.0,0.046423743931530474
2026-03-03 00:00:00+00:00,68338.0,59.07299250044065,59.0704504878,-0.65587887474335,-0.0025,0.008041200622913705,-0.001750486114587888,0.0,0.0026427753461705722,0.009707814990445271,-0.0021132908057708787,0.0,0.004672194404885129,0.0,0.0,0.0,-0.007148911391331021
2026-03-04 00:00:00+00:00,72666.77,59.09782668923813,59.092303981799,-0.3852651028921395,-0.0025,0.0021834297971887605,-0.0019553294038588084,-0.00023479698255693816,0.06771708394268443,0.00010562847999307911,-0.0021225750864865525,0.0,0.06557173132555955,0.0,0.0,0.0,0.06334352775907992
2026-03-05 00:00:00+00:00,70890.72,57.85707639502766,57.846348205857,-0.453270094001224,-0.0025,-0.006255603551290919,-0.0021889053258840616,0.0,-0.028507718515699144,-0.0056635557889922385,-0.001981741222620853,0.0,-0.028122834856663673,0.0,0.0,0.0,-0.024441020290292288
2026-03-06 00:00:00+00:00,68114.02,58.754423334822114,58.756042549454,-0.4383933473515569,-0.0025,0.004681753602134261,-0.0022418081174501365,0.0,-0.032245175739987135,0.004238659387315392,-0.0020296371464867545,0.0,-0.03290044092576939,0.0,0.0,0.0,-0.039168737459571536
2026-03-07 00:00:00+00:00,67262.91,61.0959012547348,61.098850958327,-0.4009429264125551,-0.0025,0.012548814742514031,-0.002388004018921355,0.0,0.0024414470303292125,0.011361159926013872,-0.002161996660211596,0.0,0.0010277848551192952,0.0,0.0,0.0,-0.012495371731106174
2026-03-08 00:00:00+00:00,65971.2,63.38516715246261,63.380581561431,-0.38192416469160945,-0.0025,0.012376309495551446,-0.0025634079166893275,0.0,-0.00426417965376494,0.01120498105661208,-0.0023207998440243874,0.0,-0.005678116165369245,0.0,0.0,0.0,-0.019203897066005712
2026-03-09 00:00:00+00:00,68432.16,59.39158275012395,59.387796934562,-0.5785752240976983,-0.0025,-0.022081264864565523,-0.0025379938235736534,0.0,0.017760279599287623,-0.019991432389633072,-0.0022977910115420984,0.0,0.01960990926218852,0.0,0.0,0.0,0.037303550640279494
2026-03-10 00:00:00+00:00,69948.63,58.22951761964639,58.225424488493,-0.6057734691710165,-0.0025,-0.0061970857336244665,-0.0023052932900070136,0.0,0.018268402412134593,-0.005610576260752209,-0.0020871139053001346,0.0,0.01863673250029997,0.0,0.0,0.0,0.022160194855752047
2026-03-11 00:00:00+00:00,70191.86,56.761450158590044,56.750699665716,-0.44046881946286387,-0.0025,-0.007691910525899133,-0.0022317187285217518,0.0,-0.0019829256950963797,-0.006963926666736496,-0.00202050264545832,0.0,-0.0014661579189971753,0.0,0.0,0.0,0.003477266102281001
2026-03-12 00:00:00+00:00,70541.34,57.82152929571488,57.820368162505,-0.3775068785924296,-0.0025,0.005559873376527413,-0.0022456867267267454,0.0,0.012784485009931314,0.005033671457840002,-0.002033148673366882,0.0,0.01204574503788404,0.0,0.0,0.0,0.004978924906677155
2026-03-13 00:00:00+00:00,70930.0,55.35394120221751,55.346648909803,-0.43112153114955376,-0.0025,-0.012794082597865568,-0.0021655578728595635,0.0,-0.005118847704410656,-0.011583214947666143,-0.0019606034376491964,0.0,-0.004112934489421597,0.0,0.0,0.0,0.005509677020595349
2026-03-14 00:00:00+00:00,71211.95,56.014628960068116,56.003485883246,-0.14747398755341629,-0.0016666666666666668,0.0033785478775932706,-0.0007238102759267717,0.0,0.008077403973342362,0.0030587926862120523,-0.0006553068532469882,0.0,0.0076891453592813595,0.0,0.0,0.0,0.003975045819822319
2026-03-15 00:00:00+00:00,72815.24,55.115448909531665,55.103443352107,0.08411634165599695,0.0,-0.004611185573026437,0.0004872137151630924,0.0,0.01741593994841343,-0.004174770113243843,0.00044110245068502133,0.0,0.0178984666726741,0.0,0.0,0.0,0.02251433923660296
2026-03-16 00:00:00+00:00,74884.67,55.52228099099155,55.524362881336,0.04594445742340838,0.0006998133333333332,0.002109012903978189,0.00010317051483524933,0.0,0.03042612913131385,0.0019094100422844265,9.3406169645758e-05,0.0,0.030236290614809577,0.0,0.0,0.0,0.028420286742170908
2026-03-17 00:00:00+00:00,73909.36,54.233994571913804,54.221154213619,-0.005575742524934965,0.0,-0.006349265470092442,0.0,0.0,-0.019373426489964703,-0.005748353282645271,0.0,0.0,-0.018772514302517532,0.0,0.0,0.0,-0.013024161019872261
2026-03-18 00:00:00+00:00,71246.54,57.110829168912346,57.107921331173,0.04915021993841482,0.00013008,0.014249996391042687,0.00010689160759327683,0.0,-0.021885078926976536,0.012901337000001178,9.677508780981824e-05,0.0,-0.023223621798234586,0.0,0.0,0.0,-0.036028183710425946
2026-03-19 00:00:00+00:00,69930.0,58.224202830156315,58.221636230956,-0.0037040979648527567,0.0,0.00570312247166272,0.0,0.0,-0.012775529263565316,0.005163363059197003,0.0,0.0,-0.013315288676031035,0.0,0.0,0.0,-0.018478651735228037
2026-03-20 00:00:00+00:00,70510.73,57.33337212296934,57.334582782451,0.06307079376852374,0.00011127333333333334,-0.00462795051576518,0.00032535681619823775,0.0,0.003351139972483828,-0.00418994837505689,0.00029456413993616236,0.0,0.0038199347894541944,0.0,0.0,0.0,0.008304447304447246
2026-03-21 00:00:00+00:00,68918.12,58.59544621122035,58.601415536813,0.3600150450120891,0.0014011566666666667,0.006554906767605757,0.0017395529817060024,0.0,-0.017771421304926857,0.005934532114381988,0.0015749168372037653,0.0,-0.018227159813648388,0.0,0.0,0.0,-0.02258677509082661
2026-03-22 00:00:00+00:00,67859.0,60.84403506425977,60.857881804454,0.16493402416603772,0.0018810533333333335,0.0119453222403305,0.0009934902492290286,0.0,-0.004415969684277883,0.010814783636926688,0.000899463561939962,0.0,-0.005452481600392628,0.0,0.0,0.0,-0.015367801675379355
2026-03-23 00:00:00+00:00,70906.45,56.19293660842103,56.203163338684,-0.005864031966055019,0.0,-0.025025825343451137,0.0,0.0,0.019882735053843213,-0.025413936189497808,0.0,0.00013392310083738067,0.01936070110695916,0.0,0.0,0.0,0.04490856039729435
2026-03-24 00:00:00+00:00,70556.74,55.24851620285308,55.27197138691,-0.008487307157520213,0.0,-0.004791328166492693,0.0,0.0,-0.009723319543863749,-0.005794481958969962,0.0,0.0,-0.010726473336341018,0.0,0.0,0.0,-0.0049319913773710556
2026-03-25 00:00:00+00:00,71336.53,53.845027224523946,53.862847545397,0.1599292531106426,0.0,-0.007286401574224342,0.0,0.0,0.003765554624432136,-0.008811945456568358,0.0,0.0,0.0022400107420881207,0.0,0.0,0.0,0.011051956198656478
2026-03-26 00:00:00+00:00,68820.31,54.98938827986568,55.023041388794,0.00137349760221545,0.0,0.005933637661653715,0.0,0.0,-0.029338893816959012,0.007175955223013965,0.0,0.0,-0.028096576255598762,0.0,0.0,0.0,-0.03527253147861273
2026-03-27 00:00:00+00:00,66407.28,56.35404929130675,56.394784583696,0.06330498248058279,4.3066666666666665e-05,0.007272079802070602,0.0001259860922061518,0.0,-0.027916666106242147,0.008794625154664247,0.00015236362716187295,0.0,-0.026420498288604224,0.0,0.0,0.0,-0.0350627598161066
2026-03-28 00:00:00+00:00,66377.03,56.085012895270694,56.134380925489,0.30364439786007397,0.0010194866666666665,-0.0014306514359341254,0.001620952842366958,0.0,-0.0035071266246462433,-0.0017301849606271196,0.0019603295109530973,0.0,-0.004146036817925376,0.0,0.0,0.0,-0.0004555223463451598
2026-03-29 00:00:00+00:00,66010.93,56.98946689724033,57.034915746093,0.3594151386308541,0.0025,0.004949771379574626,0.0023233872720381174,0.0,-0.002889078093770267,0.005986098209792654,0.002809831671659479,0.0,-0.0023391956631735994,0.0,0.0,0.0,-0.005515462201306775
2026-03-30 00:00:00+00:00,66797.37,57.724603545744365,57.771564242347,0.041200173501201635,0.0012855366666666666,0.004071429335829862,0.0004200917874418353,0.0,0.0155651221292143,0.0049238588996413256,0.000508045827557045,0.0,0.016329597652910553,0.0,0.0,0.0,0.011913784580826273
2026-03-31 00:00:00+00:00,68284.48,54.566000739080366,54.613898878154,-0.2013395628209024,-0.0001168,-0.017246826175781497,-0.0008520532589562844,0.0,0.00586822935407259,-0.020857770466223648,-0.0010304464786259557,0.0,0.002435678283300109,0.0,0.0,0.0,0.0222630022708978
2026-04-01 00:00:00+00:00,68113.92,54.445114598669996,54.451689467548,-0.4504007243962467,-0.0025,-0.0008666754328142711,-0.00218514304203,0.0,-0.0011793181248192623,-0.0010481300769262267,-0.0026426434372330086,0.0,-0.0009032723737282095,0.0,0.0,0.0,-0.0024977857340349914
2026-04-02 00:00:00+00:00,66901.99,52.95225363359629,52.949738183208,-0.2212240161777245,-0.0025,-0.008044932747783586,-0.0010607556774243723,0.0,-0.024776869078101435,-0.009729289259324987,-0.0012828446355845876,0.0,-0.026239136631482623,0.0,0.0,0.0,-0.017792692007742222
2026-04-03 00:00:00+00:00,66964.3,49.64487993404559,49.650041074949,0.37501893005288084,0.0021301833333333335,-0.01799440481218443,0.0020741859940944167,0.0,-0.019137228375953566,-0.021761868614173948,0.002508455464683021,0.0,-0.02333896164853169,0.0,0.0,0.0,0.0009313624303252813
2026-04-04 00:00:00+00:00,67300.42,49.85604037567046,49.861712056907,0.4019237965013114,0.0025,0.0011532419650162515,0.0020251950468218602,0.0,0.0041474378473909225,0.0013946946500860045,0.002449207350118688,0.0,0.003964878229163848,0.0,0.0,0.0,0.005019390929196532
2026-04-05 00:00:00+00:00,69034.18,50.08377538790866,50.102399475867,0.3695838785345575,0.0025,0.0013047823145027598,0.0020355841129480754,0.0,0.0250307016215927,0.0015779627942503708,0.0024617715607398454,0.0,0.02487769465354854,0.0,0.0,0.0,0.025761503420038016
2026-04-06 00:00:00+00:00,68853.66,51.24946938244034,51.247853520221,0.08109649120774202,0.0015440866666666666,0.006053631009835486,0.0005591344263407643,0.0,0.002879560040466478,0.007321071413572175,0.000676199632646373,0.0,0.0040299352378975585,0.0,0.0,0.0,-0.002614936543028244
2026-04-07 00:00:00+00:00,71924.22,49.91423908851556,49.91773793907,-0.08486187376683073,0.0,-0.007047982166086436,-0.0004316697500479974,0.0,0.037979138283314326,-0.008523608504659119,-0.0005220478522800028,0.0,0.03659389004697365,0.0,0.0,0.0,0.044595450699352765
2026-04-08 00:00:00+00:00,71069.93,46.552776578142044,46.547173374723,-0.24878251637670465,-0.0019663466666666666,-0.01709739463887293,-0.0013568551886079618,0.0,-0.027618179555364587,-0.020677052653828076,-0.001640938094432153,0.0,-0.030913754664495544,0.0,0.0,0.0,-0.01187764010509962
2026-04-09 00:00:00+00:00,71787.97,46.487159644746576,46.486303778999,-0.15939546284654663,-0.00126698,-0.00031247622255705504,-0.0007405365914347218,0.0,0.010531348777913785,-0.0003778989397712969,-0.0008955817197064768,0.0,0.010620971188971297,0.0,0.0,0.0,0.010103288409036118
2026-04-10 00:00:00+00:00,72962.7,44.454482795680306,44.440310532577,0.14436870172357824,-0.00024053333333333332,-0.010398123455434866,0.0005646128588170686,0.0,0.0054011474952497945,-0.012575164270946758,0.0006828250770000661,0.0,0.003105894461554905,0.0,0.0,0.0,0.01636388380950173
2026-04-11 00:00:00+00:00,73043.16,46.1703872939963,46.158051453351,0.43615282067139943,0.0025,0.00858932847060422,0.0017138071512854927,0.0,0.007978276562751418,0.010387664366353756,0.002072624598900481,0.0,0.009417795010885965,0.0,0.0,0.0,0.001102755243432691
2026-04-12 00:00:00+00:00,70740.98,47.32780415573743,47.327638359224,0.4816622840072194,0.0025,0.005841917107190303,0.0017790080625573617,0.0,-0.027455168760325215,0.007065031262133614,0.0021514765353458616,0.0,-0.026604523078170402,0.0,0.0,0.0,-0.031518077804958154
2026-04-13 00:00:00+00:00,74417.99,46.39637701710793,46.386036920399,0.4094625941253614,0.0025,-0.004856221504421147,0.001795109925589622,0.0,0.04532716816103263,-0.0058729619258637835,0.0021709496233089714,0.0,0.04393458804187064,0.0,0.0,0.0,0.0519784995910434
2026-04-14 00:00:00+00:00,74131.55,46.69971421997686,46.677860020665,0.36635366315203344,0.0025,0.0014306855064018748,0.001712359806415383,0.0,-0.004130743590920214,0.0017302261643818702,0.0020708742254243098,0.0,-0.004189717351949145,0.0,0.0,0.0,-0.0038490692909067055
2026-04-15 00:00:00+00:00,74809.99,46.22412400611816,46.214162193421,-0.01951078152415212,0.0008333333333333334,-0.0022820987148635783,0.0,0.0,0.006869740144569448,-0.002759898586020952,0.0,0.0,0.006391940273412073,0.0,0.0,0.0,0.009151838859433025
2026-04-16 00:00:00+00:00,75154.29,45.112958936235884,45.101686157303,-0.015118701914983504,0.0,-0.005997119350031827,0.0,0.00011030604565797555,-0.001505098888227519,-0.006561334996772459,0.0,0.0,-0.0019590084893101756,0.0,0.0,0.0,0.0046023265074622835
2026-04-17 00:00:00+00:00,77072.0,45.17250020841915,45.158155750087,0.07294395945426195,0.0,0.0003659490464124706,0.0006037532169463123,0.0,0.025279168978969754,0.00033152938156829313,0.0005469666681641546,0.0,0.025301535862907735,0.0,0.0,0.0,0.025516973149503595
2026-04-18 00:00:00+00:00,75691.76,46.99409546894785,46.975914761197,0.5181691327130923,0.00235431,0.01148680946626307,0.0021795924066628654,0.0,-0.008601232182666835,0.010406407328769695,0.0019745888935516678,0.0,-0.009476630807049012,0.0,0.0,0.0,-0.01790844924226704
2026-04-19 00:00:00+00:00,73801.79,46.071235156966075,46.053241409343,0.3795749859740097,0.0025,-0.005936891530073542,0.0015659422199340116,0.0,-0.0324721302758117,-0.0053784918875969725,0.0014186561239491512,0.0,-0.031766444537350266,0.0,0.0,0.0,-0.024969296525804145
2026-04-20 00:00:00+00:00,75840.97,44.47785282345183,44.463083293318,0.09237801899631647,0.00030496999999999995,-0.010493808992027759,0.0003477457837735,0.0,0.016788940365305857,-0.009506804402221293,0.0003150382430767861,0.0,0.017808652495809037,0.0,0.0,0.0,0.027630495141107117
2026-04-21 00:00:00+00:00,76336.15,44.57886425719475,44.567955580445,0.07845478359708262,0.00033821333333333334,0.0006734674351502276,0.00022064803471671067,0.0,0.006982008043458428,0.0006101238532265004,0.000199894786476475,0.0,0.0069394177097749365,0.0,0.0,0.0,0.006529188643024911
2026-04-22 00:00:00+00:00,78178.23,45.29230118036259,45.279410960068,0.07302063288260514,0.00022196666666666665,0.004539177389482644,0.00018867415936337948,0.0,0.02848166520252686,0.004112241000534767,0.0001709282425651028,0.0,0.02807247473037726,0.0,0.0,0.0,0.024131161972407594
2026-04-23 00:00:00+00:00,78257.48,44.90683042330802,44.895015745674,0.06550168532351668,0.00019619333333333334,-0.00239470421604983,0.00012527433984748165,0.0,-0.0015062692406569947,-0.002169468169323068,0.0001134915497749375,0.0,-0.0012692504038576888,0.0,0.0,0.0,0.001013709315240317
2026-04-24 00:00:00+00:00,77437.13,42.417558681218665,42.407902834536,0.15287815725152387,9.279333333333334e-05,-0.015478518239401984,0.0007058508125481064,0.0,-0.02666707306950843,-0.01402267236329549,0.0006394613831013845,0.0,-0.025144837763955215,0.0,0.0,0.0,-0.01048270401755834
2026-04-25 00:00:00+00:00,77625.0,43.21850740404781,43.206137064373,0.5977236924687787,0.0025,0.005020429106109482,0.002015529977312992,0.0,0.005430996273667372,0.004548228156550315,0.00182595750272233,0.0,0.005148367798698867,0.0,0.0,0.0,0.002426097144870882
2026-04-26 00:00:00+00:00,78657.55,42.832345974042646,42.823077438939,0.3730701420062624,0.0025,-0.0024033914210929335,0.0019246779543971764,0.0,0.008973701961063873,-0.0021773382915265043,0.0017436506480747035,0.0,0.009380782396952775,0.0,0.0,0.0,0.013301771336553983
2026-04-27 00:00:00+00:00,77371.32,42.91074553329189,42.915299979624,0.04588871385918236,0.0007376066666666667,0.000571026689952066,2.427135640384503e-06,0.0,-0.015783676864163033,0.0005173182639350826,2.1988492270371373e-06,0.0,-0.01583715700376667,0.0,0.0,0.0,-0.016352276418474716
2026-04-28 00:00:00+00:00,76342.77,42.74166617752092,42.750220387715,0.02772241875818431,0.0,-0.0010391377458256964,0.0,0.0,-0.01433282331303591,-0.0009414007157968208,0.0,0.0,-0.014235086283007034,0.0,0.0,0.0,-0.013293685567210212
2026-04-29 00:00:00+00:00,75780.0,41.65373768030277,41.667160859823,0.02965102137808563,0.0,-0.006909460743593281,0.0,0.0,-0.014281082182008523,-0.006259585233928952,0.0,0.0,-0.013631206672344194,0.0,0.0,0.0,-0.0073716214384152426
2026-04-30 00:00:00+00:00,76346.57,40.67687904388839,40.696498460745,0.025917896160701965,0.0,-0.0062384018369238585,0.0,0.0,0.0012381091158342175,-0.00782870115246165,0.0,0.0001614757044830059,-0.0005136659041865795,0.0,0.0,0.0,0.007476510952758076
2026-05-01 00:00:00+00:00,78231.13,40.23623705090982,40.240875744006,0.12014772419423891,0.0,-0.0029065351472337695,0.0006417653407205166,0.0,0.021135978059202417,-0.003586133277811025,0.0007918211644864974,0.0,0.02030632410485918,0.0,0.0,0.0,0.024684278547156702
2026-05-02 00:00:00+00:00,78686.85,40.92642518994566,40.930727960191,0.4337330864353479,0.0025,0.0042947333093988176,0.001896070728049047,0.0,0.008223965117565228,0.005298916152731407,0.0023394048206887854,0.0,0.008784813868258079,0.0,0.0,0.0,0.0058253025362154575
2026-05-03 00:00:00+00:00,78568.57,40.92516410501409,40.929956233822,0.4253334418993564,0.0025,-4.776622500308634e-06,0.0019282933230318246,0.0,-0.0034362436016131537,-5.89347936156984e-06,0.002379161615054455,0.0,-0.0038882287504970452,0.0,0.0,0.0,-0.0015031736560810202
2026-05-04 00:00:00+00:00,79861.01,42.917845941325105,42.926361082317,0.093086281999279,0.0016666666666666668,0.012375407469323769,0.0006392489819813592,0.0,0.028185993325878834,0.015268991532564356,0.000788716437601639,0.0,0.030930109933499143,0.0,0.0,0.0,0.016449834838536424
2026-05-05 00:00:00+00:00,80905.52,41.939336967642376,41.943075416251,-0.018560219705293413,0.0,-0.005996594056636748,0.0,0.0,0.007082504241769563,-0.007398701343933644,0.0,0.0,0.005680396954472667,0.0,0.0,0.0,0.013079098298406311
2026-05-06 00:00:00+00:00,81447.01,41.30944106739634,41.315125794211,-0.01684273579300258,0.0,-0.0037801269913140326,0.0,0.0,0.002912741431013525,-0.004663985987165711,0.0,0.0,0.0020288824351618467,0.0,0.0,0.0,0.006692868422327558
2026-05-07 00:00:00+00:00,80006.0,40.67494300466027,40.676593387931,0.04446767789475411,0.0,-0.003818277934239148,0.0002540877069526025,0.0,-0.02176497338701317,-0.004711057279640476,0.000313497802444478,0.0,-0.022717162827906374,0.0,0.0,0.0,-0.01769260774582142
2026-05-08 00:00:00+00:00,80193.17,39.334957408846236,39.339797171183,0.312425376268047,0.0019170666666666666,-0.008137713392513804,0.001745220839969859,0.0,-0.0075434846911992814,-0.010040451370407967,0.0021532836227016565,0.0,-0.009854285451825241,0.0,0.0,0.0,0.002339449541284382
2026-05-09 00:00:00+00:00,80678.4,40.42324340288913,40.427776373388,0.39018448686253365,0.0025,0.0066075879475444525,0.0018243690045031094,0.0,0.01083398361539431,0.008152556162035085,0.0022509379954624626,0.0,0.011952382838925591,0.0,0.0,0.0,0.006050764672352969
2026-05-10 00:00:00+00:00,82210.07,40.51386850464288,40.518139657016,0.3771489930908503,0.0025,0.0005454996387680405,0.0018261208320858948,0.0,0.01770426199722649,0.0006730468783361402,0.0022530994305985878,0.0,0.0174048306382819,0.0,0.0,0.0,0.018984883190544345
2026-05-11 00:00:00+00:00,81745.65,40.364278786065576,40.376660545535,0.03308215578440137,0.0011342666666666666,-0.000838160221815616,0.00021652183356963257,0.0,-0.006703868341201728,-0.0010341365616896507,0.0002671483788784437,0.0,-0.006950471226384574,0.0,0.0,0.0,-0.0056491862858164795
2026-05-12 00:00:00+00:00,80504.47,40.44488821911125,40.454668245701,-0.2056495863916038,-0.0008333333333333334,0.0004647640877752416,-0.0011222100093015767,0.0,-0.01359646379839521,0.0005408068877451135,-0.0010383516344413648,0.0001353315032126022,-0.013739610876498153,0.0,0.0,0.0,-0.01518343789547203
2026-05-13 00:00:00+00:00,79313.61,41.72894590269969,41.74922536757,-0.32795224245464544,-0.0021981266666666666,0.007831788726439028,-0.0017361467235278293,0.0,-0.0052245350799304344,0.007246549716446195,-0.0016064112537430468,0.0,-0.00593950955970805,0.0,0.0,0.0,-0.014792470529897291
2026-05-14 00:00:00+00:00,81089.99,41.41230571201259,41.422468705639,-0.34827433596135243,-0.0025,-0.002006487568957749,-0.0017583511476930887,0.0,0.02214877629018555,-0.0018565505827293583,-0.0016269564279374705,0.0,0.022167318556658325,0.0,0.0,0.0,0.022396912711450213
2026-05-15 00:00:00+00:00,79113.21,41.37735082275719,41.400948865352,-0.026527935768515486,-0.0006442566666666667,-0.00012925029324550863,0.0,0.0,-0.024506858429588833,-0.00011959192319717707,0.0,0.0,-0.0244972000595405,0.0,0.0,0.0,-0.024377608136343324
2026-05-16 00:00:00+00:00,78148.05,42.58758187944594,42.608546767204,0.3089255587333414,0.0008333333333333334,0.007434180195556668,0.0013237921385600266,0.0,-0.006089344452909142,0.006878652919512011,0.0012248703178025576,0.0,-0.00654594990819633,0.0,0.0,0.0,-0.012199732509905784
2026-05-17 00:00:00+00:00,77457.67,42.228007158702,42.24687345246,0.3296328563601411,0.0025,-0.002254021534742502,0.0014362021468664764,0.0,-0.012524481222264242,-0.0020855873011884248,0.0013288803648393082,0.0,-0.012248725206682996,0.0,0.0,0.0,-0.008834257540655263
2026-05-18 00:00:00+00:00,77001.87,41.862724225660166,41.892905130612,-0.024801741147501232,0.00018889333333333333,-0.002225664548345884,0.0,0.0,-0.008110168949265806,-0.0020593493217294047,0.0,0.0,-0.007943853722649327,0.0,0.0,0.0,-0.005884504400919921
2026-05-19 00:00:00+00:00,76834.36,41.635754254001526,41.672385653036,-0.028794361783474862,0.0,-0.001394779073662457,0.0,0.0,-0.003570180787932445,-0.0012905526762529741,0.0,0.0,-0.0034659543905229623,0.0,0.0,0.0,-0.002175401714269988
2026-05-20 00:00:00+00:00,77552.23,40.52085943293283,40.559499846426,-0.03352791943104389,0.0,-0.0070543152773748655,0.0,0.0,0.0022887702900717217,-0.006527173824341144,0.0,0.0,0.0028159117431054434,0.0,0.0,0.0,0.009343085567446587
2026-05-21 00:00:00+00:00,77615.52,38.59324055519272,38.631126570438,-0.032615266333273794,0.0,-0.012110346073616782,0.0,0.0,-0.011294250907816803,-0.011205387169035016,0.0,0.0,-0.010389292003235037,0.0,0.0,0.0,0.0008160951657999796
2026-05-22 00:00:00+00:00,75539.5,38.65221962717248,38.697416737575,-0.005339048565424637,0.0,0.00041596834538732265,0.0,0.0,-0.026331517209048232,0.0003848846541456258,0.0,0.0,-0.02636260090028993,0.0,0.0,0.0,-0.026747485554435554
2026-05-23 00:00:00+00:00,76752.01,38.480043548671986,38.528351966177,0.23853520740404674,0.0008333333333333334,-0.0010900307655963841,0.0012599932428619016,0.0,0.013701313371323083,-0.001985444490875385,0.0013621498303077668,0.0004286740662802592,0.012275068992317957,0.0,0.0,0.0,0.01605133737978137
2026-05-24 00:00:00+00:00,77064.96,37.888912561682034,37.938690712636,0.22739564034524132,0.0025,-0.003741731101230456,0.0012209300368128083,0.0,-0.0008852434912609633,-0.004645054477940957,0.0015156852219778613,0.0,-0.002083322053136517,0.0,0.0,0.0,0.004077417646782301
2026-05-25 00:00:00+00:00,77322.01,36.333863125283415,36.370803961565,-0.011238348133545475,0.0,-0.009908718100819431,0.0,0.0,-0.006573220359693136,-0.012300866668299664,0.0,0.0,-0.008965368927173369,0.0,0.0,0.0,0.003335497741126296
2026-05-26 00:00:00+00:00,75930.01,37.348091290946826,37.400799782832,-0.030393677219417783,0.0,0.006487719547487155,0.0,0.0,-0.011514916441929056,0.008053975531745246,0.0,0.0,-0.009948660457670965,0.0,0.0,0.0,-0.01800263598941621
2026-05-27 00:00:00+00:00,74449.3,38.611333952958596,38.666826956893,-0.0381875269670557,0.0,0.008120622284488269,0.0,0.0,-0.011380362899103725,0.01008109131461238,0.0,0.0,-0.009419893868979614,0.0,0.0,0.0,-0.019500985183591994
2026-05-28 00:00:00+00:00,73617.51,38.8590032824063,38.911102985694,-0.03504950581309808,0.0,0.0015980117653698533,0.0,0.0,-0.009574558023735056,0.001983801482712799,0.0,0.0,-0.00918876830639211,0.0,0.0,0.0,-0.011172569789104908
2026-05-29 00:00:00+00:00,73460.78,37.482159103704845,37.535613262521,0.3303412491943327,0.0015266566666666667,-0.009099886301972006,0.0017747835156964023,0.0,-0.013003647013446912,-0.011296767852138942,0.002203249216452344,0.0,-0.01562899426436979,0.0,0.0,0.0,-0.0021289771957785034
2026-05-30 00:00:00+00:00,73884.38,36.42589873478996,36.480369887522,0.6086087013113651,0.0025,-0.006996113379495812,0.0018129935232342007,0.0,-0.0030427646449973037,-0.00868510507634368,0.00225068382941992,0.0,-0.0051694466480308905,0.0,0.0,0.0,0.005766342257732709
2026-05-31 00:00:00+00:00,73674.39,37.64947753042929,37.704223642177,0.22752446392646253,0.0025,0.008067456482440238,0.001229756904912752,0.0,0.003995556217861948,0.010015090300590999,0.001526643059963695,0.0,0.005646303880961767,0.0,0.0,0.0,-0.002842143359665537
2026-06-01 00:00:00+00:00,71408.9,39.07502326718731,39.129157009073,-0.035887051697749625,0.0,0.009419714664717008,0.0,0.0,-0.021330319370176327,0.011693808721284414,0.0,0.0,-0.019056225313608923,0.0,0.0,0.0,-0.030750034034893337
2026-06-02 00:00:00+00:00,66760.83,46.45000420464579,46.51297842588,-0.05141935241435822,0.00038316,0.05036033163815867,0.0003463990009704385,0.0,-0.015076973398333839,0.0625182509532806,0.00043002615289027083,0.0,-0.0030026812351317475,0.0,0.0,0.0,-0.06509090603552208
2026-06-03 00:00:00+00:00,64142.75,50.53426812529976,50.598984490031,-1.1434901058110671,-0.00167443,0.02980828703876634,-0.0025990070625606316,0.0,-0.006808515528361599,0.026609142947726486,-0.0023952348840236555,0.00014775655575836714,-0.010359188353696794,0.0,0.0,0.0,-0.03921580962968857
2026-06-04 00:00:00+00:00,63885.99,49.09329862073867,49.147136402155,-4.063460457527342,-0.0025,-0.006966810981396794,-0.0021609918483572123,0.008426626510586682,-0.01723539219643234,-0.0068881497847682075,-0.0020796841555984534,0.006794799023253563,-0.015606211205229394,0.0,0.0,0.0,-0.004002946552806077
2026-06-05 00:00:00+00:00,61056.47,52.47925334788071,52.5057270034,-0.039345978702002085,-0.0007162733333333334,0.015237794637863317,6.36847532511997e-06,0.0,-0.0290587225852545,0.015237794637863317,6.36847532511997e-06,0.0,-0.0290587225852545,0.0,0.0,0.0,-0.0442901487477927
2026-06-06 00:00:00+00:00,60884.62,51.985983536056345,52.00472957769,0.21096884711166855,0.00073141,-0.002378342954476872,0.0012207780318509286,0.0,-0.006413728512770101,-0.002378342954476872,0.0012207780318509286,0.0,-0.006413728512770101,0.0,0.0,0.0,-0.0028146075264423006
2026-06-07 00:00:00+00:00,63332.01,52.120227259293316,52.140136296093,-0.08736582151764398,0.0024603900000000002,0.000644619279355012,0.0005889206307369211,0.0,0.040252878166203966,0.000644619279355012,0.0005889206307369211,0.0,0.040252878166203966,0.0,0.0,0.0,0.040197179517585876
2026-06-08 00:00:00+00:00,63085.99,47.53551799454607,47.553493230547,-0.4399247344298647,-0.0016666666666666668,-0.020991445700451812,-0.000577624090633141,0.0,-0.024298429093459313,-0.020991445700451812,-0.000577624090633141,0.0,-0.024298429093459313,0.0,0.0,0.0,-0.0038846074836406436
2026-06-09 00:00:00+00:00,61730.0,48.66217377030359,48.691959999691,-0.016273692492672215,0.0,0.0052306795300007276,0.0,0.0,-0.016263633232626883,0.0052306795300007276,0.0,0.0,-0.016263633232626883,0.0,0.0,0.0,-0.021494312762627612
2026-06-10 00:00:00+00:00,61510.99,49.383832660540406,49.432588980905,-0.0037314291644866917,0.0,0.003477563767600712,0.0,0.0,-7.030598778568105e-05,0.003477563767600712,0.0,0.0,-7.030598778568105e-05,0.0,0.0,0.0,-0.003547869755386393
2026-06-11 00:00:00+00:00,63625.99,45.709536491356026,45.757816123938,0.0646232900365442,0.00014197,-0.017316035202703247,0.0001200182492170822,0.0,0.01694804603989406,-0.017316035202703247,0.0001200182492170822,0.0,0.01694804603989406,0.0,0.0,0.0,0.03438409949181439
2026-06-12 00:00:00+00:00,63580.01,42.43386994943603,42.457954112804,0.0361658562117446,3.8963333333333334e-05,-0.015032523926220063,6.420078026134573e-05,0.0,-0.015819385367635695,-0.015032523926220063,6.420078026134573e-05,0.0,-0.015819385367635695,0.0,0.0,0.0,-0.000722660661154285
2026-06-13 00:00:00+00:00,64458.01,42.533740434413325,42.553579993532,0.2472672637623868,0.0015912333333333334,0.0009881114205932452,0.0009548033119483378,7.785206193176305e-05,0.013764827891731729,0.0009881114205932452,0.0009548033119483378,7.785206193176305e-05,0.013764827891731729,0.0,0.0,0.0,0.013809371845018584
2026-06-14 00:00:00+00:00,65746.45,42.39786826676487,42.426250880888,-0.10336521357432286,0.00013397,-0.0007634508420148638,-0.0006357293641418943,0.0,0.019861105356836866,-0.0007634508420148638,-0.0006357293641418943,0.0,0.019861105356836866,0.0,0.0,0.0,0.019988826834709837
2026-06-15 00:00:00+00:00,66328.74,40.62523433635929,40.652526427614,-0.43541364330764387,-0.0025,-0.010426633421134373,-0.001809649421920273,0.0,0.00023961586283180805,-0.010426633421134373,-0.001809649421920273,0.0,0.00023961586283180805,0.0,0.0,0.0,0.008856599862045908
2026-06-16 00:00:00+00:00,65675.01,39.52673211547692,39.566644252685,-0.41612306419499884,-0.0025,-0.006327194953485492,-0.001733599557057387,0.0,-0.014449504011607744,-0.006327194953485492,-0.001733599557057387,0.0,-0.014449504011607744,0.0,0.0,0.0,-0.00985590861517964
2026-06-17 00:00:00+00:00,64509.4,41.850738382002675,41.886674298591,-0.4323210128195461,-0.0025,0.013652862649481462,-0.001790721469699496,0.0,-0.0023045669659881706,0.013652862649481462,-0.001790721469699496,0.0,-0.0023045669659881706,0.0,0.0,0.0,-0.01774815108516913
2026-06-18 00:00:00+00:00,62958.01,45.24335622274454,45.293578189283,0.01037427887183052,-0.0008333333333333334,0.020411134244831354,9.756318769055842e-05,0.0,-0.0037354822591200813,0.020411134244831354,9.756318769055842e-05,0.0,-0.0037354822591200813,0.0,0.0,0.0,-0.024049053316260876
2026-06-19 00:00:00+00:00,63543.91,42.83674099486775,42.876309967615,0.14804621430803297,0.00027912333333333337,-0.014838982063293012,0.0007347466724803853,0.0,-0.006267526077843113,-0.014838982063293012,0.0007347466724803853,0.0,-0.006267526077843113,0.0,0.0,0.0,0.009306202657930284
2026-06-20 00:00:00+00:00,64298.01,42.15284742885348,42.202999767622,0.5217469180287054,0.0024309166666666667,-0.00409516607359426,0.0019309725412571884,0.0,0.005841245686807019,-0.00409516607359426,0.0019309725412571884,0.0,0.005841245686807019,0.0,0.0,0.0,0.011867384301658467
2026-06-21 00:00:00+00:00,63311.99,44.12875702485476,44.180833604772,0.3261691235922009,0.0025,0.011888375941346672,0.0012608065179927584,0.0,-0.004707586361405272,0.011888375941346672,0.0012608065179927584,0.0,-0.004707586361405272,0.0,0.0,0.0,-0.015335155784759186
2026-06-22 00:00:00+00:00,64020.01,42.56343715272791,42.614024154108,-0.025445605338776888,0.0,-0.009564460491864032,0.0,0.0,0.0016185713477607222,-0.009564460491864032,0.0,0.0,0.0016185713477607222,0.0,0.0,0.0,0.011183031839624755
2026-06-23 00:00:00+00:00,62734.57,44.19483429633046,44.250054903186,0.004875008331598508,0.0,0.009876566306398285,0.0,0.0,-0.010202155955594525,0.009876566306398285,0.0,0.0,-0.010202155955594525,0.0,0.0,0.0,-0.02007872226199281
2026-06-24 00:00:00+00:00,61077.99,47.88479918189522,47.95821461319,0.03261031391246482,0.0,0.02284450566497963,6.48919676358806e-05,0.0,-0.003626560761172532,0.02284450566497963,6.48919676358806e-05,0.0,-0.003626560761172532,0.0,0.0,0.0,-0.02640617445851628
2026-06-25 00:00:00+00:00,59794.0,50.168472639133356,50.246122454613,-0.06706859729977098,-0.00015588,0.014477182516508523,-0.0006875845624328573,0.0,-0.005857371992760194,0.014477182516508523,-0.0006875845624328573,0.0,-0.005857371992760194,0.0,0.0,0.0,-0.021022139071701574
2026-06-26 00:00:00+00:00,60097.27,47.117813920238426,47.188190045929,0.07810696045349383,-0.00036647666666666666,-0.01976516908836361,0.00019696444265970622,0.0,-0.014890219961099967,-0.01976516908836361,0.00019696444265970622,0.0,-0.014890219961099967,0.0,0.0,0.0,0.00507191356992335
2026-06-27 00:00:00+00:00,60029.0,46.40638930834392,46.476528386899,0.24435645319922672,0.0005408133333333333,-0.004576664575781022,0.001141368244996043,0.0,-0.006854024522230339,-0.004576664575781022,0.001141368244996043,0.0,-0.006854024522230339,0.0,0.0,0.0,-0.001135991701453274
2026-06-28 00:00:00+00:00,59577.01,49.69237321741604,49.770087864693,0.32898053484475626,0.0025,0.02120482347634213,0.0015986613446464272,0.0,0.012076634736603364,0.02120482347634213,0.0015986613446464272,0.0,0.012076634736603364,0.0,0.0,0.0,-0.0075295273950923385
2026-06-29 00:00:00+00:00,60260.21,44.20599008339652,44.272143381636,0.02922527489282988,5.680666666666667e-05,-0.03566579476325784,0.0,0.0,-0.024198284057366473,-0.03566579476325784,0.0,0.0,-0.024198284057366473,0.0,0.0,0.0,0.011467510705891368
2026-06-30 00:00:00+00:00,58624.71,45.9061218885385,45.975496696243,-0.008002742117030915,0.0,0.010924570170512439,0.0,0.0,-0.016216058778507157,0.010924570170512439,0.0,0.0,-0.016216058778507157,0.0,0.0,0.0,-0.027140628949019596
2026-07-01 00:00:00+00:00,60024.0,44.57141356138919,44.619778526068,-0.011406953571585962,0.0,-0.00893755996821677,0.0,0.0,0.014931044243215593,-0.00893755996821677,0.0,0.0,0.014931044243215593,0.0,0.0,0.0,0.023868604211432363
2026-07-02 00:00:00+00:00,61560.0,41.84305480270822,41.894166140836,0.0061925968689194545,0.0,-0.017549688809885486,0.0,0.0,0.00804007528447677,-0.017549688809885486,0.0,0.0,0.00804007528447677,0.0,0.0,0.0,0.025589764094362255
2026-07-03 00:00:00+00:00,62583.26,40.74501205462832,40.785963870277,-0.0072841866797991595,0.0,-0.006957459451155298,0.0,0.0,0.009664697793808996,-0.006957459451155298,0.0,0.0,0.009664697793808996,0.0,0.0,0.0,0.016622157244964294
2026-07-04 00:00:00+00:00,63144.01,40.409110707520846,40.44602282606,-0.03236166859583167,-0.00019763,-0.0020993056831757166,-0.00014756662828657228,0.0,0.007008324706570389,-0.0020993056831757166,-0.00014756662828657228,0.0,0.007008324706570389,0.0,0.0,0.0,0.008960063761459533
2026-07-05 00:00:00+00:00,63650.0,40.1721818158619,40.21195151512,-0.1306941071634481,-1.8456666666666666e-05,-0.0014326704004937302,-0.0006291146714706699,0.0,0.007209714254938965,-0.0014326704004937302,-0.0006291146714706699,0.0,0.007209714254938965,0.0,0.0,0.0,0.008013269983962025
2026-07-06 00:00:00+00:00,64042.02,39.1075365117477,39.134330118575,-0.241537999108311,-0.0025,-0.0065433184538588145,-0.001247253481885005,0.0,0.000862929529204459,-0.0065433184538588145,-0.001247253481885005,0.0,0.000862929529204459,0.0,0.0,0.0,0.006158994501178268
2026-07-07 00:00:00+00:00,63363.99,40.56051336182341,40.587444170916,0.045382202879654575,-3.0259999999999998e-05,0.008769300252656645,0.0,0.0,-0.0018179672944944117,0.008769300252656645,0.0,0.0,-0.0018179672944944117,0.0,0.0,0.0,-0.010587267547151056
2026-07-08 00:00:00+00:00,62290.0,41.181112159075006,41.218641046558,0.06861453764223312,8.063666666666667e-05,0.0038499277836625003,0.0001153715861661341,0.0,-0.013214976178858057,0.0038499277836625003,0.0001153715861661341,0.0,-0.013214976178858057,0.0,0.0,0.0,-0.016949532376354423
2026-07-09 00:00:00+00:00,63230.0,39.370019247611765,39.402533816016,0.07355948270193965,0.00021714333333333334,-0.011268170664004087,0.0001523396310598082,0.0,0.0036701944729566546,-0.011268170664004087,0.0001523396310598082,0.0,0.0036701944729566546,0.0,0.0,0.0,0.01509070476802055
2026-07-10 00:00:00+00:00,64161.72,38.00709649222674,38.033847941473,0.22201770099138432,0.00037665333333333333,-0.0083658652057541,0.0008034075990912724,0.0,0.00556613760160728,-0.010165437201179727,0.00107199946692247,0.00017933610697480832,0.003318637631375647,0.0,0.0,0.0,0.014735410406452652
2026-07-11 00:00:00+00:00,63819.0,38.39009858911059,38.414304635059,0.4556383818372651,0.0025,0.0022917091093264757,0.0017161941456908332,0.0,-0.0047659877267535984,0.003057863712414614,0.0022899449935462057,0.0,-0.004573583971520833,0.0,0.0,0.0,-0.005341502690389241
2026-07-12 00:00:00+00:00,63780.0,38.94222725574656,38.969104683677,0.22378187798837457,0.0024623566666666665,0.0033598257563680826,0.0011318352184589552,0.0,0.0016168872614554068,0.004483068648906056,0.0015102256341668425,0.0,0.002361739738285493,0.0,0.0,0.0,-0.0006111032764537207
2026-07-13 00:00:00+00:00,62334.52,39.76255544703842,39.812352605104,-0.019142261837819485,-0.00012798,0.00510976613689641,-9.210131935362863e-05,0.0,-0.017461663431175535,0.0068180417773583205,-0.00012289224717518433,0.0,-0.01572259686289207,0.0,0.0,0.0,-0.022663530887425575
2026-07-14 00:00:00+00:00,65043.98,38.25783157744039,38.285532763604,-0.11838591750023182,0.0,-0.00983654346372719,-0.0007914971377264511,-0.00047031188856035095,0.03489171080028674,-0.012631300556214678,-0.0007919732371120188,0.0,0.03162711791862447,0.0,0.0,0.0,0.04346644523772713
2026-07-15 00:00:00+00:00,64756.28,37.61098942030063,37.637202142682,-0.36483002613127863,-0.0025,-0.005137089861705454,-0.002257163748606095,0.0,-0.007303087180426486,-0.005140179911195447,-0.0022585214721184297,0.0,-0.007304819506404145,0.0,0.0,0.0,-0.0044231610673271275
2026-07-16 00:00:00+00:00,63830.2,38.49916692877959,38.531442694008,-0.3494974957378701,-0.0025,0.007117053068651536,-0.0022870224117979288,0.0,-0.004896931309934445,0.007121334100674938,-0.002288398095818927,0.0,-0.004891274593890044,0.0,0.0,0.0,-0.01430100679038391
2026-07-17 00:00:00+00:00,63931.67,38.07502459996079,38.103446943359,5.017125305391742e-05,-0.0016666666666666668,-0.0034557394300160074,-2.7158802667410284e-05,0.0,-0.0018388942406538794,-0.003457818117784909,-2.717513916270062e-05,0.0,-0.0018409565919274905,0.0,0.0,0.0,0.0015896863866947178
2026-07-18 00:00:00+00:00,64834.22,37.6485070412966,37.673031417342,0.4741573148331099,0.0025,-0.003469761439019684,0.0022943328546917393,0.0,0.00835332200403276,-0.003471848561272493,0.0022957129360721266,0.0,0.008349854800399565,0.0,0.0,0.0,0.014117416297744184
2026-07-19 00:00:00+00:00,64722.54,38.28210726891052,38.311874834397,0.4659979602592093,0.0025,0.0050782943501325615,0.0022725391171550765,0.0,0.001083208096604127,0.005081349033092975,0.0022739060892207797,0.0,0.001084895807498838,0.0,0.0,0.0,-0.001722547136373358
2026-07-20 00:00:00+00:00,65255.51,38.56110524471169,38.592193454662,0.16355536495154,0.00174224,0.0022321538802541354,0.0008414787314512535,0.0,0.00962536433127318,0.002233496559892793,0.0008419848956405048,0.0,0.009626200846722586,0.0,0.0,0.0,0.008234689182470297
2026-07-21 00:00:00+00:00,66556.16,39.570552724359274,39.597258755997,-0.03374495854814412,-3.052e-05,0.00793788545967544,-2.7758939247409975e-05,0.0,0.027897294615126838,0.007942660236752856,-2.7775636735360043e-05,0.0,0.027902086089692205,0.0,0.0,0.0,0.019931650216203987
2026-07-22 00:00:00+00:00,66114.49,40.19088225828316,40.212810031012,0.03722876524179566,0.0,0.004766545187002513,0.0,0.0,-0.0018695047293387883,0.004769412347383321,0.0,0.0,-0.0018666375689579805,0.0,0.0,0.0,-0.006636049916341301
2026-07-23 00:00:00+00:00,65098.97,40.925067967622525,40.956294686034,0.044763365770100295,0.0,0.005795662586272885,0.0,0.0,-0.009564359097324827,0.005799148778786744,0.0,0.0,-0.009560872904810967,0.0,0.0,0.0,-0.015360021683597711
2026-07-24 00:00:00+00:00,64139.99,39.492925457977904,39.529243599717,0.18593549645520382,0.00016612333333333336,-0.011297780680759813,0.0009383206937207505,0.0,-0.026967210023357852,-0.011304576493636457,0.0009388851100457786,0.0,-0.026974570252559525,0.0,0.0,0.0,-0.014731108648877288
2026-07-25 00:00:00+00:00,64375.0,40.07836900440214,40.115773396892,0.44724554209657463,0.0025,0.00471290763889331,0.002409535654924909,0.0,0.005967388769752154,0.004715742535349865,0.0024109850328065626,0.0,0.005968774288327056,0.0,0.0,0.0,0.0036640167857837527
2026-07-26 00:00:00+00:00,65399.99,39.572619215896474,39.611478638073,0.38287486747631144,0.0025,-0.004037336507369049,0.002277300704631227,0.0,0.009607537545281247,-0.004039765035962354,0.002278670540875161,0.0,0.009603739180444007,0.0,0.0,0.0,0.015922174757281523
2026-07-27 00:00:00+00:00,63755.86,39.92740142506664,39.965882489905,0.03843213629783279,0.0007156766666666666,0.002792855638831038,0.0,0.0,-0.0223467506516286,0.002794535590394029,0.0,0.0,-0.022345070700065608,0.0,0.0,0.0,-0.025139606290459637
2026-07-28 00:00:00+00:00,63915.0,39.66388827109698,39.712661849594,-0.253971959225543,-0.0007480666666666667,-0.0020469476257951365,-0.0015252040443527871,0.0,0.0019743407000652547,-0.0020481789006292174,-0.0015261214812881466,0.0,0.0019740268621665337,0.0,0.0,0.0,0.0024960842815076045
2026-07-29 00:00:00+00:00,63984.28,39.45220672897998,39.502440651854,-0.41985001606829214,-0.0025,-0.0016951239083797453,-0.002407930053025389,0.0,0.0017967457519365592,-0.0016961435550882063,-0.00240937846510939,0.0,0.0017971745173120989,0.0,0.0,0.0,0.0010839396072909152
2026-07-30 00:00:00+00:00,64780.02,37.52137795910759,37.55511402084,-0.1485514752577142,-0.0016674266666666668,-0.015685315268282336,-0.000781358025505833,0.0,-0.0024674650293766177,-0.015694750260028627,-0.0007818280260378882,0.0,-0.0024764300205908554,0.0,0.0,0.0,0.012436492213399885
2026-07-31 00:00:00+00:00,62887.88,37.388487304819954,37.428559367785,0.33412296557551247,0.0011712666666666668,-0.0010068500041669323,0.0018005883619929485,0.0,-0.03201613573920792,-0.001007455642071981,0.0018016714474166904,0.0,-0.03201782446253671,0.0,0.0,0.0,-0.02920869737304804
2026-08-01 00:00:00+00:00,62823.64,37.544995449373026,37.581931039409,0.4645959356350909,0.0025,0.0012569150687427488,0.0023072151635970166,0.0,-0.002071800581116453,0.0012576711251621792,0.0023086029939117492,0.0,-0.0020724323550117556,0.0,0.0,0.0,-0.0010215004862621855
2026-08-02 00:00:00+00:00,63570.0,37.120775760010645,37.162225085843,0.44790504726090474,0.0025,-0.0034431010622978063,0.0022951161386849522,0.0,0.006142024058517655,-0.0034451721478672586,0.0022964966912243753,0.0,0.00613857242040878,0.0,0.0,0.0,0.011880241259500414
2026-08-03 00:00:00+00:00,63520.0,36.91178098195444,36.94805829141,0.4341843927119969,0.0025,-0.0017363115785459684,0.0022749007838637997,0.0,-0.004797746891275585,-0.001737356000359133,0.0022762691765133756,0.0,-0.0048001597057383254,0.0,0.0,0.0,-0.0007865345288658172
2026-08-04 00:00:00+00:00,64106.56,36.14728289024179,36.179314282161,0.09021845935338658,0.0016666666666666668,-0.006237333868661633,0.000735208394506505,0.0,0.0022617146637839668,-0.0062410857341844575,0.0007356506352275443,0.0,0.0022575205575401033,0.0,0.0,0.0,0.009234256926952105
2026-08-05 00:00:00+00:00,64665.23,36.670940215598335,36.708529951662,-0.021419060564072227,0.0,0.004254592381671404,0.0,0.0,0.012969301141586233,0.0042571515934767355,0.0,0.0,0.012971860353391564,0.0,0.0,0.0,0.008714708759914829
2026-08-06 00:00:00+00:00,64323.61,37.09766714405887,37.132277785953,-0.02120692660832491,0.0,0.003377259262047356,0.0,0.0,-0.0019056416106473305,0.0033792907426212233,0.0,0.0,-0.0019036101300734633,0.0,0.0,0.0,-0.005282900872694687
2026-08-07 00:00:00+00:00,64923.19,35.81233177013546,35.834634963834,-0.02015059386868412,0.0,-0.01039710655997353,0.0,0.0,-0.0010758013658154018,-0.010403360601597867,0.0,0.0,-0.0010820554074397384,0.0,0.0,0.0,0.009321305194158129
2026-08-08 00:00:00+00:00,64962.6,35.98899797871331,36.019474004906,0.3280119158236136,0.0015252266666666667,0.0014673090373815637,0.0020176736486402173,0.0,5.666039783280082e-05,0.0014681916494566265,0.0020188873146645228,0.0,5.632934388355806e-05,0.0,0.0,0.0,0.0006070250090914543
2026-08-09 00:00:00+00:00,64901.59,36.8410277277489,36.871612639578,0.35076528809605917,0.0025,0.006760434261078738,0.002177646054858768,0.0,0.003643632445828575,0.00676450078064584,0.002178955947086148,0.0,0.0036463890731682973,0.0,0.0,0.0,-0.000939155760391395
2026-08-10 00:00:00+00:00,63970.01,38.636690793665785,38.674382178204,0.36004993356013965,0.0025,0.014315700735225409,0.00224637896175708,0.0,-0.00228440977609763,0.014324311879851389,0.002247730198031309,0.0,-0.0022771498677458795,0.0,0.0,0.0,-0.014353731549565958
2026-08-11 00:00:00+00:00,63600.0,38.27931911908062,38.314835435455,0.3992437615529217,0.0025,-0.00289672105790192,0.0023109666941125246,0.0,-0.010991804402926363,-0.0028984634863329175,0.002312356781038543,0.0,-0.01099493691828338,0.0,0.0,0.0,-0.00578411665091192
2026-08-12 00:00:00+00:00,63479.99,38.042326656743555,38.08327234384,0.392370565726128,0.0025,-0.001876462803571839,0.0023145374439057136,0.0,-0.006077949933012175,-0.0018775915288005707,0.0023159296787002475,0.0,-0.006080470893035442,0.0,0.0,0.0,-0.0018869496855346232
2026-08-13 00:00:00+00:00,63490.86,37.43567243611186,37.4734173756,0.3812038606809525,0.0025,-0.004951279613358385,0.0022966736653851055,0.0,-0.007076718217112217,-0.004954257894730905,0.0022980551548041073,0.0,-0.007081077987903739,0.0,0.0,0.0,0.0001712350616312734
2026-08-14 00:00:00+00:00,63043.56,36.632800378284095,36.669666411772,0.3973262983806798,0.0024917700000000004,-0.006524361756441307,0.0022400700136360812,0.0,-0.01580954031010981,-0.006528286274263807,0.002241417454967561,0.0,-0.01581481226926379,0.0,0.0,0.0,-0.007045108540032422
2026-08-15 00:00:00+00:00,63086.01,37.10264275556965,37.143489707938,0.45353143575731175,0.0025,0.0038734987190384524,0.00226927061433672,0.0,0.0022775720592627434,0.0038758286963336682,0.002270635620340754,0.0,0.0022785370305539255,0.0,0.0,0.0,0.0006733439545610109
2026-08-16 00:00:00+00:00,62900.0,37.31504018885311,37.355236287322,0.39970699058199505,0.0025,0.0017298604890840365,0.002294478325760356,0.0,-0.00351313209522591,0.0017309010304539477,0.0022958584946441386,0.0,-0.003513471722739781,0.0,0.0,0.0,-0.0029485142585495903
2026-08-17 00:00:00+00:00,64532.1,36.6132971176925,36.64462728647,0.2622251528424935,0.0025,-0.005822477179988878,0.0015008186824934308,0.0,0.018624239908582852,-0.005825979501950316,0.0015017214512067026,0.0,0.018619834817908142,0.0,0.0,0.0,0.02594753577106516
2026-08-18 00:00:00+00:00,64725.42,36.71571812009542,36.743148596323,0.0428831301846063,2.6320000000000002e-05,0.0007868321836467104,0.00011555342185428739,0.0,0.003666997171700046,0.0007873054769807272,0.00011562292926059728,0.0,0.003667400957627753,0.0,0.0,0.0,0.002995718409907623
2026-08-19 00:00:00+00:00,69334.79,40.10693319247592,40.130585125248,0.07081132624477404,0.00029631,0.025257140950728563,0.00017503780675661384,-0.00263639161899246,0.09893271013615157,0.028508521795707138,0.00017667443443797662,-0.0016767173638645616,0.10122278009832088,0.0,0.0,0.0,0.07121421537318716
2026-08-20 00:00:00+00:00,73025.15,41.92415616245289,41.936003187327,-0.1758563705138636,-0.0008169700000000001,0.0029985559919263943,-0.0002541369690609348,5.843908868130151e-05,0.056419481784585,0.00741136679479488,-0.0003207964251519732,0.0003484200698973085,0.06060897106232852,0.0,0.0,0.0,0.053225227912278975
2026-08-21 00:00:00+00:00,78338.03,45.97432743939534,45.981239584543,-0.037597474888044144,-0.00022497333333333335,0.008075072230954237,-3.968759820904159e-06,0.00047911685775108915,0.08035403692841037,0.01054739858897572,-1.8649919047391562e-05,0.0003850281356964019,0.08293513316771303,0.0,0.0,0.0,0.07275411279538632
2026-08-22 00:00:00+00:00,77074.93,44.76045082650372,44.770682948119,-0.00486521724602576,0.0,-0.00037956346918810983,0.0,1.374126131482097e-05,-0.01651701884483547,-0.0009111932273121445,0.0,2.627040999604153e-05,-0.017061177751640726,0.0,0.0,0.0,-0.016123714114332537
2026-08-23 00:00:00+00:00,77734.0,46.486396099636664,46.490350026058,0.3014673989285125,0.0008333333333333334,0.00028237774161798414,4.003759241109091e-05,4.68919684420602e-06,0.008788680450540721,0.0008659111750696487,0.00012220796140080564,1.3397814181790632e-05,0.009281334897665085,0.0,0.0,0.0,0.008551029498178033
2026-08-24 00:00:00+00:00,78992.75,45.91902332590615,45.924325312768,0.44041118745723057,0.0025,0.00011484123828018247,2.0393289823407352e-05,-2.3615715995804966e-05,0.016311106605765263,-4.813880822931512e-05,0.00011085590062768359,-4.3546276340377846e-05,0.016077594508796058,0.0,0.0,0.0,0.016193042941312682
2026-08-25 00:00:00+00:00,78539.14,45.71296399805717,45.719294247064,0.40921712050091213,0.0025,0.0,0.0,0.0,-0.005742425728943486,1.738781092642276e-05,4.763543620592821e-05,-1.1705993389702602e-05,-0.005760967360833289,0.0,0.0,0.0,-0.005742425728943486
2026-08-26 00:00:00+00:00,79023.75,42.52805820566104,42.528273933431,0.35594110145816976,0.0025,0.0,0.0,0.0,0.00617029929281121,-0.0003409329415818276,2.837640815309291e-05,-3.1555991697306283e-06,0.00580414554224602,0.0,0.0,0.0,0.00617029929281121
2026-08-27 00:00:00+00:00,80249.58,43.48763831454481,43.482048424065,-0.21760102338563891,0.0003106800000000001,0.0,0.0,0.0,0.01551217197361555,9.823379756440455e-05,-8.667158128000918e-06,8.066999457326403e-06,0.015611005929850628,0.0,0.0,0.0,0.01551217197361555
2026-08-28 00:00:00+00:00,77845.87,40.84778886405868,40.85185536355,-0.44053367106513575,-0.0025,0.0,0.0,0.0,-0.029952929348664583,7.700295623291775e-05,-6.026226918316171e-05,-5.440826578719061e-05,-0.029761255857461314,0.0,0.0,0.0,-0.029952929348664583
2026-08-29 00:00:00+00:00,78230.0,39.60441446848896,39.605426846065,-0.29625931099982056,-0.002233513333333333,0.0,0.0,0.0,0.0049344942769604175,-0.0006560051525201386,-0.00013979897096437773,0.0,0.004418288095404657,0.0,0.0,0.0,0.0049344942769604175
2026-08-30 00:00:00+00:00,77682.0,39.13721673129183,39.140933495444,-0.24355688905612696,-0.0018432099999999999,0.0,0.0,0.0,-0.007004985299757126,-0.00024326611609396654,-0.00011194178436466471,0.0,-0.007136309631486428,0.0,0.0,0.0,-0.007004985299757126
2026-08-31 00:00:00+00:00,78581.29,39.67711972991505,39.689851927312,-0.34156529886347164,-0.002248823333333333,0.0,0.0,0.0,0.011576555701449416,0.00028950953109993104,-0.00014070040938771002,0.0,0.012006765641937058,0.0,0.0,0.0,0.011576555701449416
2026-09-01 00:00:00+00:00,77439.0,40.03783138745397,40.060022916978,-0.3449487979601404,-0.0025,0.0,0.0,0.0,-0.014536411911792155,2.1909882719123e-05,-0.0001866173582928294,-2.5747746298619914e-05,-0.014302136924481583,0.0,0.0,0.0,-0.014536411911792155
2026-09-02 00:00:00+00:00,77340.01,39.35509413809805,39.37111921346,-0.3672159013170469,-0.0025,0.0,0.0,0.0,-0.0012782964656052537,-0.0005841919233832981,-0.00024953924331983716,0.0,-0.0016129491456687147,0.0,0.0,0.0,-0.0012782964656052537
2026-09-03 00:00:00+00:00,81270.37,41.35758335480497,41.35848455259,-0.3640220459444547,-0.0025,0.0,0.0,0.0,0.050819233149827635,0.0018267614454022473,-0.00023677427862715114,4.978005523921928e-05,0.05283298881861781,0.0,0.0,0.0,0.050819233149827635
2026-09-04 00:00:00+00:00,79660.77,39.693608188789966,39.685833606312,-0.025314335813784773,-0.00114738,0.0,0.0,0.0,-0.0198054961482271,-0.0008573670296172064,-2.440986975059613e-05,3.971424022382661e-06,-0.020642424732116093,0.0,0.0,0.0,-0.0198054961482271
2026-09-05 00:00:00+00:00,79831.75,40.667733778627685,40.665587055948,0.1785763949469248,0.0002954333333333333,0.0,0.0,0.0,0.00214635133454015,0.00042011243798472183,4.831150664018896e-05,0.0,0.002518152265884683,0.0,0.0,0.0,0.00214635133454015
2026-09-06 00:00:00+00:00,80341.83,41.30447801002289,41.307387279179,0.48829012743197775,0.0025,0.0,0.0,0.0,0.0063894377863444275,0.00020629497683510623,9.685190374701051e-05,-1.5082476492038575e-05,0.006513963335924562,0.0,0.0,0.0,0.0063894377863444275
2026-09-07 00:00:00+00:00,79112.01,40.643334600322724,40.651751347701,0.4093058871756275,0.0025,0.0,0.0,0.0,-0.015307343634069662,-0.00019790408492323733,7.115573786026264e-05,-8.869865077602394e-06,-0.015567533591775559,0.0,0.0,0.0,-0.015307343634069662
2026-09-08 00:00:00+00:00,78455.8,41.8514606297841,41.855156550175,0.37687317638409024,0.0025,0.0,0.0,0.0,-0.00829469507853475,0.00024837562597738403,6.0226140110284474e-05,-6.18301211258724e-06,-0.008100362580555062,0.0,0.0,0.0,-0.00829469507853475
2026-09-09 00:00:00+00:00,78306.43,42.24008076526375,42.251724205158,0.15907633946179758,0.0016666666666666668,0.0,0.0,0.0,-0.0019038745382751803,9.320162753475496e-05,2.360175549342451e-05,5.454091175380677e-06,-0.0018397287574092305,0.0,0.0,0.0,-0.0019038745382751803
2026-09-10 00:00:00+00:00,76568.72,42.21609261338193,42.23250317849,0.17446801842455906,0.00111761,0.0,0.0,0.0,-0.02219115339570444,2.711727874761364e-06,2.602395848851307e-05,5.647473748411134e-06,-0.0222201131000666,0.0,0.0,0.0,-0.02219115339570444
2026-09-11 00:00:00+00:00,77225.7,38.8592502565509,38.869622770188,0.15883415977323187,0.0009965333333333333,0.0,0.0,0.0,0.008580266197475888,-0.0009626133824403842,3.801228133850896e-05,3.2866461276293422e-06,0.007576353887569365,0.0,0.0,0.0,0.008580266197475888
2026-09-12 00:00:00+00:00,77278.73,39.185780692012266,39.19294850333,0.24897497222977164,0.0017988433333333334,0.0,0.0,0.0,0.0006866884987769465,0.00011148215418723225,7.742353803551963e-05,0.0,0.0007207471149286591,0.0,0.0,0.0,0.0006866884987769465
2026-09-13 00:00:00+00:00,76842.01,40.513037021945195,40.53191022451,0.16454781359958962,0.0012612133333333333,0.0,0.0,0.0,-0.005651231587268595,0.00032238809881648966,3.2210988029196895e-05,-2.743456078734949e-06,-0.005358311020402568,0.0,0.0,0.0,-0.005651231587268595
2026-09-14 00:00:00+00:00,78189.21,40.927863197609156,40.933005730026,0.15714609178531097,0.0017660866666666666,0.0,0.0,0.0,0.017532076529492287,9.654432123265937e-05,3.695571856786357e-05,0.0,0.017591665132157083,0.0,0.0,0.0,0.017532076529492287
2026-09-15 00:00:00+00:00,75644.48,41.184366626632425,41.214225831241,-0.050916691539646876,-0.00017923666666666666,0.0,0.0,0.0,-0.032545795001637824,-3.2866281472792977e-05,-1.2587934435495639e-05,1.9797070864691892e-05,-0.032585870419539816,0.0,0.0,0.0,-0.032545795001637824
2026-09-16 00:00:00+00:00,76206.01,38.72524509193187,38.757167989277,-0.011290754397040581,0.0,0.0,0.0,0.0,0.0074232779444051815,-0.0014307736180561375,0.0,0.0,0.005992504326349044,0.0,0.0,0.0,0.0074232779444051815
2026-09-17 00:00:00+00:00,76417.01,35.97448797946205,36.006424728337,0.022385348894293198,8.641666666666666e-05,0.0,0.0,0.0,0.002768810491455989,-0.0015899871676222925,2.2253545636985345e-06,0.0,0.0011765979692699982,0.0,0.0,0.0,0.002768810491455989
2026-09-18 00:00:00+00:00,80883.87,37.02018689538939,37.030255079743,0.304074111699771,0.00078005,0.0,0.0,0.0,0.05845373955353659,0.0003258133113989869,5.480500037501822e-05,-3.283951766340889e-05,0.05875758738222397,0.0,0.0,0.0,0.05845373955353659
2026-09-19 00:00:00+00:00,81249.99,37.94104939522583,37.954150916359,0.47568430681494633,0.0025,0.0,0.0,0.0,0.004526489644968891,0.0001840735874459075,5.891510488824899e-05,-8.506762364302325e-06,0.004660154889890851,0.0,0.0,0.0,0.004526489644968891
2026-09-20 00:00:00+00:00,81178.0,37.56538158718244,37.576842344835,0.4021199221858567,0.0025,0.0,0.0,0.0,-0.0008860308782807879,-9.794586178005083e-05,5.202434488434871e-05,-5.857460165363482e-06,-0.001030143624779824,0.0,0.0,0.0,-0.0008860308782807879
2026-09-21 00:00:00+00:00,86620.0,40.12827385854856,40.136279570168,-0.00471378229219462,0.0007290466666666668,0.0,0.0,0.0,0.06703786740249822,0.000434734111933883,0.0,8.024592958792545e-06,0.06746457692147331,0.0,0.0,0.0,0.06703786740249822
2026-09-22 00:00:00+00:00,86208.56,39.45712188651535,39.461547669411,-0.008012411914162567,0.0,0.0,0.0,0.0,-0.00474994227661051,-4.6336342515436733e-05,0.0,1.7219094571368584e-06,-0.004798000528583084,0.0,0.0,0.0,-0.00474994227661051
2026-09-23 00:00:00+00:00,84397.6,38.01255588235529,38.021623436579,-0.010575463134145091,0.0,0.0,0.0,0.0,-0.021006730654125203,-0.0015994050423116942,0.0,3.9158083974847584e-05,-0.022645293780411746,0.0,0.0,0.0,-0.021006730654125203
2026-09-24 00:00:00+00:00,84410.24,38.55120153349038,38.56399483258,0.011173302708442195,0.0,0.0,0.0,0.0,0.00014976729196090194,0.0004046540028745773,0.0,0.0,0.0005544212948354792,0.0,0.0,0.0,0.00014976729196090194
2026-09-25 00:00:00+00:00,84099.99,36.4579434066346,36.464819593153,0.4719430900327235,0.0016666666666666668,0.0,0.0,0.0,-0.0036755019296237043,-0.0015659241442371008,0.00020790736683193957,0.0,-0.005449333440692745,0.0,0.0,0.0,-0.0036755019296237043
2026-09-26 00:00:00+00:00,84433.1,36.876768627183004,36.884580097404,0.4843205454208898,0.0025,0.0,0.0,0.0,0.003960880375847852,0.00031428437427164684,0.00020540591013760897,0.0,0.00406975883998189,0.0,0.0,0.0,0.003960880375847852
2026-09-27 00:00:00+00:00,84472.0,36.65612555060401,36.66557928464,0.37570239158457214,0.0025,0.0,0.0,0.0,0.00046071978880313734,-0.00016332405427449517,0.0002059057804915377,0.0,9.148995403710446e-05,0.0,0.0,0.0,0.00046071978880313734
2026-09-28 00:00:00+00:00,83500.01,37.71050172764727,37.728289800571,0.21292992939070665,0.0016666666666666668,0.0,0.0,0.0,-0.01150665309214894,0.0011202908407994924,0.00021516507746950116,0.0001129985693733463,-0.010714525898192296,0.0,0.0,0.0,-0.01150665309214894
2026-09-29 00:00:00+00:00,83663.66,36.960126497246456,36.975775007226,0.20225799353458948,0.0017734866666666666,0.0,0.0,0.0,0.0019598800048048945,-0.0010288509729065901,0.00020967184013102053,6.661681210630344e-05,0.0006547403796609804,0.0,0.0,0.0,0.0019598800048048945
2026-09-30 00:00:00+00:00,83623.6,37.3628864708141,37.386900804429,0.2862401591010077,0.00160052,0.0,0.0,0.0,-0.00047882198794551504,0.00040366604532353183,0.00022646555020013978,0.0,-0.00030162149282212297,0.0,0.0,0.0,-0.00047882198794551504
2026-10-01 00:00:00+00:00,84880.05,38.8704214560449,38.884356777947,0.14503836542396284,0.0017772266666666668,0.0,0.0,0.0,0.015025064694655539,0.0012147452341058677,9.332919712544875e-05,-7.170514794569173e-06,0.016153651246430527,0.0,0.0,0.0,0.015025064694655539
2026-10-02 00:00:00+00:00,84518.01,36.863199175083786,36.871797678302,0.14411937639734715,0.00062742,0.0,0.0,0.0,-0.004265313227313228,-0.00158194376180161,8.34012108615623e-05,4.6314710201091334e-05,-0.005976972910177491,0.0,0.0,0.0,-0.004265313227313228
2026-10-03 00:00:00+00:00,84753.56,37.369044556335034,37.377254885108,0.39171616358116346,0.00197057,0.0,0.0,0.0,0.002786979958472791,0.0005648385151220663,0.0002062283383713916,0.0,0.0031455901352234654,0.0,0.0,0.0,0.002786979958472791
