strategy,vol,var_red,es,es_red,mdd,worst,ret,hedge_pnl,funding,cost,carry,hedge_cost,turnover,notional,time_on,tail_offset,seed
Unhedged,53.22704824189571,0.0,7.37337745179722,0.0,56.077967664863884,9.511144661812974,46.09387220965729,0.0,0.0,0.0,0.0,0.0,0.0,0.0,0.0,0.0,0
always|1,50.90924668986009,8.519490165965848,6.6140545597808185,10.298169285112625,37.41463779910863,8.253804588580376,61.352428884976085,15.433879098847235,-19.41389581338801,0.17532242352843344,0.6019963066759962,0.7773187302044298,1.0957651470527088,6.769317850963214,87.55654761904762,14.535228980772729,0
ratchet|-1|4|1|0,50.83358094827099,8.79122063038138,6.547873658572525,11.195734907392863,36.38094431251636,8.234933305371824,62.76081111976871,16.88123799001949,-20.815646541058893,0.21429907990805053,0.7447250234289803,0.9590241033370306,1.3393692494253153,8.23674965575067,93.5922619047619,15.947763391654899,0
placebo|35,50.80220373899816,8.903783768863704,6.534052013336256,11.383188287158463,38.40412754458119,8.241477750063336,61.34156347148109,15.460997578039558,-20.608641406960373,0.21330631621574916,0.7268323552333513,0.9401386714491005,1.333164476348432,8.078579412123151,93.5922619047619,15.74351931764702,0
placebo|91,50.805247664507526,8.892866982456605,6.5674383723423215,10.930392275773904,36.81956502282038,8.185195440345664,62.682408388722266,16.790983451526525,-21.011063516403674,0.20244727246154595,0.7437863356218123,0.9462336080833582,1.265295452884662,8.264308875208975,93.5922619047619,16.040312936654004,0
placebo|147,50.781244094819094,8.9789360364946,6.533863503851989,11.385744910435902,37.090645429358524,8.24857597494624,62.76575300928359,16.8737632329207,-20.6242830194102,0.20188243329440503,0.7467048415514772,0.9485872748458822,1.2617652080900315,8.269493376502782,93.5922619047619,15.925738399741357,0
placebo|203,50.757962256816484,9.06237833570983,6.536598272186119,11.348655145914721,36.70379412825285,8.250736230870217,62.39042624497416,16.511288407075803,-21.111088960993875,0.21473437175893487,0.7401395716683713,0.9548739434273064,1.3420898234933432,8.215044088079543,93.5922619047619,16.061297618010492,0
placebo|259,50.81946549307646,8.84186725667302,6.553085368153769,11.125052108155797,37.65405420871137,8.215012083598396,61.38693812721186,15.498693045126899,-21.239442036309327,0.20562712757233365,0.7434428244707306,0.949069952043064,1.2851695473270852,8.257181505885834,93.5922619047619,15.770500713095553,0
Unhedged,48.9386944536465,0.0,7.894523793832215,0.0,78.96016426487284,12.00508446753238,-15.19840486045488,0.0,0.0,0.0,0.0,0.0,0.0,0.0,0.0,0.0,1
always|1,48.23636572736414,2.8496432361515445,7.276003845875582,7.834797438192098,77.57869126310528,10.565801061806765,-24.177767953854673,-8.823142078524668,-3.977536144431089,0.15622101487511694,0.7956047151643026,0.9518257300394195,0.9763813429694811,7.724554883715006,95.45089285714286,10.87574307001726,1
ratchet|-1|4|1|0,48.32906519092348,2.475882096817472,7.23268792192871,8.383480615012894,78.49447130763603,10.862614303630098,-27.64702927816825,-12.252836344660595,-1.3406453843738706,0.19578807305276558,0.966872479531612,1.1626605525843776,1.223675456579785,9.31420039502929,100.0,12.065611837355467,1
placebo|35,48.36130829250267,2.345710782335231,7.245010037738091,8.227396269317367,78.69953414921368,10.731278137803882,-27.56338448361528,-12.17426070129513,-2.3547174359376415,0.19071892186526399,0.9568543932931575,1.1475733151584213,1.1919932616578999,9.219646908044773,100.0,11.630019325701033,1
placebo|91,48.31530970705503,2.531389089007441,7.230081362952085,8.416497919725586,78.33476025579908,10.806809622336743,-26.427556946306904,-11.028723182403606,-1.9136338556418697,0.20042890344841469,0.958976903118173,1.1594058065665878,1.2526806465525915,9.214255889745196,100.0,12.210033192662758,1
placebo|147,48.35604943311457,2.3669476872817397,7.239361741689404,8.298943283376659,78.55189441743424,10.870634831738789,-28.465743740293867,-13.069568510970443,-1.9995916266001654,0.1977703688685512,0.9590153238383864,1.1567856927069378,1.236064805428445,9.20752763821329,100.0,11.548732802454305,1
placebo|203,48.25711814715906,2.766032514477612,7.21959144472004,8.549373803135296,77.80121052431423,10.723076524941577,-25.887156254299473,-10.504177235250475,-1.9325269807757897,0.18457415859411203,0.9490368967409712,1.1336110553350836,1.1535884912132,9.122397378438556,100.0,11.86642051700144,1
placebo|259,48.36900208357319,2.3146367072319207,7.236002256699099,8.341497908304497,78.2539631141434,10.779444330832861,-27.07808030056611,-11.68302009791231,-2.881578692367259,0.19665534219892944,0.9439035535367283,1.1405588957356578,1.2290958887433092,9.08252406841948,100.0,11.695634892813295,1
Unhedged,66.37031659435593,0.0,11.134821164882307,0.0,69.99844522852516,24.63889886639116,-11.924917852893312,0.0,0.0,0.0,0.0,0.0,0.0,0.0,0.0,0.0,2
always|1,64.77501041582217,4.749513090298518,10.220500932083363,8.211359834701126,60.52319925393118,21.89417177207622,5.849936766678111,17.95867637753399,-23.07164300027239,0.1838217579625787,0.9329853511335499,1.1168071090961285,1.1488859872661172,10.3693936003923,96.81696428571429,8.13153571449185,2
ratchet|-1|4|1|0,65.05364108876945,3.92830788882671,9.998895686731519,10.201560144794609,61.2903896862784,18.49667436068214,12.837370699802554,25.045085791058533,-41.61106382442631,0.282797238362665,1.374093242751524,1.656890481114189,1.7674827397666562,15.172415939566303,99.38392857142857,13.477864979880257,2
placebo|35,65.09553367229658,3.804533501753715,10.088084669525488,9.400568539511733,61.2182304156774,18.56862593906919,13.850354283013775,26.010097989215783,-40.6305710812424,0.23482585330870112,1.3626759920697207,1.5975018453784218,1.467661583179382,15.050722680929077,99.38392857142857,13.268318918092724,2
placebo|91,64.70756168747397,4.947774096224822,10.0373487391136,9.856219597221605,60.952583232066914,19.424021910810715,11.331202105757999,23.49384685309549,-39.61368182171512,0.23772689444419215,1.3620790442527297,1.5998059386969221,1.4857930902762009,14.978369290500556,99.38392857142857,13.060227989117726,2
placebo|147,64.82221122017177,4.610646647110183,9.917274550104658,10.934586166660887,59.540338374835656,18.393009110377008,15.085860439193196,27.28555302366404,-37.977254071771014,0.27477473157753857,1.3785489250880971,1.6533236566656357,1.717342072359616,15.173879622155592,99.38392857142857,13.63907282986866,2
placebo|203,64.94153707700904,4.259134639643425,10.023179031339223,9.983475415384769,60.76184572361548,19.188422180252335,16.046728369106507,28.21707971620343,-41.37844580945682,0.24543349420362365,1.3843977204787703,1.6298312146823937,1.533959338772648,15.295331207709925,99.38392857142857,13.038335375965971,2
placebo|259,64.8710775540835,4.466773586324391,10.074316633271655,9.52421701172299,61.75483613629489,19.747364792408277,11.388703233140795,23.567988568031744,-38.6228078492992,0.25436748199763887,1.3635092516322982,1.6178767336299373,1.5897967624852427,15.033985641127028,99.38392857142857,13.235663418190219,2
Unhedged,44.77047423032546,0.0,6.119583135272756,0.0,43.817719070089304,11.910341346628844,49.807990229043035,0.0,0.0,0.0,0.0,0.0,0.0,0.0,0.0,0.0,3
always|1,44.207079184374315,2.5009792840700817,5.895099802537521,3.6682781779911244,43.9672450275027,10.450522868397663,43.69073278228672,-6.000124600746545,4.983471181923515,0.11713284600977125,0.4810653335525669,0.5981981795623382,0.7320802875610705,4.453997350007214,91.97619047619047,4.667065939769099,3
ratchet|-1|4|1|0,44.41895319677514,1.5641604591925207,5.9162016391367915,3.323453438579682,44.28563230189116,9.68407249756386,43.92477745173155,-5.7057977048794095,2.2262961942293455,0.17741507243208696,0.6136157128230292,0.7910307852551162,1.1088442027005436,5.7096908169187515,97.59821428571429,7.498396989492775,3
placebo|35,44.378731721382145,1.7423475556687218,5.869808634399894,4.0815607101271745,44.412966721922785,9.730765016601744,44.12513838257134,-5.520330326364347,2.3151879713050385,0.16252152010733223,0.6084086038598903,0.7709301239672224,1.0157595006708264,5.665946605880316,97.59821428571429,7.4272305076701794,3
placebo|91,44.3253742638145,1.9784798905863599,5.885974933218381,3.817387506476999,44.61878358967313,9.697540653851409,43.607279109307996,-6.03244127129983,2.6268098721017954,0.16826984843520842,0.6083187835126759,0.7765886319478842,1.0516865527200527,5.6748652237930655,97.59821428571429,7.791764442863079,3
placebo|147,44.33419290552069,1.9394727679797774,5.874075006056467,4.011844006190568,43.97479128789801,9.765002694961918,45.17042106554118,-4.468328952359654,3.2048068803318253,0.1692402111422221,0.6175892512560329,0.7868294623982548,1.0577513196388884,5.730076399507675,97.59821428571429,7.266749266819662,3
placebo|203,44.463473433777544,1.3667409893431626,5.93947996068221,2.943062797079221,44.616783050437135,9.885404419291465,43.76907773286023,-5.885388450374527,2.9914855092886197,0.15352404580828802,0.6107387820122423,0.7642628278205305,0.9595252863018002,5.6897415316569555,97.59821428571429,7.358972714506744,3
placebo|259,44.44225427913901,1.4608593663658298,5.901804972620775,3.558709112010039,44.402982824334316,9.826420599965527,44.12252891689477,-5.508492412157042,2.7744306193097263,0.17696889999122525,0.6161097152099408,0.7930786152011662,1.1060556249451576,5.726500114193351,97.59821428571429,7.285438595586789,3
Unhedged,54.8548721442312,0.0,8.848381211876838,0.0,63.28359271615117,29.486572695869313,-1.8134715661395124,0.0,0.0,0.0,0.0,0.0,0.0,0.0,0.0,0.0,4
always|1,53.57587269915765,4.608847973887786,8.387689231807041,5.206511440210415,61.29753416550648,27.703057540883698,-11.58111825383392,-9.602579554116694,3.2730971640216207,0.16506713357772146,0.7306883485995211,0.8957554821772424,1.0316695848607589,7.43676123087293,94.65476190476191,5.977211714843047,4
ratchet|-1|4|1|0,53.340336759305536,5.44574172157345,8.207987672345919,7.237409015237084,61.82301784800913,26.73142369336661,-13.29051807009416,-11.274328184052443,4.525076425283972,0.20271831990220038,0.9219575157234715,1.1246758356256719,1.2669894993887525,9.204024810450196,99.48958333333331,8.576677358083602,4
placebo|35,53.29494118386791,5.606615038611428,8.17776305982664,7.578992541031726,61.44645242291647,26.114345776837954,-13.945547262097504,-11.930654574313776,4.576280907655525,0.20142112164422835,0.9361579948201142,1.1375791164643427,1.2588820102764269,9.312422086838566,99.48958333333331,8.652736910581568,4
placebo|91,53.46295122522007,5.010534674215528,8.219902948872685,7.10274849099598,61.92887695691462,26.966154975252188,-15.403294778762863,-13.379270603807642,4.392550072326752,0.21055260881570997,0.9339018537532607,1.144454462568971,1.3159538050981874,9.28386380411836,99.48958333333331,8.392229363491452,4
placebo|147,53.38366293965832,5.2920742017470435,8.188341270543603,7.459442869022059,61.813721151963684,26.853797100850883,-13.911579195249761,-11.894204084246624,4.125541061536936,0.20390354486362214,0.9419566678314785,1.145860212695101,1.2743971553976383,9.363255659161808,99.48958333333331,8.645206052724905,4
placebo|203,53.37860830909918,5.310008187018312,8.215009798900281,7.1580484363219625,62.052978744550366,26.551651292353345,-15.547011444627806,-13.54577690729569,4.66536223238648,0.1877629711926168,0.9377766471503688,1.1255396183429855,1.1735185699538548,9.307499231034463,99.48958333333331,8.36462114760229,4
placebo|259,53.48579155204764,4.929354947793396,8.222220522183978,7.076556431049664,62.35600376844932,26.916090160918888,-15.067431611839972,-13.054320412376788,4.21873087857402,0.1996396333236661,0.9356604926564641,1.13530012598013,1.2477477082729131,9.322805241524536,99.48958333333331,8.3668883473195,4
Unhedged,55.145051115668664,0.0,7.879359660829222,0.0,37.6615857890664,13.007678366215345,17.548953735589034,0.0,0.0,0.0,0.0,0.0,0.0,0.0,0.0,0.0,5
always|1,55.136404914431914,0.03135557313743709,7.844957547547496,0.4366105211918381,44.5890000341832,12.979080401038829,13.95631156156002,-3.4618986825158773,4.61739049215839,0.1307434915131446,0.4717528820429555,0.6024963735561001,0.8171468219571537,4.553122446346908,76.8184523809524,1.9673624315570226,5
ratchet|-1|4|1|0,55.41877879503618,-0.9952191003684607,7.792187603825035,1.1063342804053744,46.6839037345617,12.856757902775353,16.033971846501238,-1.2729336903345196,2.483080011698352,0.24204819875328357,0.7645488094250574,1.0065970081783409,1.5128012422080224,7.526808871191509,92.79315476190474,3.941326635160717,5
placebo|35,55.38954139905757,-0.8886827110848206,7.765792670644098,1.4413225829720822,45.39886639795312,12.789106561926058,19.624931415448042,2.3255673497167177,1.7403004907264905,0.24958966985771586,0.7666690088661721,1.0162586787238876,1.5599354366107236,7.578370308979994,92.79315476190474,4.638145536551435,5
placebo|91,55.46774963194104,-1.1737869323882766,7.800420054922105,1.001853060465685,46.15114245020909,12.887731610861394,17.589904013583958,0.29807147331109923,2.76051988628207,0.25712119531618194,0.7788876085587049,1.0360088038748865,1.6070074707261368,7.6658596765784335,92.79315476190474,4.170859482441322,5
placebo|147,55.33594549695718,-0.6935338160346971,7.782036248551155,1.2351690551948291,47.28175854940895,12.81731022742722,17.47866033543104,0.1759074151935001,3.504207530305969,0.24620081535149022,0.775136220944422,1.021337036295912,1.5387550959468137,7.626960042575494,92.79315476190474,4.3872246141947855,5
placebo|203,55.33996894419444,-0.7081770952046318,7.828351572541796,0.6473633706683413,45.48174393757453,12.896002444924948,16.829940534026896,-0.4875039456773996,2.3499397090188525,0.23150925588474439,0.7547110194596246,0.986220275344369,1.4469328492796525,7.447391993103722,92.79315476190474,3.720058232572334,5
placebo|259,55.25768393134256,-0.4089137236593432,7.807774678759513,0.9085126856891668,45.09996455228148,12.869510407759421,18.035313629723607,0.7226195456029124,2.0409372194748476,0.23625965146834735,0.7577252407531045,0.9939848922214519,1.4766228216771706,7.473758722345977,92.79315476190474,3.7686545417161392,5
Unhedged,53.98304667316724,0.0,7.903801389713602,0.0,49.203881112322904,12.272000360771147,27.33750265285279,0.0,0.0,0.0,0.0,0.0,0.0,0.0,0.0,0.0,6
always|1,53.822363043567165,0.5944254630872337,7.800488868344196,1.3071244617034794,46.263444470380456,12.32362169171001,24.67777342988043,-2.54668675371695,4.907608245773437,0.11304246925541664,0.5491398267158093,0.6621822959712261,0.706515432846354,5.169922234412369,90.01190476190477,1.2566574278269511,6
ratchet|-1|4|1|0,54.24237542426083,-0.9630862310679111,7.813696184783793,1.1400236479509274,45.166591315723736,12.360167105223772,23.931946874119944,-3.187385779699501,4.433254964100122,0.21816999903334727,0.7687856298243546,0.9869556288577019,1.3635624939584208,7.315164373717765,97.51339285714286,1.8202781402386168,6
placebo|35,54.1227008867488,-0.5180695237390509,7.819888146978799,1.061682076728454,45.198294011654816,12.3961362901186,22.599526091106526,-4.510730552537948,5.200352069525396,0.22724600920832297,0.7692034123439822,0.996449421552305,1.4202875575520186,7.292955228576921,97.51339285714286,1.7216992513313794,6
placebo|91,54.18773393596666,-0.7597767495571173,7.826799344713245,0.9742406369240397,45.52578487907327,12.397124715101821,23.589673402193124,-3.5478636826587455,5.056885059558723,0.19996556800092244,0.7579530137902013,0.9579185817911238,1.2497848000057654,7.20977760289275,97.51339285714286,1.7816785412041305,6
placebo|147,54.12681764704698,-0.533361611123806,7.815439859992719,1.117962425471386,44.91243756352188,12.36269455611386,24.064998274044292,-3.06083344370962,5.287814450748817,0.21167093509888507,0.750517641348481,0.9621885764473661,1.3229433443680316,7.152762315893455,97.51339285714286,1.8038428449937256,6
placebo|203,54.06484919702527,-0.30329708347596185,7.81678076266221,1.1009971374615346,45.43569417052464,12.369006196166174,22.13707660029665,-4.9747306087462935,5.315056447025031,0.22569544380985554,0.7677259344722,0.9934213782820556,1.4105965238115972,7.297400067495959,97.51339285714286,1.8186878687843813,6
placebo|259,54.16881166057677,-0.6894187104311111,7.831156343284587,0.919115281964944,45.452959230873745,12.36545234377847,22.955781356099067,-4.179870380586249,5.220440815779064,0.2018509161674837,0.7641115169823153,0.9659624331497991,1.261568226046773,7.265090367678667,97.51339285714286,1.6523845838278917,6
Unhedged,51.302265516064665,0.0,7.049220288359419,0.0,42.745676521445176,9.848896453815907,39.89285432873764,0.0,0.0,0.0,0.0,0.0,0.0,0.0,0.0,0.0,7
always|1,50.397001294947884,3.4980022933400745,6.567231115477091,6.837482064197243,30.950469383108782,9.332818984163985,51.51421439502091,11.78195562514715,-17.199068226780568,0.16059555886389518,0.6298095341777693,0.7904050930416645,1.0037222428993449,6.1017659530582815,96.16666666666666,9.02460336105317,7
ratchet|-1|4|1|0,50.50441082257588,3.086220668674,6.458399606840408,8.381362155679117,29.16473946010707,9.061283396627129,53.048582926872285,13.360589549680217,-22.129451417479697,0.20486095154558262,0.8732891063901401,1.0781500579357226,1.2803809471598913,8.473950112921253,99.88988095238096,11.575363041818784,7
placebo|35,50.51561282364419,3.0432244772755412,6.442699234477484,8.604087105683178,29.970810148511706,9.091162154727664,54.018803081166666,14.312941377139179,-21.718489292728357,0.1869926247101543,0.8752697108925995,1.0622623356027536,1.1687039044384644,8.469730097002536,99.88988095238096,12.052709739593459,7
placebo|91,50.554355865120186,2.894445093854525,6.449120242311143,8.51299890626539,29.48678963160003,9.028107417975617,52.06755611860669,12.40916378369348,-20.99879578227661,0.23446199382445798,0.8883100121154613,1.122772005939919,1.4653874614028626,8.611000598242697,99.88988095238096,11.802901197108815,7
placebo|147,50.553285709520885,2.898556191766355,6.468147945987576,8.243072547064301,29.67226504008086,9.19811255066131,54.161442442982136,14.476477599805492,-21.99100251088344,0.207889485561011,0.8632977874906423,1.0711872730516532,1.2993092847563184,8.371816798445122,99.88988095238096,12.065089217501784,7
placebo|203,50.53054893793985,2.9858809555132426,6.5389480172058425,7.238705137307222,28.88506701929562,9.031433659308037,53.915377586894095,14.228750468100086,-22.61301783402152,0.20622720994363444,0.8641794058509006,1.0704066157945349,1.288920062147715,8.391536521756002,99.88988095238096,12.224042535298285,7
placebo|259,50.57485128135424,2.8156933359451464,6.489628822478943,7.93834556148777,30.362768733410284,9.14994893506621,50.920785600125924,11.262792368674926,-21.618271220792572,0.23486109728664742,0.8651170204179117,1.0999781177045593,1.4678818580415467,8.380658995532011,99.88988095238096,11.28099653068162,7
Unhedged,52.042632380248214,0.0,7.476422226145485,0.0,31.220261949403096,10.806341062462893,32.196655212021085,0.0,0.0,0.0,0.0,0.0,0.0,0.0,0.0,0.0,8
always|1,51.65924811012915,1.4679200783286772,7.077656852901031,5.333639021214564,32.568610330585834,10.299663241141973,19.32662480831449,-12.729822102189047,7.08865538252299,0.14020830151753796,0.749273639419968,0.8894819409375061,0.8763018844846122,7.274885218023991,98.54464285714286,2.603616618406784,8
ratchet|-1|4|1|0,52.09467868839445,-0.20011414010676631,7.046712109310654,5.74753677410178,35.42202991672148,9.718538402276279,16.38267568390934,-15.618569402193307,7.261565907867009,0.19541012591843282,1.023856417029164,1.2192665429475964,1.2213132869902055,10.047506596626963,100.0,3.0344676798116224,8
placebo|35,52.021134787546686,0.08259825317225022,7.055168345916679,5.634431382910076,34.94791395565732,9.700190044831878,15.470784500642967,-16.51427297723227,7.602824567414582,0.21159773414583952,1.022195093710607,1.233792827856447,1.3224858384114972,10.02796612734113,100.0,3.187485111802872,8
placebo|91,52.125994896783396,-0.320618993551558,7.060031059320894,5.56939073569771,33.8846174609694,9.689118540052192,18.922110505803413,-13.107326585884442,7.129456730595376,0.1672181203332178,1.0100612002683311,1.1772793206015486,1.0451132520826112,9.929389263656791,100.0,2.879550664093297,8
placebo|147,51.86895981025577,0.6663105952100401,6.9778196355856705,6.668999896985106,34.57290278264698,9.72064660670414,18.308783783681445,-13.716231056642409,7.210712430970505,0.17164037169721338,1.0028189000761925,1.174459271773406,1.0727523231075837,9.853649339669882,100.0,3.7166516537047176,8
placebo|203,51.93515337060335,0.41261566267952743,6.965986697106164,6.827269964158777,34.135866788503,9.709538623374279,17.980391867710857,-14.03817164306927,7.108554768659197,0.1780917012409501,1.0183333791832685,1.1964250804242187,1.113073132755938,10.002049221678492,100.0,3.9575467362765355,8
placebo|259,52.01830418645267,0.09347147280515111,7.063577848650963,5.52195107508483,34.52096070950773,9.400053103295242,17.561266256410857,-14.465706264735188,7.526319291447087,0.16968269087503207,1.0006931911981563,1.1703758820731884,1.0605168179689504,9.82470870235351,100.0,3.042026114878775,8
Unhedged,55.95885853241621,0.0,7.703710168758561,0.0,39.92981539921468,14.709351644944919,84.77786766827353,0.0,0.0,0.0,0.0,0.0,0.0,0.0,0.0,0.0,9
always|1,55.11084910002547,3.0078669209176456,7.18606073856412,6.7194821567107095,30.80194690142266,14.04801716267767,86.55740506583439,1.980610217459652,-2.157057064777996,0.20107281989876183,0.5784562874507068,0.7795291073494687,1.2567051243672613,6.119302078013622,92.89583333333333,7.926400723072642,9
ratchet|-1|4|1|0,55.351025869600264,2.1606283563341155,7.394507598116001,4.013683846732608,32.03636548381513,14.067267446295862,85.837585420643,1.2931742832207989,-0.5478900793011852,0.23345653085130333,0.7741711008913572,1.007627631742661,1.4591033178206456,8.10931131724479,96.49702380952382,8.437211160537645,9
placebo|35,55.635649861845465,1.151829327417564,7.4405939120971585,3.4154485422937864,32.60438237007054,14.023522881002595,85.86028019801691,1.3259187986738332,-0.4113097905920361,0.24350626893043542,0.7775934565030164,1.021099725433452,1.5219141808152215,8.14282501684242,96.49702380952382,8.644498564423163,9
placebo|91,55.38281313752976,2.0482207072181513,7.350310713419829,4.587392926227929,32.27196844299225,13.98598480918801,85.3844770243836,0.8357742015586931,-0.2838755474192245,0.22916484544861757,0.7671646699126089,0.9963295153612264,1.4322802840538595,8.037168673757703,96.49702380952382,8.565749962620732,9
placebo|147,55.49090153209081,1.665510566034445,7.4032785611766965,3.89983009485777,32.631373727185455,13.984218414089684,85.50075982625195,0.9599100351376719,-0.25587413199945713,0.2370178771592456,0.7673328198259879,1.0043506969852336,1.4813617322452852,8.030936987126143,96.49702380952382,8.916283560923636,9
placebo|203,55.443897792366485,1.8320290778060966,7.383659877680245,4.154495484217991,32.545560506057456,13.983757939092712,85.75709792018895,1.211331143254163,-0.5492189962245381,0.23210089133872808,0.7689167252597054,1.0010176165984335,1.4506305708670504,8.053668345528317,96.49702380952382,9.10721909292466,9
placebo|259,55.48577482279782,1.6836796365999551,7.4033333898978535,3.8991183764784942,32.36689086489165,14.054517467448873,84.88579553168039,0.34078965547723405,0.34175933819641796,0.23286179207036953,0.7849452626513569,1.0178070547217264,1.4553862004398097,8.21748450780975,96.49702380952382,8.561794580075228,9
Unhedged,42.557840002282596,0.0,5.558060978209375,0.0,43.1252887979605,10.173965149609963,40.38874194243394,0.0,0.0,0.0,0.0,0.0,0.0,0.0,0.0,0.0,10
always|1,42.313392426643155,1.1454788850408182,5.547667433985215,0.1869994637502037,47.27204985275466,10.173965149609963,33.45338264662508,-6.821296774160628,6.764519297232044,0.11406252164824399,0.4262629487982506,0.5403254704464947,0.7128907603015249,3.817921581397042,91.13839285714286,1.9905020596889706,10
ratchet|-1|4|1|0,42.37080590232716,0.8770328062991495,5.574636911329949,-0.2982323005371823,49.2916308091629,10.23018943000047,32.66003592909243,-7.569580855932572,7.820103036917283,0.15912515740894523,0.5890947760167781,0.7482199334257232,0.9945322338059076,5.325609650405881,97.12053571428572,2.1579535006050334,10
placebo|35,42.36533429214531,0.9026319048137332,5.570763091153904,-0.2285349691974803,48.93756873978145,10.192396085691602,32.58197382407158,-7.633598759322792,8.341466444088946,0.17316935903957242,0.5898207003182966,0.7629900593578688,1.0823084939973275,5.325318185062682,97.12053571428572,2.3659780988827155,10
placebo|91,42.350632152431494,0.9713999469944778,5.568952801223256,-0.19596443897578197,49.21181722582737,10.17084658887487,32.12830742378911,-8.103103282352606,8.226211047398055,0.15733123629222986,0.5803114769163412,0.737642713208571,0.9833202268264364,5.24724054277241,97.12053571428572,2.327301281740775,10
placebo|147,42.37674879933285,0.8492250323297146,5.567259804697762,-0.16550423833869843,48.14319727069621,10.147481775050164,33.955672623208244,-6.280526211860603,7.749611462311063,0.1525431073651062,0.5848715752901943,0.7374146826553004,0.9533944210319137,5.3022899191259025,97.12053571428572,2.5877433839224637,10
placebo|203,42.46749570973205,0.42412114171967996,5.576451359895222,-0.330877652439332,48.95835309957112,10.106004558816423,33.86247102177427,-6.364181528943102,7.492434277930241,0.16208939171658213,0.5838709707528631,0.7459603624694451,1.0130586982286383,5.2860804899896925,97.12053571428572,2.299543372745241,10
placebo|259,42.42809242639081,0.6088175193929901,5.5748380045778125,-0.30185034734617755,49.41630929594307,10.18402183423937,32.36878371887979,-7.8643326527521085,8.157285574547364,0.1556255708020709,0.593213797528147,0.7488393683302177,0.972659817512943,5.36081625163993,97.12053571428572,2.292687412328051,10
Unhedged,56.92948871609696,0.0,9.488726902482915,0.0,72.46031401677939,15.794718954111453,-14.362417807935437,0.0,0.0,0.0,0.0,0.0,0.0,0.0,0.0,0.0,11
always|1,55.011766924367144,6.623708484796542,8.588950778631945,9.482580045754341,67.45592303610712,14.723126794261454,-8.81202159496198,5.729151428832268,-13.816894316006529,0.17875521585879608,0.6723151991709163,0.8510704150297124,1.1172200991174757,6.494768670164071,92.70535714285715,8.000934480577957,11
ratchet|-1|4|1|0,54.98377046299499,6.718725993843266,8.526997895517136,10.1354904282694,68.05642871081228,14.172581013152513,-9.784908434887244,4.806090990179746,-17.961921581966365,0.22858161713156133,0.8552692884394985,1.0838509055710595,1.4286351070722578,8.372821089702644,97.45089285714286,8.902629787015004,11
placebo|35,55.06365693812587,6.447470472714545,8.538801223490834,10.01109726051357,68.58776001652123,14.035728838170986,-10.323363026355922,4.262597440421367,-16.732555749982275,0.22354265884186206,0.8626409586796688,1.086183617521531,1.397141617761638,8.421595011972098,97.45089285714286,8.899578198154366,11
placebo|91,55.05602932923732,6.473387119792129,8.558806473733746,9.800265497216875,67.36559686832884,14.20708102264982,-6.817821490362637,7.762297911695328,-18.048864406564693,0.2177015941225192,0.8650925589659441,1.0827941530884633,1.360634963265745,8.496260709595777,97.45089285714286,8.809847965962163,11
placebo|147,55.0105093065602,6.627977765760384,8.485291027167335,10.575031673142687,68.51954311079334,14.18931155544128,-9.856729782169072,4.7333576847520895,-17.515531972979048,0.22766965898572789,0.8796296340400908,1.1072992930258188,1.4229353686607995,8.609636694461189,97.45089285714286,9.21208276669973,11
placebo|203,54.860757733039094,7.135647134830759,8.486220863913834,10.56523228955777,68.28821556575109,14.02531454521408,-10.335754456650898,4.257709468937733,-17.352425712353853,0.23104611765318625,0.8752095855554616,1.1062557032086477,1.444038235332414,8.542486473089783,97.45089285714286,9.342324165300987,11
placebo|259,54.995064961838,6.680399286104244,8.539994351809291,9.998523094024014,68.09690682991685,14.252564369847843,-9.824069561995161,4.765710957007674,-16.730750819687668,0.22736271106739073,0.8535517677025065,1.0809144787698972,1.421016944171192,8.33921838057685,97.45089285714286,8.816896386959124,11
Unhedged,44.417825611695164,0.0,6.946313118209924,0.0,37.30356626429686,12.701935275889776,20.4815907919409,0.0,0.0,0.0,0.0,0.0,0.0,0.0,0.0,0.0,12
always|1,43.30350715725581,4.954501394845123,6.804604871379075,2.040049799358412,37.24510581120322,12.701935275889776,12.227757631171682,-8.146870281733806,9.329059557635873,0.10696287903542144,0.4228140024518585,0.5297768814872799,0.668517993971384,3.653970575285246,91.67113095238096,1.664650974588045,12
ratchet|-1|4|1|0,43.2415703218997,5.226193358788822,6.854801185257592,1.3174173319718485,38.96508194665954,12.701935275889776,7.915610598356557,-12.39200627151332,11.254386015013313,0.17397392207102577,0.6443991865891512,0.8183731086601769,1.087337012943911,5.605647224348786,97.21279761904762,2.0383635028638376,12
placebo|35,43.24848875647326,5.195864264404914,6.8345055785306865,1.6095954469160234,39.1992111536219,12.701935275889776,7.202463051616494,-13.108779888326412,11.72957149696367,0.1703478519979947,0.6422057307706079,0.8125535827686028,1.0646740749874668,5.5874580402580785,97.21279761904762,1.9876826862007029,12
placebo|91,43.18602184989421,5.4695313629552045,6.813795424996588,1.9077414299959683,39.54469502854951,12.701935275889776,6.929753336848803,-13.378858877310384,12.716248199800575,0.17297857778171744,0.6466897573701407,0.8196683351518582,1.0811161111357341,5.605446405028626,97.21279761904762,2.227338623651605,12
placebo|147,43.29897261773899,4.974405787450609,6.827060100448078,1.7167814887183996,39.76710623111769,12.701935275889776,7.069205660318757,-13.245514032381223,12.263346339708828,0.1668710992409271,0.6482528227857847,0.8151239220267119,1.0429443702557943,5.6137252155768795,97.21279761904762,1.9247484151832366,12
placebo|203,43.457664066722955,4.276588629782996,6.864940640561964,1.1714484542114767,39.38409858144228,12.701935275889776,7.60174112378969,-12.722825271522503,11.950377708349556,0.157024396628701,0.6442319159123787,0.8012563125410799,0.9814024789293813,5.5879483950787705,97.21279761904762,1.7966523937026488,12
placebo|259,43.219315801117695,5.323720016209965,6.804659651869079,2.039261172513185,39.316310785066776,12.701935275889776,7.808381554746355,-12.514197977462658,11.994850316900612,0.15901125973187816,0.6443855976624294,0.8033968573943076,0.9938203733242383,5.5916544601966205,97.21279761904762,2.2179248534151457,12
Unhedged,52.38211849833343,0.0,6.990838429884261,0.0,47.45620184864286,9.734338172642623,68.88417132952462,0.0,0.0,0.0,0.0,0.0,0.0,0.0,0.0,0.0,13
always|1,51.91709511754503,1.767623252134387,6.923604619958697,0.9617417223970581,45.9467182550231,10.386915654755532,69.7691575048211,1.0364779035930893,-0.585688408108312,0.15149172829661814,0.44293534291939274,0.5944270712160109,0.9468233018538632,4.341668371554883,86.90625,2.398184096562004,13
ratchet|-1|4|1|0,52.095605607359886,1.0909422288098103,6.938264460334544,0.7520409758717261,44.4451578850399,11.796121728782921,71.91675898374987,3.246589529718971,-4.868899964200932,0.21400187549373265,0.6402610760647014,0.854262951558434,1.3375117218358292,6.308590528390918,94.63839285714286,4.08094039488142,13
placebo|35,52.04627541696038,1.278170786627486,6.912999375692755,1.1134437588882218,45.55290803187248,11.639999862238655,70.60684663369429,1.937677979847886,-4.125954938586146,0.21500267567821907,0.6331475808246363,0.8481502565028554,1.3437667229888697,6.234753630712161,94.63839285714286,4.049440088331014,13
placebo|91,52.07823208139148,1.1569022086020841,6.966220329846047,0.35214803324558064,45.17995246793579,11.409579143036066,70.41143298418326,1.7410089403068219,-4.04718746279089,0.21374728564819317,0.6345684931468469,0.8483157787950403,1.3359205353012071,6.255019278498127,94.63839285714286,3.744863278294533,13
placebo|147,52.107534960007364,1.045638748362443,6.926616259389667,0.9186619192922296,44.68633778617787,11.657311401747311,71.13586504835884,2.46074902120605,-3.933400986990956,0.2090553023718481,0.6360548202426544,0.8451101226145024,1.3065956398240501,6.2621247314043265,94.63839285714286,3.8203283745279224,13
placebo|203,52.05035271851142,1.2627024584602742,6.911297785300047,1.1377840495382596,44.3167652898139,11.773512132152874,71.7834828925407,3.111398876274556,-4.6236638707184765,0.2120873132584677,0.6370347198194672,0.849122033077935,1.325545707865423,6.28709260816316,94.63839285714286,3.707728937140274,13
placebo|259,52.0468496168186,1.2759924800117783,6.905076163652011,1.2267808374119338,44.2703611140063,11.793601723427196,72.35556994520437,3.682605377556193,-5.282356790029835,0.2112067618764442,0.6336813789934859,0.8448881408699301,1.3200422617277765,6.251662048468108,94.63839285714286,4.5340449699470655,13
Unhedged,57.9046344262893,0.0,7.855720195612981,0.0,51.20797319445902,14.395665061887456,42.39189005879054,0.0,0.0,0.0,0.0,0.0,0.0,0.0,0.0,0.0,14
always|1,57.0578026094704,2.9035310870918263,7.792699132648957,0.8022315127671931,47.94503868249501,14.391172817882417,49.90809207264145,7.68097788933214,-11.352130846235534,0.1647758754812031,0.6061075038646304,0.7708833793458335,1.0298492217575195,6.522444971408965,92.31994047619047,3.0529499845149006,14
ratchet|-1|4|1|0,57.56231899730651,1.1788472460805388,7.811105475968833,0.5679265367555142,46.26730919909174,14.398036069316555,55.89320540606726,13.735569290068879,-17.740810924403785,0.2342539427921376,0.8455989653466434,1.0798529081387809,1.4640871424508597,9.166822687331372,96.47470238095237,3.2525954865256357,14
placebo|35,57.51408882782491,1.3443779022205171,7.79393914243391,0.7864467119586549,47.33410080335369,14.397478257602833,54.723469179134426,12.585197995757058,-17.915597537613504,0.2536188754131642,0.843668510940052,1.0972873863532162,1.5851179713322763,9.153479761413873,96.47470238095237,3.645624785515131,14
placebo|91,57.56937675140521,1.1546127063409295,7.856082778871462,-0.004615531732965472,46.19222514046645,14.398665846570374,55.67741351502124,13.521263077542871,-16.554129088049194,0.23573962131214102,0.8230686993562057,1.0588083206683465,1.4733726332008819,8.925322499495548,96.47470238095237,3.204265605113589,14
placebo|147,57.4789736560987,1.4648093170964605,7.802901701654108,0.6723571186810995,47.54826556956503,14.3991834382629,54.246602191068774,12.079084097823078,-17.325829754489842,0.22437196554481542,0.8349323942057952,1.0593043597506104,1.4023247846550961,9.061991498854097,96.47470238095237,3.4617130128789473,14
placebo|203,57.374651662951436,1.8221594400854246,7.764037383924764,1.167083467909369,45.411314703456796,14.378605228113358,54.96915676887642,12.789171823957485,-17.8812639903715,0.21190511387159447,0.8413032683734871,1.0532083822450815,1.3244069616974654,9.112295759848928,96.47470238095237,3.5424026876120354,14
placebo|259,57.629595899545244,0.9477145762756267,7.84761765900595,0.10314186866732244,47.023505783457985,14.398053774320974,54.714764501937914,12.558640999486773,-16.773971191750427,0.23576655633939061,0.8448282922763887,1.0805948486157795,1.4735409771211914,9.160666759834545,96.47470238095237,2.9867484291962865,14
Unhedged,58.872512898334186,0.0,8.685468925734547,0.0,79.79082308968839,13.528335682734848,-20.942187636998764,0.0,0.0,0.0,0.0,0.0,0.0,0.0,0.0,0.0,15
always|1,56.330453578511346,8.449367424898524,8.182910152787567,5.786201956902149,74.85614722770933,11.080016535385747,-9.910252757733085,11.269150555345318,-23.295529920425274,0.23721567607964752,0.8298327987063118,1.0670484747859594,1.482597975497797,8.830761136034141,98.47619047619047,9.965222379655959,15
ratchet|-1|4|1|0,56.71209798566468,7.204635848054231,8.270269145905122,4.780395662912495,73.31262229584196,11.611713898022716,-6.1616532616282615,15.0763400300102,-28.236381510974333,0.29580565463970543,1.1318346142500273,1.4276402688897325,1.8487853414981592,12.024117030901508,100.0,12.200578211646581,15
placebo|35,56.592396522589674,7.595946301026569,8.227241148295668,5.27579778774151,73.36246354592173,11.581615842980787,-5.844178039192858,15.385050175944365,-28.344294721989655,0.28704057813845707,1.1154756431902106,1.4025162213286677,1.7940036133653567,11.85747387769683,100.0,11.997992665260671,15
placebo|91,56.722888491154116,7.169320485708786,8.273345878540951,4.744971753597548,73.59279502241395,11.549780501803559,-6.230415817206793,14.999920476499934,-29.272205448357568,0.2881486567079702,1.1203441263675804,1.4084927830755505,1.800929104424814,11.916210695130287,100.0,12.097769899867018,15
placebo|147,56.558797827296466,7.705633616763297,8.193766174063347,5.661211339025273,73.67578194793839,11.115749996349592,-6.61671123986772,14.608853196026457,-28.330219299075665,0.28337679889542644,1.1318052483611347,1.415182047256561,1.7711049930964153,12.037511106778705,100.0,11.381779937594098,15
placebo|203,56.55750875041834,7.709840678526758,8.224998175134122,5.301622221410252,74.14663601370964,11.218026681955173,-6.988639467123056,14.263728174679924,-28.399759862166846,0.31018000480421837,1.1354386966576822,1.4456187014619009,1.9386250300263648,12.060111163090088,100.0,12.384273737103122,15
placebo|259,56.38455891391454,8.273414411074276,8.18636603353332,5.746412732217765,73.87416240414008,11.407779637889474,-7.267172129521235,13.970428536311534,-29.276409455145625,0.2954130288340107,1.125828302395857,1.421241331229868,1.846331430212567,11.978077510663153,100.0,12.568877979677175,15
Unhedged,56.56413008011533,0.0,9.413501530952844,0.0,40.13056834426136,17.635363260567644,46.12375867691686,0.0,0.0,0.0,0.0,0.0,0.0,0.0,0.0,0.0,16
always|1,54.931194883402384,5.690407695317623,8.697669804160647,7.604308815783889,30.890029218683278,19.21119001470028,59.00720376047352,13.056187802615137,-22.259867687285517,0.17274271905846852,0.598599485333807,0.7713422043922755,1.0796419941154283,6.503585845166661,95.44642857142858,11.01192268818547,16
ratchet|-1|4|1|0,55.29343226259969,4.442479271167565,8.725820685688799,7.30526088515372,29.493695375121376,19.538067179961512,69.37671282172255,23.492238781368552,-29.839374773827338,0.23928463656286195,0.8481120704298389,1.0873967069927009,1.4955289785178867,9.197143843277583,99.36309523809524,13.912159434055827,16
placebo|35,55.327540931505304,4.3245504325539645,8.764469087733339,6.894697377860936,29.444480038910392,19.518063160424294,69.49045548625632,23.59081994600497,-30.442961000078018,0.2241231366655137,0.8611271756498888,1.0852503123154025,1.4007696041594604,9.337460486326666,99.36309523809524,13.81784497452012,16
placebo|91,55.33265899273651,4.3068487436844,8.73746706793404,7.1815409047941925,29.958821727136687,19.44888810557577,68.87100474039421,23.005067798954947,-30.6831485210471,0.25782173547756654,0.8462895680035901,1.1041113034811567,1.6113858467347912,9.190100882817703,99.36309523809524,13.8594066895243,16
placebo|147,55.68314326383516,3.090743644045202,8.783423715242472,6.693341618297854,29.909567336484088,19.534973729485568,66.31880032020845,20.42767383158142,-31.119979346824838,0.23263218828982737,0.8626078042078488,1.0952399924976761,1.453951176811421,9.354593257868567,99.36309523809524,12.17337302582273,16
placebo|203,55.66901759635215,3.139905175496116,8.829482232903157,6.204060159010483,29.87397209191929,19.538067179961512,69.07600997029073,23.212206757798345,-31.7799607105747,0.2599554644244449,0.8743645375113985,1.1343200019358435,1.624721652652781,9.488827708763079,99.36309523809524,12.843130920247283,16
placebo|259,55.538327297644834,3.5941548218598407,8.757085014288641,6.973138682835689,29.380636413171047,19.506735967031855,66.80157932261237,20.899449218023356,-30.603562402159632,0.22162857232784713,0.8571092201846606,1.078737792512508,1.3851785770490446,9.287901509841362,99.36309523809524,12.010485098831234,16
Unhedged,52.3063094683575,0.0,7.5664209926599115,0.0,65.12979110504293,14.86627176259801,1.475555758114122,0.0,0.0,0.0,0.0,0.0,0.0,0.0,0.0,0.0,17
always|1,51.403244060212856,3.4231806113644736,7.258126749231137,4.074505551935925,63.49952897175704,14.546382210750247,2.8003740255172827,1.4974994280390836,-4.605237747295556,0.1726811606359138,0.7151610169958513,0.8878421776317652,1.0792572539744614,6.85224111470994,97.10267857142857,4.871365725397508,17
ratchet|-1|4|1|0,51.87810372901492,1.630598640868397,7.35764452497438,2.759249953023535,59.618629329512764,15.014122423956842,7.273661564572232,6.026955930960561,-14.465869191069707,0.22885012450245706,1.0196014056910336,1.2484515301934906,1.4303132781403567,9.856196262512718,100.0,8.631905055911348,17
placebo|35,51.829318131954274,1.8155226517694079,7.349826811289163,2.862571109654921,60.56430720438238,15.016039196901707,6.165364537140083,4.968280097492408,-13.508086118023895,0.2784713184664508,1.0262766059156925,1.3047479243821434,1.7404457404153175,9.89113065768575,100.0,9.073601545170071,17
placebo|91,51.976796267132876,1.2559681235564835,7.313374952025758,3.344329384786149,57.75791820290574,15.035823725212419,9.391071195893197,8.185873677953467,-13.793572479742586,0.2703582401744006,1.0397487601346307,1.3101070003090314,1.6897390010900035,10.054244324179779,100.0,9.637666004337323,17
placebo|147,51.92543147855279,1.4510344055156055,7.316430931067686,3.3039406852293562,58.830973819600004,14.751379167083496,8.549502096782492,7.334284980249725,-13.359042535785882,0.26033864158135567,1.0286108291071616,1.2889494706885172,1.6271165098834728,9.941978409520074,100.0,9.11025479379556,17
placebo|203,51.839655343672426,1.7763535103952566,7.338328407924745,3.0145373216271754,60.14618203106288,14.96974820337095,6.554725152073435,5.30265291007222,-13.115211492930825,0.22348351611289935,1.0557709917635674,1.2792545078764666,1.396771975705621,10.198282338502894,100.0,8.713999148591816,17
placebo|259,51.63358522916199,2.5557077549581586,7.230212946687114,4.443422409339204,58.15591543087704,14.772004810096032,9.269119009343996,8.034305540707448,-13.493345260660012,0.2407422894775828,1.0245988288711083,1.2653411183486913,1.5046393092348924,9.894909426273532,100.0,9.519090918257966,17
Unhedged,51.84301817351296,0.0,7.531010590794486,0.0,66.54086429187069,17.72165475501042,-24.502523032306826,0.0,0.0,0.0,0.0,0.0,0.0,0.0,0.0,0.0,18
always|1,51.156790251481425,2.629809244912429,7.4620154004988395,0.9161478325363515,66.78021735614708,14.022242391225637,-27.484844290129853,-2.839560595294373,-3.0138381116370665,0.14276066252865866,0.554751144085187,0.6975118066138456,0.8922541408041166,5.388615279116561,98.25892857142857,1.190931094751951,18
ratchet|-1|4|1|0,51.5019670996952,1.311379150745695,7.489908877897594,0.5457662341775582,67.10021952328425,13.781459577671548,-29.945732093582563,-5.226838169427499,-5.404668612654395,0.21637089184824077,0.7960523107053696,1.0124232025536104,1.3523180740515048,7.669744224203896,100.0,1.9564963375138194,18
placebo|35,51.49677188927378,1.3312883822145682,7.499029078979029,0.4246642788492405,66.8420875595045,13.806355796533584,-27.540298527219353,-2.8340003003163243,-4.945234631995085,0.2037751945962122,0.7872835206645045,0.9910587152607168,1.2735949662263266,7.585850231025988,100.0,1.9193420305117164,18
placebo|91,51.53821338178014,1.1724192413106516,7.521546152070538,0.12567289090679168,67.43525524953962,13.848592938373955,-30.011438694592385,-5.315379759385326,-4.396334591136553,0.1935359029002286,0.818343871069813,1.0118797739700416,1.2095993931264286,7.88779027089889,100.0,1.7611122375551111,18
placebo|147,51.49010056718297,1.3568514648579333,7.479301722140036,0.6866126136863548,66.81566019400395,13.790183988707,-28.40766538069975,-3.7179643067311954,-4.414306891185359,0.18717804166170937,0.7972973724462504,0.9844754141079597,1.1698627603856835,7.672623814337191,100.0,2.1552660471449747,18
placebo|203,51.42933883402706,1.5895250119794313,7.487239095820857,0.5812167496767717,66.8708688010205,13.830524607980196,-28.09977767463969,-3.4003811850475256,-4.135731403295096,0.19687345728533379,0.792954972083928,0.9898284293692615,1.230459108033336,7.630866684595812,100.0,1.9739682264882379,18
placebo|259,51.47101979581034,1.4299466268914318,7.480939868727772,0.6648605982299105,67.05880190555212,13.731924051567027,-30.813137380128865,-6.11261769756948,-3.5645671752346364,0.1979966502525745,0.8001029133689129,0.9980995636214874,1.2374790640785907,7.676111953926814,100.0,2.0392452892482256,18
Unhedged,44.253011380182805,0.0,6.256621238255811,0.0,44.40987379611602,8.0273418643901,9.212881334782976,0.0,0.0,0.0,0.0,0.0,0.0,0.0,0.0,0.0,19
always|1,43.82932990083555,1.9056479452287056,6.212262541434907,0.7089880485280808,42.65419747200243,7.7915658656855316,2.6949324022803234,-6.416342049147673,7.894290117059171,0.10160688335497142,0.564551925651603,0.6661588090065743,0.6350430209685713,5.110183321506426,99.38244047619048,2.023342520586257,19
ratchet|-1|4|1|0,44.28360186361215,-0.1383004478767269,6.288518389143477,-0.5098143178722925,43.17466579928257,7.757056252571508,2.112772487719686,-6.994249555871054,5.813645014518103,0.1058592911922292,0.7804674579346335,0.8863267491268627,0.6616205699514325,7.1265047633218215,100.0,2.1281634443468826,19
placebo|35,44.45450507671141,-0.9127171814735435,6.333397530091552,-1.2271206600504403,45.05457698858451,7.881544969815689,0.21823713165203495,-8.857370552494672,6.130910043379307,0.13727365063626026,0.7905452429453106,0.9278188935815708,0.8579603164766266,7.243465538234522,100.0,1.7660030641676145,19
placebo|91,44.51503282100738,-1.1877029165270336,6.274923543209504,-0.29252697672963457,43.33890553401353,7.748068735697455,2.2557305866192756,-6.857273035421997,5.549057708741413,0.09987771274168412,0.8014343864971545,0.9013120992388385,0.6242357046355259,7.345367019356429,100.0,2.3924054742627088,19
placebo|147,44.42676670373277,-0.78682302134776,6.295672790960808,-0.6241636055291044,44.34493209853374,7.721843630034661,0.39704644342079426,-8.693758471930089,5.32420905445781,0.1220764194320829,0.8149466162661705,0.9370230356982533,0.7629776214505182,7.477684673238329,100.0,2.3552675108907435,19
placebo|203,44.244810540991466,0.03705998329956994,6.267766574579057,-0.1781366635253523,43.688681068642396,7.75526962395085,0.19568897510627256,-8.880189157193486,5.971890445465359,0.137003202483207,0.8087019204707224,0.9457051229539295,0.8562700155200438,7.412268221970223,100.0,2.4215651133808405,19
placebo|259,44.368491512113735,-0.5225895526841384,6.250989755101216,0.09000837576935705,44.40172790400509,7.742273686500291,0.8784414998085353,-8.209433793064994,5.822843983763858,0.12500604190943213,0.8144423659032514,0.9394484078126835,0.7812877619339509,7.4579851061852676,100.0,2.324457295152584,19
Unhedged,46.7694834623997,0.0,7.486852488483015,0.0,65.53350393237105,13.777261178482561,-17.930480720675288,0.0,0.0,0.0,0.0,0.0,0.0,0.0,0.0,0.0,20
always|1,45.43669499549737,5.618185853636836,6.915791542102595,7.627517000754047,65.74260322970095,12.524836095868109,-22.943127415861674,-4.917788835518421,3.211838735966056,0.09485785966795145,0.6466241002483176,0.7414819599162691,0.5928616229246967,5.937924168623501,98.89136904761904,5.5466413992008485,20
ratchet|-1|4|1|0,45.515280440224785,5.291425690248452,6.808593158788266,9.059338764028158,64.07875790532135,12.047421176120054,-20.908820647415226,-2.8409816016346037,2.837050124184792,0.1373583251053286,0.8684665090119857,1.0058248341173142,0.8584895319083037,7.964294243248146,99.99255952380953,7.00269933650197,20
placebo|35,45.59114916638109,4.975425988524796,6.8081783494206665,9.064879268108307,64.51871427113764,12.25850696589903,-21.17421582261336,-3.116360374168516,2.3118637767524897,0.12737472776954487,0.8746972179344419,1.0020719457039868,0.7960920485596555,8.043412155106502,99.99255952380953,7.3031214040550605,20
placebo|91,45.50848839851072,5.3196894550949665,6.785505203037093,9.36771876465845,64.76533468337773,12.364827884629369,-21.93179307832949,-3.8522478696080915,2.940545103730823,0.14906448804610248,0.8751013523138409,1.0241658403599432,0.9316530502881405,8.041069693073128,99.99255952380953,7.24066134394948,20
placebo|147,45.504382941133116,5.33677147473356,6.7936769426879495,9.258570899605312,64.79889593127821,12.16447177574658,-21.59872948515968,-3.539586892382314,1.794821925743712,0.12866187210207256,0.8615733222081985,0.990235194310271,0.8041367006379536,7.935388942150262,99.99255952380953,7.127369363730263,20
placebo|203,45.645719027805136,4.747812459013712,6.821189503704694,8.891092562626369,65.03229414090222,12.020408856936788,-21.848768126360124,-3.7896300269923135,2.2682359933524032,0.1286573786925075,0.8490590706578559,0.9777164493503635,0.8041086168281719,7.803066954365306,99.99255952380953,6.939195683291273,20
placebo|259,45.54738146742452,5.157786411218924,6.806107963955423,9.092532884476856,63.897293212546536,12.041849844173083,-20.69442713277967,-2.630732405404905,1.9996536458924448,0.1332140066994712,0.8686600997264615,1.001874106425933,0.832587541871695,7.990889555606935,99.99255952380953,7.0707728713316635,20
Unhedged,46.799484695530396,0.0,6.392084028757488,0.0,63.01895537030122,10.794213102732535,-5.3546896470913925,0.0,0.0,0.0,0.0,0.0,0.0,0.0,0.0,0.0,21
always|1,45.965637350380405,3.531743287454414,6.344582038565962,0.7431377619226853,62.915324864450724,10.857626351366203,1.8256897834299919,7.315102969776768,-9.308926079418088,0.13472353925538216,0.7359627672553484,0.8706863065107305,0.8420221203461387,7.20016815267071,93.96130952380953,5.185333612196896,21
ratchet|-1|4|1|0,46.26333269437578,2.278148265873159,6.324453756688629,1.0580316492179165,62.769863591195886,10.857626351366203,4.89198326435459,10.408641374206614,-11.027331438292784,0.16196846276062363,0.8920882090166405,1.054056671777264,1.0123028922538975,8.75838589595586,99.01636904761905,6.179648683463446,21
placebo|35,46.32804614045415,2.004569153316327,6.335124393827924,0.891096466712682,63.13400497139945,10.857626351366203,4.578671865123248,10.105556683277234,-10.441292714422888,0.1721951710625869,0.9045009786291242,1.0766961496917111,1.0762198191411685,8.854553024828425,99.01636904761905,6.2296190426547104,21
placebo|91,46.27443913526026,2.231222452913151,6.312897002845719,1.238829551606524,63.07139112536826,10.857626351366203,4.857651780396049,10.363449093894362,-10.583479439371011,0.15110766640692214,0.9153161471848357,1.0664238135917583,0.9444229150432634,8.965605549646142,99.01636904761905,6.282495056512159,21
placebo|147,46.248058115855386,2.342666474906596,6.326371259457858,1.028033564702724,63.1559885502988,10.857626351366203,3.4151290222080166,8.951119432329135,-10.944087571988847,0.1813007630297125,0.8893202952121834,1.0706210582418958,1.1331297689357032,8.71520077161394,99.01636904761905,6.213732744986534,21
placebo|203,46.183190644214285,2.6164224763643107,6.324162608711231,1.0625864700883558,63.468749220296594,10.857626351366203,3.5424762378738053,9.069106341077678,-10.230871233388497,0.1719404561124554,0.9031954816621661,1.0751359377746215,1.0746278507028462,8.83408730506142,99.01636904761905,6.375938530246593,21
placebo|259,46.284646932510455,2.1880835644309427,6.3383147640312725,0.8411851985097751,63.25390517995177,10.857626351366203,3.987473721293378,9.530215620906821,-10.466381207152233,0.18805225252204594,0.9012985893038775,1.0893508418259235,1.175326578262787,8.821681573469622,99.01636904761905,6.249779022104323,21
Unhedged,63.301714964572284,0.0,11.475323394396275,0.0,83.69711512132335,26.33524249681284,-21.358854072912074,0.0,0.0,0.0,0.0,0.0,0.0,0.0,0.0,0.0,22
always|1,58.38875400027789,14.920003539375259,9.672936727113086,15.706630700824908,72.70973638445086,18.73760785952516,3.2468897355625526,24.839995608443196,-33.94501254295774,0.2342517999685794,0.6782056591388742,0.9124574591074537,1.4640737498036214,7.250452615269423,92.8184523809524,13.219373396496922,22
ratchet|-1|4|1|0,57.94741843072785,16.20130921486982,9.46198104543802,17.54497263180772,70.74080399957545,18.628275932136486,7.018706928846754,28.618038240607614,-38.697867061246285,0.24047723884879466,0.9504564840279606,1.1909337228767554,1.5029827428049665,9.979903904361521,97.16071428571429,16.044532105781855,22
placebo|35,58.266521501195626,15.275847928799212,9.513876047846747,17.092741347118444,71.35080504152027,18.66245905835712,5.6078382847872446,27.241251343701805,-39.96563227509512,0.27455898600249323,0.9713720379274935,1.2459310239299868,1.715993662515583,10.284800746104365,97.16071428571429,16.111852911307782,22
placebo|91,57.861192419468665,16.450509305867623,9.300917130729452,18.948540175596673,70.442096141911,18.73760785952516,8.745429653071879,30.363631109933554,-41.9179088079749,0.2593473839496005,0.9566927435264357,1.2160401274760364,1.620921149685003,10.090178367698604,97.16071428571429,17.202284313282632,22
placebo|147,58.03735549837112,15.940988485907804,9.498968915609233,17.22264733516924,70.68216720888567,18.580839276157455,6.6075096791588654,28.218519468919354,-39.45527167832145,0.25215571684842725,0.9640508045484585,1.216206521396886,1.57597323030267,10.1991194521094,97.16071428571429,16.24882227267307,22
placebo|203,57.78180453012963,16.67961856537995,9.220240109519272,19.651588084900716,69.95938436838756,18.73760785952516,8.654578319160619,30.258750233552245,-40.021711185598285,0.24531784147956576,0.9514628506516054,1.196780692131171,1.533236509247286,10.001429575049722,97.16071428571429,17.556917761985773,22
placebo|259,58.52893396499789,14.510992327702898,9.63294773886204,16.05510879487648,72.0634444041356,18.66245905835712,5.343157590692878,26.964766689062735,-39.593183238577275,0.26275502545778756,0.9794386035002557,1.2421936289580433,1.642218909111172,10.338803736239099,97.16071428571429,15.39384882815977,22
Unhedged,46.21922130875798,0.0,6.393441451831245,0.0,50.03524314074066,11.143348586169672,20.481538213311115,0.0,0.0,0.0,0.0,0.0,0.0,0.0,0.0,0.0,23
always|1,45.14658686002111,4.587649099358204,6.198299432094472,3.0522218934354806,45.10076192922868,10.495435213201553,23.172798698702408,2.8031040836214896,-0.4919100057489877,0.11184359823019041,0.48588348080547017,0.5977270790356605,0.6990224889386901,4.310796131203554,87.63392857142858,5.592014900943292,23
ratchet|-1|4|1|0,45.156859269579904,4.544224941804265,6.145305483285432,3.881101757407035,42.095278051090446,10.46034062849555,25.67237313075291,5.338429847193799,-2.3658020790889682,0.1475949297520038,0.7144135640061386,0.8620084937581425,0.9224683109500239,6.364074328197375,92.30505952380952,8.105457715325516,23
placebo|35,45.119650598626826,4.701468792266439,6.121352170845949,4.255756200087857,42.49559172427423,10.46034062849555,26.363498939384527,6.025261887111728,-2.5441570463679213,0.14330116103831875,0.7099666544644714,0.8532678155027904,0.8956322564894921,6.335782682621055,92.30505952380952,8.322320167453626,23
placebo|91,45.18502399325935,4.425114623351645,6.13483294673709,4.0449030000905495,41.49996002767546,10.46034062849555,26.57076617105378,6.22209663317206,-2.8848202346393608,0.13286867542939082,0.7048541209822117,0.8377227964116023,0.8304292214336925,6.285633757820411,92.30505952380952,7.998569175345764,23
placebo|147,45.08561115881268,4.845205941371821,6.119867963875755,4.2789707236175705,42.485805339777585,10.463886031234432,25.490230190760993,5.1587089475598145,-1.907546504629766,0.15001697010993104,0.7014793366066382,0.8514963067165693,0.9376060631870688,6.239813682636196,92.30505952380952,8.225410070450069,23
placebo|203,45.13414624015135,4.640225620744087,6.15045741435288,3.8005202567197527,41.341882088548054,10.469800061563362,25.575802963621282,5.252883391566534,-2.1323409546627374,0.15861864125637126,0.6886362312246052,0.8472548724809764,0.9913665078523204,6.133529117142315,92.30505952380952,8.001928974024937,23
placebo|259,45.165136290735454,4.509228624875449,6.14309395527889,3.915692329999332,41.94181439307542,10.472924317978519,25.606122648503735,5.262783454866751,-2.4929277348608716,0.13819901967412593,0.707515342691169,0.845714362365295,0.8637438729632873,6.306101295657421,92.30505952380952,7.909519235808283,23
Unhedged,52.143783536527195,0.0,7.411212143167344,0.0,41.15809773909921,10.132239223955818,112.86110650352485,0.0,0.0,0.0,0.0,0.0,0.0,0.0,0.0,0.0,24
always|1,51.3840278840488,2.8928498486350263,7.095679550040876,4.257503186133571,40.73271138194002,10.132239223955818,107.1480764834643,-5.565282592023801,3.5544363421317016,0.1477474280367381,0.6434959382126414,0.7912433662493793,0.9234214252296131,6.311801476053712,94.41666666666666,5.074874704557432,24
ratchet|-1|4|1|0,51.43918606271819,2.6842586348406416,7.1011515179126645,4.1836695437268645,41.1002280468883,10.132239223955818,107.90167516931167,-4.770979214405667,-1.461620856225962,0.1884521198075117,0.8859964501576121,1.074448569965124,1.177825748796948,8.62633598933998,97.19642857142857,7.475822304746065,24
placebo|35,51.4741513450763,2.5519148284218085,7.040896274198359,4.996697730618759,40.30809013676598,10.132239223955818,107.11007096363149,-5.544535429341877,0.5227030804154942,0.206500110551463,0.8980391493321636,1.1045392598836266,1.2906256909466438,8.754909391273486,97.19642857142857,7.851370536771508,24
placebo|91,51.738035623501666,1.5502108082615096,7.174615176381302,3.192419299509175,41.025039318538305,10.132239223955818,106.0682863148051,-6.576339904999818,0.4728527113646072,0.2164802837199001,0.9080578721937662,1.1245381559136662,1.3530017732493755,8.866257821629993,97.19642857142857,7.210738500176885,24
placebo|147,51.551275144068384,2.2596828390149537,7.092494622160353,4.300477639151479,40.90044125602663,10.132239223955818,106.47735099319023,-6.175247474711714,-0.07826167870228931,0.2085080356228831,0.8940866863728181,1.102594721995701,1.303175222643019,8.73477660152612,97.19642857142857,7.08488628672287,24
placebo|203,51.69758463978792,1.7040950433503177,7.093654047084268,4.284833438155511,41.03050139517384,10.132239223955818,107.87564171305971,-4.767598428860861,-0.4295704078730241,0.2178663616042761,0.9008033956648673,1.118669757269143,1.3616647600267253,8.755767199960292,97.19642857142857,7.385083299631565,24
placebo|259,51.65229856247062,1.8762302135808873,7.138540449841442,3.679178089339774,40.98618596905791,10.132239223955818,107.60079310341004,-5.0438532062500645,-0.2534628983876609,0.2164601938647447,0.9017988038845539,1.1182589977492987,1.3528762116546544,8.776821796314845,97.19642857142857,7.244705297623188,24
Unhedged,59.0918681581823,0.0,8.74840769546185,0.0,72.17642105283024,13.862733198551108,-30.333146235530727,0.0,0.0,0.0,0.0,0.0,0.0,0.0,0.0,0.0,25
always|1,57.439353164202686,5.514831740608395,8.385114275320266,4.152680496703864,69.61776003619136,12.596282772531794,-17.18079907399163,13.323189780295714,-17.679716061333448,0.1708426187566192,0.8056200315903047,0.9764626503469238,1.06776636722887,8.397376395796865,99.65476190476191,3.4543074992463807,25
ratchet|-1|4|1|0,57.46040517925428,5.445559801199817,8.394529783036559,4.045055108815543,66.89835037667189,12.466809137516782,-10.20542529811242,20.348860646983454,-24.838170655964422,0.22113970956518067,1.0462225108844303,1.2673622204496109,1.3821231847823794,10.878549765329758,100.0,5.294947788968237,25
placebo|35,57.458626709520644,5.451412861481508,8.4212954226853,3.739106408429449,66.60992224922731,12.51968937218441,-11.029326336110381,19.516796068655182,-24.451480899803304,0.21297616923485896,1.0649212166971593,1.2778973859320186,1.3311010577178688,11.06066565511295,100.0,4.844100590947056,25
placebo|91,57.48495815028997,5.36473585172359,8.381419244993182,4.19491710084613,66.79560210314071,12.49273224279091,-10.759277128542806,19.791011234068794,-24.248485906130117,0.21714212708089983,1.0455480746823937,1.2626902017632935,1.3571382942556243,10.862267613106923,100.0,5.220200094937012,25
placebo|147,57.44379231707393,5.500226760201398,8.398552813120855,3.9990692537395067,67.50246484479881,12.492724958017355,-12.53631416858473,18.017650350173938,-23.43317582338927,0.2208182832279634,1.0642238171269525,1.2850421003549157,1.3801142701747713,11.04593702329493,100.0,5.160442365704117,25
placebo|203,57.503922893005274,5.302283706240352,8.450080016664732,3.4100797445902553,66.9129671652504,12.480117544253988,-11.819738842914557,18.722147137390124,-23.799221491329337,0.20873974477398105,1.0505992223063092,1.2593389670802904,1.3046234048373817,10.920212055142386,100.0,5.126362054239191,25
placebo|259,57.59130756304256,5.014254095712478,8.443996721548158,3.479615771354627,66.94833308183294,12.465188495239465,-11.354220286112529,19.20948012017295,-25.147943546692115,0.23055417075477422,1.0462941804475516,1.276848351202326,1.4409635672173389,10.874060159042346,100.0,4.784996421637158,25
Unhedged,56.32172814540471,0.0,7.505729782495975,0.0,43.4461454057289,12.801002290714802,37.41921423738749,0.0,0.0,0.0,0.0,0.0,0.0,0.0,0.0,0.0,26
always|1,55.28228908738403,3.6570164624849633,7.269530943554563,3.1469137017462123,44.65538355022293,12.061997960225034,38.77102432125493,1.5638624588806216,-6.146269768134393,0.21205237501317986,0.7735943247707978,0.9856466997839777,1.325327343832374,8.19256556925671,96.77083333333334,8.272281975598547,26
ratchet|-1|4|1|0,56.22755606302804,0.33412807388651933,7.389522665771588,1.548245408399762,46.150174648088836,14.017682547154253,39.1604254569806,2.0116315877633744,-10.370422446581303,0.2704203681702753,1.0236366227721356,1.2940569909424111,1.6901273010642208,10.896738419777481,100.0,9.652983582510561,26
placebo|35,56.12897684826803,0.6832939066852672,7.3612095434828175,1.9254655203574056,46.81340823459428,12.861712550953284,38.72067279423668,1.5958707393672067,-9.386293192311287,0.2944121825180247,1.0369300235847634,1.3313422061027884,1.8400761407376538,11.000653513775571,100.0,9.348990259778207,26
placebo|91,56.22468471064308,0.34430701645745687,7.333683744308606,2.2921960045590217,45.55772769849871,12.810420753414173,40.11079726212092,2.9990203957910073,-9.439849069440175,0.30743737105757163,1.029844834025025,1.3372822050825965,1.9214835691098227,10.929633348614528,100.0,9.378838526784813,26
placebo|147,55.98087222236677,1.2067261208572377,7.350457635855734,2.0687148503846897,46.19687265269028,13.659849983253894,37.881658823311255,0.7308067716473966,-9.990021994448107,0.2683621857236396,1.0333642473772424,1.3017264331008822,1.6772636607727476,10.981131724161441,100.0,9.734840209360883,26
placebo|203,56.000524338077824,1.1373510806185982,7.334721046759079,2.278375863406412,46.26283623651615,13.074320968470051,37.38451964875031,0.28324357244704607,-9.168882967551149,0.3179381610842326,1.034199335726286,1.3521374968105184,1.9871135067764538,10.984142666235348,100.0,9.93155423228475,26
placebo|259,56.21210377959537,0.3889002813729947,7.390877162132154,1.530199243672048,46.68851862737272,13.763445955183789,39.20005294781495,2.06146344012272,-9.965037483796985,0.2806247296952551,1.0359136458970517,1.3165383755923066,1.7539045605953443,10.998744077844126,100.0,9.425125628668454,26
Unhedged,51.34503686522917,0.0,7.538113380608136,0.0,56.717539418503904,11.354236941347322,31.775006625903522,0.0,0.0,0.0,0.0,0.0,0.0,0.0,0.0,0.0,27
always|1,50.74610066085394,2.3193787232774543,7.177653800240128,4.781827523253945,50.777553354762176,10.810541879289175,39.75900140236468,8.1208930019278,-11.042397524171045,0.13689822546662958,0.4360807737310762,0.5729789991977058,0.8556139091664349,4.07294221367326,87.89434523809523,4.693753874603615,27
ratchet|-1|4|1|0,50.67702655340418,2.5851177493397492,7.043085944458076,6.566993770928442,49.11324475700541,10.847307797927238,44.938963331771916,13.35661192417309,-16.706805322491242,0.19265521830469537,0.6210181249999543,0.8136733433046497,1.2040951144043461,5.774710711130396,97.8690476190476,6.7971614851032784,27
placebo|35,50.83143204729866,1.9905955962347122,7.046539301745993,6.521181813565214,49.41497490952709,10.848843227476888,44.232813488462256,12.646891551197978,-16.387639078390407,0.189084688639245,0.6322045697075515,0.8212892583467966,1.181779303995281,5.854481203471849,97.8690476190476,6.499854670323492,27
placebo|91,50.72151686015216,2.413997983810756,7.0602929878987535,6.33872652988452,49.67554531430364,10.835339940127248,43.72441584015573,12.143311235451042,-16.306890316240672,0.1939020211988375,0.6234157446661168,0.8173177658649543,1.2118876324927343,5.785855193372372,97.8690476190476,6.544712115167192,27
placebo|147,50.758771953109004,2.2705909655808876,7.0552824167430055,6.405196359970089,49.58084997232748,10.836447584014191,43.362590843420264,11.774400037562636,-16.26894052712815,0.1868158200458937,0.6162136672383363,0.8030294872842302,1.1675988752868356,5.720151997700556,97.8690476190476,6.562329802275533,27
placebo|203,50.78110046298078,2.184590774919626,7.055281773180817,6.405204897413819,49.20759641173795,10.831028482818086,45.322114112576216,13.74019988577449,-17.011836655447322,0.19309239910179637,0.6239643062118664,0.8170567053136629,1.2068274943862276,5.799575898963271,97.8690476190476,6.601586351445117,27
placebo|259,50.762147683114684,2.25759147579232,7.0631101406621575,6.301354410082616,49.776943847383826,10.846656736926873,43.65218507487775,12.069541045037523,-16.70066897250342,0.19236259606328285,0.624263693066089,0.8166262891293719,1.2022662253955179,5.8048583317612,97.8690476190476,6.554675578030883,27
Unhedged,45.75340001344745,0.0,5.980705332260868,0.0,51.87483785201974,8.773657446554889,3.6683106109922528,0.0,0.0,0.0,0.0,0.0,0.0,0.0,0.0,0.0,28
always|1,45.44849570683949,1.3283749544762968,5.734967233287549,4.108848126119313,54.59745419987583,8.669313725025784,2.438281960710614,-1.0786090934014558,-0.959020190923879,0.15141955688018238,0.5298259138128557,0.6812454706930383,0.9463722305011398,5.073945340184309,91.51488095238096,4.806458494846748,28
ratchet|-1|4|1|0,46.04242893129021,-1.2674110794302917,5.686284986952214,4.922836504258199,56.5311664125,8.621300016751814,0.8876288468350813,-2.588223106087585,-2.6751526662718432,0.19245865806959794,0.7457181018604582,0.9381767599300561,1.202866612934987,7.188589829652964,96.7440476190476,7.143554972042672,28
placebo|35,46.13941977749426,-1.694510927077686,5.707749693788484,4.563937250009942,56.77579316253832,8.613043929493019,-0.4718806733150277,-3.924465959341588,-2.275618865058337,0.21572532496568325,0.752264013374908,0.9679893383405913,1.3482832810355205,7.230156327596279,96.7440476190476,7.139896522697938,28
placebo|91,46.080760403825096,-1.4360965677850501,5.702625469644502,4.64961651122251,55.748121649276385,8.621618937131267,1.4639289771837785,-2.016239169809244,-2.926210237024513,0.18814246399923718,0.7635661700022661,0.9517086340015032,1.1758903999952324,7.358244061682304,96.7440476190476,7.4911264384312295,28
placebo|147,46.125340677766054,-1.6324577533913587,5.7470726576756,3.906440153889812,56.0826676966148,8.621473126619152,0.2299208253264005,-3.2550727172879483,-2.841931912917808,0.18331706837791753,0.7495918357342417,0.9329089041121593,1.1457316773619846,7.223134915668841,96.7440476190476,6.861395190633286,28
placebo|203,46.00308527030937,-1.0944172343073655,5.696519153766249,4.7517167743020945,55.985704233580094,8.621618937131267,1.7403767132037549,-1.7358950578567196,-2.43335596301596,0.19203883993178747,0.7485112409782342,0.9405500809100217,1.2002427495736716,7.219210515339819,96.7440476190476,7.105712928445867,28
placebo|259,46.11320926221267,-1.5790041236844132,5.723937402785836,4.2932716997439275,56.030211894577334,8.659669468795514,0.09812439083468044,-3.3663483497428985,-2.7799623834069402,0.20383787041467571,0.7562067623380121,0.9600446327526879,1.2739866900917232,7.287933729112578,96.7440476190476,7.312417045853666,28
Unhedged,52.314794172169044,0.0,8.224367577627426,0.0,55.78214837278315,17.311274255515034,16.029333270555494,0.0,0.0,0.0,0.0,0.0,0.0,0.0,0.0,0.0,29
always|1,50.99329207488244,4.9883065107247715,7.561450579076147,8.060400903707144,45.52266642118551,15.6052705893651,21.611077880640394,5.758169370962132,-11.5888081544775,0.17642476087722792,0.845274769095829,1.021699529973057,1.1026547554826742,8.594733243112987,100.0,12.871725069087839,29
ratchet|-1|4|1|0,51.611785465995276,2.669551452567398,7.580246591799927,7.8318603801183055,44.35177282332901,15.373690274278726,17.43180476765054,1.6556541264743054,-8.692039959720525,0.25318262937924585,1.0903710541966192,1.343553683575865,1.5823914336202867,10.974502384342461,100.0,16.761767085194542,29
placebo|35,51.461734545627536,3.23466631501933,7.543212061581625,8.282162848590735,44.716684660901876,15.37969646065098,17.697924622451293,1.9364961163446632,-7.368554705167223,0.2679047644488716,1.1068329107532289,1.3747376752021006,1.6744047778054478,11.091416151345543,100.0,16.926510177688975,29
placebo|91,51.44149572332116,3.31076290636364,7.581703034649443,7.814151506630229,43.68133166623137,15.37878158073958,18.6822070406895,2.8979778506686236,-9.310067999769853,0.2451040805346172,1.058748922057354,1.3038530025919712,1.5319005033413573,10.684281825904202,100.0,16.996102655015246,29
placebo|147,51.856376667451634,1.7448564226845487,7.646413061359908,7.027342963606287,42.88570053093833,15.443151142417621,18.251407491077813,2.447982566584746,-10.271084018439101,0.22590834606242463,1.1094130737857522,1.335321419848177,1.4119271628901537,11.218073056404329,100.0,16.356438320234393,29
placebo|203,51.38821291401143,3.510959497420729,7.584454977754072,7.780690658988709,44.51672941839166,15.373690274278726,17.35288928894653,1.5604938107719564,-9.06629485240242,0.23693779238092139,1.0790435012391564,1.3159812936200779,1.4808612023807588,10.861758147750255,100.0,16.76465251978173,29
placebo|259,51.58658251326006,2.764584621714561,7.629316693545192,7.235217522389659,43.98623627741567,15.40891629451864,18.466644506950374,2.665354164567831,-9.577464236218523,0.22804292817296098,1.0902876048589007,1.3183305330318618,1.4252683010810059,10.973765373467307,100.0,16.777888985114064,29
Unhedged,48.48037376268815,0.0,6.6266067183940685,0.0,52.49080149532644,12.80188621871345,34.32737745905195,0.0,0.0,0.0,0.0,0.0,0.0,0.0,0.0,0.0,30
always|1,47.38630759754046,4.462511641841815,6.293201936517895,5.03130479964522,54.07164774533826,11.920309407335695,33.4529700483019,-0.757230579042904,-0.3223358464798116,0.11717683170717479,0.5539909428367625,0.6711677745439373,0.7323551981698424,5.408326449030355,87.53869047619047,6.9004518533999235,30
ratchet|-1|4|1|0,47.33716316262742,4.66057312621817,6.247293813137565,5.72408958877263,52.53455100529323,11.885505747375323,33.36618887811854,-0.7987527098884785,-0.7478123619448522,0.16243587104494123,0.7334181373919378,0.895854008436879,1.0152241940308824,7.162917330762133,93.69047619047619,8.962915257462967,30
placebo|35,47.481518206280384,4.078209884380102,6.322319936823622,4.591894381264705,53.36868788905098,11.865618107131706,32.86612453880583,-1.281404016437137,-0.5678284083269042,0.17984890380898455,0.7279549081365215,0.9078038119455061,1.1240556488061537,7.111442079607475,93.69047619047619,8.55475495444537,30
placebo|91,47.511320426150284,3.957759674415162,6.347129313324934,4.217504024999153,53.41029187881641,11.871506524406769,33.27816984928702,-0.8794749251435883,-0.7246144037373778,0.1697326846213623,0.7341472254365325,0.9038799100578948,1.0608292788835145,7.149607491031765,93.69047619047619,8.978979361925145,30
placebo|147,47.50410447327704,3.986930981174197,6.350746215236019,4.162922516471634,53.79267280141187,11.866783964706613,32.259081650759875,-1.8971631439591758,-0.013097668725384308,0.17113266433290214,0.7214511052720389,0.892583769604941,1.0695791520806381,7.039573767436824,93.69047619047619,8.648039821330354,30
placebo|203,47.37726370343469,4.498975697368046,6.27717300831217,5.273192222377454,52.9071980920507,11.868994520642989,33.93240744517027,-0.23350442769118956,-1.3045401135075947,0.1614655861904891,0.7274103697626122,0.8888759559531013,1.0091599136905565,7.106330023326814,93.69047619047619,8.737439344113508,30
placebo|259,47.53625773584525,3.8569136608155863,6.3584429170910175,4.046774053433477,53.943031477073966,11.868237202783934,31.272983771737067,-2.876560592702635,-0.062418655538624385,0.1778330946122592,0.7291919174134712,0.9070250120257305,1.11145684132662,7.118452522004412,93.69047619047619,8.502664810240281,30
Unhedged,54.56631369527157,0.0,8.833443227622379,0.0,64.34918824916929,16.018423119419456,1.1018350060534516,0.0,0.0,0.0,0.0,0.0,0.0,0.0,0.0,0.0,31
always|1,52.80570200327814,6.349001900068396,7.954277997287733,9.952690108263518,56.08607246277673,13.52132292659336,-0.045915950379346315,-1.0090213733241165,-2.8014710558276734,0.13872958310867395,0.8842360593658373,1.0229656424745113,0.867059894429212,9.311091465612352,99.82589285714286,13.16578077600755,31
ratchet|-1|4|1|0,52.848964009573336,6.195488564975582,7.741668971566265,12.35955479559896,54.744027279240015,12.497097987955799,0.1700995286949304,-0.744285887666659,-6.336864938735811,0.18744958969187195,1.139566434765039,1.3270160244569114,1.1715599355742001,12.028107359370557,100.0,18.211669294721453,31
placebo|35,52.88079573560203,6.082454797582182,7.712854332935367,12.68575419359581,55.09843431165851,12.636417554843066,0.9719338674793553,0.0755437751440881,-5.756872380063514,0.2054449137181808,1.1492113119416274,1.354656225659808,1.28403071073863,12.109224240433242,100.0,17.95578779220338,31
placebo|91,52.871133034491415,6.116774033668005,7.744922115441674,12.322727209893348,54.586182870196566,12.906793744769043,-0.872982819572341,-1.766385983824524,-4.496499500189225,0.2084318418012719,1.1250026630957672,1.3334345048970393,1.3026990112579495,11.845602256417607,100.0,17.025420837372636,31
placebo|147,52.912583413410744,5.969509524227767,7.759265630042606,12.160349819431627,54.848683305187286,12.618671471572496,0.662571400782549,-0.2644794572565442,-6.09512915907609,0.1747841480143673,1.124190152215798,1.2989743002301655,1.092400925089796,11.870540970650877,100.0,17.562619738361654,31
placebo|203,52.9007300672096,6.011633761711654,7.7528483618236015,12.23299723509551,54.53711867882104,12.497097987955799,0.04372493737413473,-0.876208110609669,-6.01578058446152,0.1819019580696379,1.1306452465962582,1.312547204665896,1.136887237935237,11.940123875237164,100.0,17.992038847463785,31
placebo|259,52.970483548110984,5.76360928287829,7.775639050008139,11.974992654126781,54.35417141033465,12.497097987955799,0.12199939041662244,-0.7798151387512764,-5.669754264320542,0.20002047688556732,1.138719785091051,1.3387402619766184,1.2501279805347956,12.031285138695004,100.0,17.870896357628006,31
Unhedged,42.260400226296916,0.0,6.565450380124682,0.0,60.3848299452601,12.339647687213349,-13.035196735692884,0.0,0.0,0.0,0.0,0.0,0.0,0.0,0.0,0.0,32
always|1,40.57027120194702,7.838696149175761,6.1156486630927125,6.851041299369742,63.93989448419898,10.786388903392673,-18.49734119409461,-5.360819506637696,-1.2125605674296152,0.10132495176403267,0.48246564081759064,0.5837905925816232,0.6332809485252042,4.4522220050629935,91.57291666666666,6.105570975986802,32
ratchet|-1|4|1|0,40.6158185946247,7.631644862082442,6.049729462202336,7.855072966259369,64.69450537769713,10.546651380546813,-20.709037595272395,-7.561669832933334,-0.5210041125163191,0.112171026646164,0.6479275258152024,0.7600985524613664,0.7010689165385251,5.919953012464096,92.76339285714286,7.373468484557893,32
placebo|35,40.52512349739502,8.043701244218305,6.032309225895078,8.120404897789813,64.20082167774977,10.619527936518654,-19.707122119288705,-6.5604199918986605,-0.034383347180937524,0.11150539169714827,0.6432235428290027,0.7547289345261511,0.6969086981071767,5.855518358844197,92.76339285714286,7.613118971741871,32
placebo|91,40.637895868054464,7.531201452014846,6.0583354202022655,7.723993489579706,64.6253627765764,10.543080798679688,-20.333952511574477,-7.187150618875514,-0.03833970237183478,0.1116051570060733,0.651586927694659,0.7631920847007323,0.6975322312879582,5.941068002976203,92.76339285714286,7.353970977723014,32
placebo|147,40.55229674378411,7.9203412793759975,6.022094438728113,8.275988849774096,64.27132732114013,10.60165487261636,-20.2502110955095,-7.100405031136374,-0.5096205986911962,0.11460932868023171,0.6387056813486394,0.753315010028871,0.7163083042514482,5.833006215680907,92.76339285714286,7.590714439382079,32
placebo|203,40.6176663618206,7.62324029928897,6.0572607229882784,7.740362468884476,64.47716833688486,10.546750508382457,-20.381463853479165,-7.230236764702471,-0.516514520795428,0.11603035308380096,0.645775604664704,0.7618059577485049,0.7251897067737559,5.8947805133787785,92.76339285714286,7.307559382958345,32
placebo|259,40.62811044943962,7.575728214137301,6.056275228758698,7.755372775451774,64.664825469711,10.546764489424607,-20.914573360304743,-7.771282950110835,-0.08816348451717526,0.10809367450101756,0.638037471024684,0.7461311455257015,0.6755854656313598,5.825902206877142,92.76339285714286,7.283841247556722,32
Unhedged,49.82075038948604,0.0,7.123621636571549,0.0,31.22312872165034,11.91174483016205,43.734184554405324,0.0,0.0,0.0,0.0,0.0,0.0,0.0,0.0,0.0,33
always|1,49.41060732636115,1.6396976534226226,6.993838305894235,1.821872880095532,37.481117403724426,11.848728011312506,31.207309259581088,-12.381842613602773,13.943250862973441,0.1450326812214527,0.7116110306979466,0.8566437119193991,0.9064542576340793,6.5824300873756805,99.97470238095238,2.7074473757429076,33
ratchet|-1|4|1|0,49.85739803217864,-0.14717209686569976,7.080028560809165,0.6119510269689821,37.55591928053232,11.848079354744767,26.985010143255163,-16.536753349355138,16.123796972891085,0.2124210617950134,0.9999829616699494,1.212404023464963,1.3276316362188338,9.340698539103979,100.0,3.515215028332669,33
placebo|35,49.71423114702062,0.4271528225254895,7.0871710889441815,0.5116856212609044,37.166097379504606,11.821447876072094,28.48133957307398,-15.048064141993562,15.402535647888262,0.20478083933778876,0.9825363627469681,1.187317202084757,1.2798802458611798,9.21644414321834,100.0,3.892002612301462,33
placebo|91,49.57816550670423,0.9714598410116904,7.019422895464055,1.4627214417530676,37.444402951934364,11.823252968343441,27.55698474784466,-15.962096593399957,16.008042839933662,0.21510321316071018,1.0202685004318608,1.2353717135925706,1.3443950822544386,9.50179852063621,100.0,4.434441034183157,33
placebo|147,49.72549142247317,0.3820412060378753,7.084599763838787,0.5477813775570328,38.32330245498863,11.822956097740601,27.085737139988822,-16.434352210699128,16.31120137866069,0.21409520371738375,1.0215417407445324,1.2356369444619162,1.3380950232336488,9.52691534570654,100.0,4.4691812986888975,33
placebo|203,49.71544155724754,0.4223040918104881,7.050212125468171,1.0305082842483548,38.318382476144144,11.83193300123193,27.491609101161956,-16.039354738491095,16.369117222997772,0.20322071475226738,1.0057877231090064,1.2090084378612735,1.2701294672016712,9.40069892814316,100.0,4.046115051154396,33
placebo|259,49.85967761660526,-0.15633018220231332,7.038524054692802,1.1945831238687643,37.01334175527733,11.839603645676908,29.14001846564933,-14.381742700893488,15.078656821399058,0.21242338786250986,1.008480364665973,1.220903752528483,1.3276461741406864,9.441339566459689,100.0,3.967237011398534,33
Unhedged,53.75443223415375,0.0,7.821147319944216,0.0,43.909329050144166,12.586648831555014,25.851851556819245,0.0,0.0,0.0,0.0,0.0,0.0,0.0,0.0,0.0,34
always|1,52.58672707028441,4.29740250967895,7.4338117612523975,4.952413537897426,41.6548938005849,12.377962724037145,23.44080403996501,-2.2636557140972426,4.05533472797114,0.1473918027569851,0.671388091369134,0.818779894126119,0.9211987672311568,6.427497465341523,89.1577380952381,4.235731689553769,34
ratchet|-1|4|1|0,52.75127562033175,3.6975415734291084,7.424077541585807,5.076873789934466,42.54307310078463,12.333325785389796,22.963977644080448,-2.654908561027152,0.04127255320013803,0.23296535171163546,0.9419150213095661,1.1748803730212014,1.4560334481977215,9.110686381728707,97.8139880952381,6.732234934859722,34
placebo|35,52.81527400539361,3.4637295803014445,7.418975116528176,5.1421126206188,41.1077672315958,12.074092759742094,24.974337988721764,-0.65880237687104,0.4157251537461309,0.21871119122642657,0.9431953168683681,1.1619065080947946,1.3669449451651658,9.134232952217351,97.8139880952381,6.94821890897611,34
placebo|91,52.878843265161734,3.2312047093084995,7.395092014270432,5.447478333355605,40.35825773616184,12.138467544082516,25.438928385693895,-0.17204653421016405,-0.32972932772664043,0.24087663691517683,0.9369642801255865,1.177840917040763,1.5054789807198552,9.072901465393128,97.8139880952381,6.7518514380440156,34
placebo|147,52.85150766232732,3.3312276851425127,7.420780762331243,5.1190259080278855,40.92086897174087,12.252004180053442,24.572215336936736,-1.068744321944328,0.5147706585605264,0.2108918979381917,0.9395399293752252,1.1504318273134173,1.3180743621136983,9.093101237165943,97.8139880952381,6.762570934817592,34
placebo|203,52.89480108051481,3.17278998313385,7.402347827139952,5.354706613648741,41.64723742109907,12.327196429470769,24.445328375773855,-1.1761286699680542,1.1982417954497289,0.23039451107732467,0.9265038239478729,1.1568983350251978,1.439965694233279,8.969519573068139,97.8139880952381,6.296196955762569,34
placebo|259,53.00361460885905,2.774000407434163,7.426830872736316,5.041670116638497,41.54395944274584,12.192010442050707,24.295683084479105,-1.3344006163677975,0.9173976137025113,0.22176785597232695,0.9396538824033197,1.1614217383756467,1.3860490998270438,9.09791021571996,97.8139880952381,6.560104330316946,34
Unhedged,57.79361373281561,0.0,8.463723985256753,0.0,82.23658818826672,11.950442969989064,-57.308063797841854,0.0,0.0,0.0,0.0,0.0,0.0,0.0,0.0,0.0,35
always|1,56.76145952921024,3.539966980227127,8.165588004474783,3.522515399855941,81.27313987087155,11.731812603643293,-55.96359788945373,1.528378635481842,-6.707588518915697,0.1839127270937141,0.6286958060812613,0.8126085331749754,1.1494545443357131,6.435799820479655,86.05803571428572,5.7137691201616665,35
ratchet|-1|4|1|0,57.24634515899149,1.8849052581594528,8.405452795868909,0.6884816835869056,81.78594977848262,10.999374570265335,-56.71573223858427,0.8510195890589576,-10.700776918709,0.2586880298013765,0.8305422723797199,1.0892303021810965,1.616800186258603,8.576385648904527,92.65625,7.460044279536072,35
placebo|35,57.14638330785876,2.227257366521296,8.335946040352807,1.5097130427046968,81.80056134473944,11.262232161442766,-56.822352181636354,0.7402472235120874,-10.337858249507278,0.254535607306588,0.8190437788823876,1.0735793861889753,1.5908475456661746,8.457794370928227,92.65625,7.576394972773722,35
placebo|91,57.154958376534026,2.19791269630637,8.335933909439127,1.5098563710280177,82.04663658040135,11.175332267766615,-57.58938136960747,-0.04301002550235963,-10.358750850614575,0.23830754626326234,0.8215390547464515,1.0598466010097136,1.4894221641453895,8.477723042750636,92.65625,7.224244248532338,35
placebo|147,57.18433032221887,2.0973658390498473,8.345236066318984,1.3999501772998246,82.07176667265304,10.958516488715528,-57.79101323319103,-0.23401845298933116,-10.257731015417136,0.2489309823598454,0.8415138541419344,1.0904448365017798,1.5558186397490334,8.676572044135142,92.65625,7.438737614242727,35
placebo|203,57.22210768137543,1.967969390312052,8.354038954486379,1.2959429083632568,81.72608065486907,11.346475099072338,-56.557820240479366,0.9865994240333876,-10.458254158459532,0.23635586667089867,0.8289651563827255,1.0653210230536245,1.477224166693117,8.544554337658845,92.65625,7.541535436164122,35
placebo|259,57.12916962326054,2.286150880854798,8.393245067371533,0.8327175839853762,81.9018679959439,11.079096342073775,-57.49466952997546,0.06885092963318655,-10.634988902650122,0.2554566617667928,0.8263927446650768,1.0818494064318696,1.5966041360424554,8.546734233123965,92.65625,7.831782662863879,35
Unhedged,48.20753429889696,0.0,7.114026736603099,0.0,63.489536132171786,9.812704767066045,26.754466073185604,0.0,0.0,0.0,0.0,0.0,0.0,0.0,0.0,0.0,36
always|1,47.73715929307873,1.94193799538529,7.085415998653207,0.40217360728607154,67.43536468321712,9.919413430555931,21.572816100485007,-5.062857265978281,4.7927059962116045,0.1187927067223139,0.39049340273843214,0.509286109460746,0.7424544170144618,3.8375069084912146,87.05803571428572,1.0336062120434721,36
ratchet|-1|4|1|0,47.763077681812646,1.8354299019243125,7.116435577395174,-0.03386044052493542,69.08878335529727,10.197555198001519,20.148031108047242,-6.459049019161129,6.391501230826223,0.147385945977235,0.49916820007593415,0.6465541460531691,0.9211621623577188,4.897004750812221,95.35416666666667,1.378848566293217,36
placebo|35,47.75448527921502,1.8707456177242232,7.10446536032142,0.13440174792265225,68.91310853289369,10.16788792251457,19.8972289614791,-6.710153017740302,6.139306208157955,0.14708409396619873,0.5021107583048903,0.6491948522710891,0.919275587288742,4.92458380372436,95.35416666666667,1.2276504391271243,36
placebo|91,47.7619525251061,1.84005478075574,7.1159720239806905,-0.027344392277628415,68.78665572075198,10.055200727785529,20.42839682185289,-6.171965040552288,6.514250273575632,0.1541042107804294,0.4997608580038696,0.6538650687842988,0.9631513173776839,4.896489694221545,95.35416666666667,1.3687146604357117,36
placebo|147,47.71582434564169,2.029567679743338,7.08905863004758,0.3509700972453844,69.07195468794782,10.09262939426097,19.664546264446454,-6.946637553474004,6.440299490842036,0.14328225526513932,0.49881652665852594,0.6420987819236653,0.8955140954071208,4.892378416992786,95.35416666666667,1.4028976710251535,36
placebo|203,47.754003746016394,1.8727245838979445,7.107206796415888,0.09586610283766062,68.63733406779954,10.10192326877478,20.231807268550895,-6.379683308758579,5.825297200926091,0.14297549587612943,0.4956481569798297,0.6386236528559591,0.8935968492258088,4.862281381827812,95.35416666666667,1.1040851090408639,36
placebo|259,47.74768139813555,1.8987058066150864,7.1119681245375155,0.028937367566972405,68.52875462817603,10.182572434812979,20.209513166693878,-6.391734903407214,6.241275401700607,0.15321800308451425,0.5034598688889915,0.6566778719735057,0.9576125192782141,4.9362764308105165,95.35416666666667,1.2155428333984262,36
Unhedged,53.975907263700684,0.0,7.723396932939547,0.0,49.42163806773423,15.291951085923841,22.356343299106992,0.0,0.0,0.0,0.0,0.0,0.0,0.0,0.0,0.0,37
always|1,53.25146978851539,2.6662857336877566,7.510615090127665,2.7550292268986976,55.803677641435335,14.24955607958697,12.656945853352742,-9.548986384422387,6.712372137415968,0.15041106133187393,0.6189105931074094,0.7693216544392831,0.940069133324212,6.230125536506366,91.77529761904762,4.642251098460433,37
ratchet|-1|4|1|0,53.35486944145872,2.2879283537332373,7.51451007758989,2.7045982119444756,57.08004493223171,12.857063183932418,10.768742016229606,-11.39068360643604,8.471692159063739,0.19691767644134736,0.8577610596200256,1.0546787360613727,1.2307354777584212,8.703190994007963,96.90029761904762,6.07628247236849,37
placebo|35,53.37657418968897,2.2084136886220573,7.517546104894166,2.665288730240545,57.1289964924786,12.921876791709588,10.58775729696087,-11.56397275626243,8.693478792767072,0.20461324588370186,0.844656594417359,1.049269840301061,1.2788327867731366,8.574713770250568,96.90029761904762,5.849684689246455,37
placebo|91,53.255167276542515,2.652768633072111,7.502601246271633,2.8587898380082244,57.73033282980118,12.917997768817777,9.511299625005943,-12.636721491682527,8.88000945324421,0.20832218241852266,0.8523476376559052,1.0606698200744276,1.3020136401157663,8.64839453514585,96.90029761904762,5.940953628582543,37
placebo|147,53.26256266179852,2.6257301200801497,7.491787745377231,2.998799486460746,56.06318272231573,13.317986733524686,11.741044238457702,-10.41968545206914,7.900289431836093,0.19561360858014737,0.8270250602430802,1.0226386688232276,1.222585053625921,8.392664269714537,96.90029761904762,5.985822155786569,37
placebo|203,53.25828593361582,2.641366865450856,7.4724587155916495,3.2490653986417484,56.926013682731266,13.33404284145957,10.99287708726345,-11.150874783725191,8.563564649492774,0.21259142811835718,0.837953160347467,1.0505445884658244,1.3286964257397322,8.502904268664283,96.90029761904762,6.015265259462342,37
placebo|259,53.27858525946596,2.5671364910205163,7.485759926196376,3.0768457041184916,56.54385353239857,13.18270240278726,10.676960414988708,-11.500542098020277,9.080157937531666,0.1788407860980022,0.8451808526606449,1.0240216387586472,1.1177549131125135,8.571135101138088,96.90029761904762,6.388776135093753,37
Unhedged,52.192554709110745,0.0,8.688255015589915,0.0,56.3643756126473,17.01424495986237,8.336590360924356,0.0,0.0,0.0,0.0,0.0,0.0,0.0,0.0,0.0,38
always|1,51.76127795879173,1.645809034883139,8.677383483594284,0.12512906189016126,52.31354625608316,16.078924799907547,17.156139993152934,8.975690303381244,-11.072867943749937,0.15614067115268188,0.47573492952709706,0.6318756006797789,0.9758791947042617,4.491491928261603,93.4360119047619,3.9219106524166056,38
ratchet|-1|4|1|0,52.3163274588003,-0.4748551270295609,8.66715747648541,0.24282826720266604,50.16521701852953,15.448845430064107,20.013711981300514,11.910079907378968,-17.714617445215637,0.2329582870028198,0.6805030966297801,0.9134613836325998,1.455989293767624,6.485796731122778,98.85565476190476,6.716199770880313,38
placebo|35,52.20680208712901,-0.05460289385121886,8.612036175916051,0.8772629203113946,50.19270797609933,15.278074858515344,21.10391513169982,12.95545962489096,-17.380078509318793,0.18813485411549585,0.6769303212869827,0.8650651754024787,1.175842838221849,6.426300231148821,98.85565476190476,6.7171026408961225,38
placebo|91,52.54637621038991,-1.3604270146925224,8.74063683487975,-0.6029037959387917,50.270427791042174,15.479882391848127,20.7496748580384,12.640800590756777,-18.03424768238201,0.2277160936427379,0.6847260463733502,0.912442140016088,1.4232255852671118,6.528333413363619,98.85565476190476,6.206629664648763,38
placebo|147,52.24968071482298,-0.21902460580445204,8.624451992564312,0.734359464715495,48.67265337829626,15.424212751085195,22.867160216219425,14.749753016502156,-17.862340412257808,0.21918316120710227,0.669229724322585,0.8884128855296871,1.3698947575443887,6.371937106473988,98.85565476190476,6.574957098841448,38
placebo|203,52.487239415277,-1.1324090893229721,8.735530308312788,-0.5441287420551388,51.20910678228749,15.71399567569807,18.859405855460732,10.729022005733702,-16.454646437502863,0.20620651119733518,0.6777685897235566,0.8839751009208919,1.2887906949833448,6.44770735418356,98.85565476190476,6.197445236563466,38
placebo|259,52.279844146774025,-0.33476970713473,8.569784851961336,1.3635668314983973,48.908653471750654,15.31103437667253,22.558111743331455,14.431850011243212,-18.023625041823994,0.2103286288361386,0.6802708059142647,0.8905994347504034,1.3145539302258662,6.484682119341133,98.85565476190476,7.214292208739678,38
Unhedged,52.19334753743778,0.0,8.754747523250538,0.0,59.266528154663604,16.574093612848646,-9.115869898088963,0.0,0.0,0.0,0.0,0.0,0.0,0.0,0.0,0.0,39
always|1,51.61285107743797,2.2120378746692926,8.696388004892034,0.6666042419100515,62.1081277006711,16.169763391690502,-13.347211329063626,-4.1067696310486905,2.8537464934176153,0.12457179992597883,0.6294522642446045,0.7540240641705834,0.7785737495373679,5.836804674434497,93.47767857142857,2.094650422520276,39
ratchet|-1|4|1|0,51.488330804859444,2.6833117894853986,8.661261898195345,1.0678277678130232,64.11948432327958,16.159801097306197,-16.12355571791162,-6.842575552230176,2.3384850335028573,0.1651102675924842,0.8492063154658195,1.0143165830583039,1.0319391724530265,7.8567150594459605,98.78422619047618,3.648285697782444,39
placebo|35,51.64277419435441,2.098617717174822,8.68279607364269,0.8218563632676035,64.06045608196645,16.159832839151292,-15.779320207373015,-6.494381321652134,2.319949354789326,0.16906898763191733,0.8324994551103561,1.0015684427422733,1.0566811726994831,7.707055137423115,98.78422619047618,3.321953646405127,39
placebo|91,51.485208342958146,2.6951147915506235,8.661487250845342,1.0652537055753752,64.11795599265481,16.15982863276802,-16.132849525578884,-6.8573659824706,2.136221792807725,0.1596136450193247,0.8220807772094944,0.9816944222288193,0.9975852813707794,7.617143480714347,98.78422619047618,3.602027502837761,39
placebo|147,51.60845192771682,2.2287068066996985,8.667250738605953,0.9994209931493026,63.29956852224776,16.159801097306197,-16.000086106500593,-6.732685740118776,1.8453780798900088,0.15153046829285052,0.8454969049073283,0.9970273732001785,0.9470654268303157,7.843462631092072,98.78422619047618,3.387219390198584,39
placebo|203,51.5080423484233,2.6087850259154832,8.640520561564543,1.3047430709182017,63.225525568022746,16.159807877519203,-15.021113582843387,-5.747375386479529,1.6640990482740003,0.15786829827490412,0.8382208127583667,0.9960891110332708,0.9866768642181508,7.789749979705149,98.78422619047618,3.836742411988215,39
placebo|259,51.51180376386077,2.5945603659012106,8.648869941274059,1.209373333671726,63.97697896588894,16.15982635304919,-15.773866430950514,-6.501713314445867,1.8174656379857128,0.15628321841569334,0.8358843095012307,0.9921675279169239,0.9767701150980833,7.767969610023162,98.78422619047618,3.7345362169511476,39
Unhedged,46.47048733442201,0.0,6.954990356545868,0.0,67.52991842310428,13.538527207226181,-5.2273070220397955,0.0,0.0,0.0,0.0,0.0,0.0,0.0,0.0,0.0,40
always|1,45.38229799972929,4.628522098333054,6.77201025654324,2.6309180979727897,67.76613027793826,13.04100607840656,-8.092811780030617,-2.742419162050494,2.4502140493123243,0.12308559594033137,0.6876703250139716,0.8107559209543029,0.7692849746270713,6.424993815774947,100.0,3.966522758028896,40
ratchet|-1|4|1|0,45.8796072203124,2.52686630781247,6.965553366953142,-0.15187670817304877,69.5611997956205,12.923532335403356,-10.794380815839311,-5.439652477297844,0.8928503780769249,0.12742131650167798,0.9914989379699781,1.1189202544716563,0.7963832281354873,9.26171225112805,100.0,4.687037043825004,40
placebo|35,45.867398146793725,2.5787367741822664,6.875660978772766,1.1406108952895844,68.42183589257849,12.824841773147202,-9.022471449790158,-3.6584261451890754,0.5657041834122266,0.13673828256129072,0.9803414213240504,1.1170797038853415,0.8546142660080671,9.150973167314683,100.0,4.798168792910124,40
placebo|91,45.790682815326704,2.9043473274241283,6.941176891817339,0.1986122772338339,69.64833752680104,12.796583559855486,-10.55769019388927,-5.187519791921537,0.27645994187774503,0.1428633799279425,0.9773955388383917,1.120258918766334,0.8928961245496407,9.143349932228114,100.0,4.90641102309591,40
placebo|147,45.864339197374335,2.5917306125692874,6.930799180163801,0.3478247293225767,69.58893357428894,12.953224913874708,-9.3618805413661,-3.993018031446003,0.7544005595141835,0.14155548788030972,0.9671292624904076,1.1086847503707171,0.8847217992519357,9.049685420923414,100.0,4.183416703558969,40
placebo|203,45.78757011460808,2.9175473679989405,6.8963624592124475,0.8429615905684362,69.14481001162467,12.839807944462276,-9.592543974509718,-4.225053880511177,-0.39291932690252107,0.14018307195875657,0.9898428636122732,1.13002593557103,0.8761441997422286,9.265790245786889,100.0,5.210130525784067,40
placebo|259,45.871015179686594,2.563371184604335,6.874996311366628,1.1501675930283728,69.18400059157341,12.971107695176629,-9.660299008300607,-4.281916961012846,1.1485983577401089,0.15107502524796784,1.0028856456468798,1.153960670894847,0.944218907799799,9.353778895746867,100.0,4.612195747651158,40
Unhedged,52.57132045087921,0.0,7.647645357769458,0.0,54.87902666211792,14.46222608549432,9.104200702663105,0.0,0.0,0.0,0.0,0.0,0.0,0.0,0.0,0.0,41
always|1,51.31732473447029,4.713748038419152,7.118727333286409,6.916089851704577,56.05402236694831,13.82729348011823,-0.758143633916959,-9.752835554926818,3.4427522981959706,0.10950878165324268,0.7344293919684116,0.8439381736216542,0.6844298853327668,7.223273394117606,91.20386904761904,9.102627915490103,41
ratchet|-1|4|1|0,51.72804472906133,3.182390660062673,7.197612967083594,5.884587603538172,56.85458641271741,13.820143489439632,-3.821327666699359,-12.74536906203851,2.8626818797232847,0.18015930732395236,0.9212907305449285,1.1014500378688807,1.1259956707747025,9.056156933685491,96.1264880952381,10.04699997383721,41
placebo|35,51.706937664650304,3.261385279170048,7.158523883429592,6.395713339962272,56.25320887660856,13.820946517431947,-2.31224969973258,-11.25160777499554,2.435308788686775,0.1648426274001457,0.9268695641322324,1.091712191532378,1.030266421250911,9.11988335996595,96.1264880952381,10.620352592994664,41
placebo|91,51.62282063899897,3.5758786897930106,7.203418515867415,5.808674711239603,56.79229843133431,13.824378127223868,-1.3708104739224722,-10.29178964198736,2.0051901640998993,0.1832215345982263,0.9169387922127996,1.100160326811026,1.1451345912389141,9.007241515407513,96.1264880952381,10.222652231202206,41
placebo|147,51.61065312145355,3.6213277337048932,7.166145650546313,6.296051721775731,56.40557195381037,13.821409911954206,-1.3946554689094621,-10.349630129807435,1.7713040720261537,0.14922604176513268,0.9057729788447468,1.0549990206098796,0.9326627610320793,8.921436789161723,96.1264880952381,10.422517936500489,41
placebo|203,51.75118753596756,3.0957400831043924,7.202212018462578,5.824450774961109,56.7112616106318,13.821237510247556,-2.5625443404841217,-11.512374265795817,3.223301073779111,0.15437077735140337,0.9384256652321208,1.092796442583524,0.9648173584462708,9.21202241854497,96.1264880952381,10.209275679638763,41
placebo|259,51.67225781715554,3.391106956668599,7.18768105920337,6.014456437873362,56.666595925401474,13.820556958460555,-1.3021439752808952,-10.262616956409428,1.9166628399932082,0.1437277215345701,0.9248829386116753,1.0686106601462457,0.8982982595910632,9.100614936181433,96.1264880952381,10.211755395897407,41
Unhedged,48.71765971966124,0.0,6.811416155017788,0.0,33.87905970116374,8.74216749045447,40.07790491264251,0.0,0.0,0.0,0.0,0.0,0.0,0.0,0.0,0.0,42
always|1,48.089894837323634,2.560551007144707,6.197850249822653,9.007905129143179,29.996998926020446,8.019506953525672,64.66112584294423,24.7405948931641,-18.889828443178956,0.15737396286238223,0.5545236762086676,0.71189763907105,0.9835872678898887,5.874288858457506,94.05208333333334,12.72823972847282,42
ratchet|-1|4|1|0,48.46887886009404,1.018709234884474,6.229342032957576,8.545566866170907,28.08658444201042,8.39346587167558,68.98669148873181,29.102451643392524,-25.009055888939432,0.1936650673032153,0.7125847600514862,0.9062498273547014,1.2104066706450956,7.580395888396091,100.0,17.13731561549058,42
placebo|35,48.27399565072613,1.8130751025779768,6.17156773338484,9.393764924517034,28.727615752023738,8.04951267139473,67.24464216754205,27.342995623196177,-24.34899939240383,0.17625836829662114,0.6943756633644076,0.8706340316610285,1.101614801853882,7.387383612637115,100.0,16.74284818468685,42
placebo|91,48.456392239285876,1.0697020645686117,6.182270984020486,9.236627988642665,28.57127937326709,8.049050841041213,68.60152995427765,28.707668659930803,-23.83772941378156,0.18404361829564841,0.7024709345739376,0.886514552869586,1.1502726143478026,7.449659841403433,100.0,16.693293315253825,42
placebo|147,48.5486934666831,0.6924521547747253,6.1767318007871514,9.317950038379053,28.01122211970083,8.046409310798735,69.2149722000073,29.325076859297088,-24.230150990276353,0.18800957193230602,0.6964645202336311,0.8844740921659371,1.1750598245769124,7.404231826325932,100.0,16.49283894831918,42
placebo|203,48.33866765223472,1.5498195615369803,6.23075473276429,8.524826688584286,29.039825488019787,8.045014540597277,67.77873115302074,27.8972649634946,-24.1895551611928,0.1964387231163791,0.7015290672995727,0.897967790415952,1.2277420194773692,7.4527526268319475,100.0,16.739054653454765,42
placebo|259,48.471099293292184,1.0096400596347421,6.204400085734751,8.911745450112662,28.241142465342694,8.062935045700263,68.58746113820509,28.698043879947313,-24.441550747881045,0.18848765438473805,0.7047994962554976,0.8932871506402358,1.1780478399046128,7.478283912171987,100.0,16.70862377090373,42
Unhedged,55.858336862290415,0.0,7.933690757655944,0.0,50.65002170186873,11.817747334897184,-11.909309015703846,0.0,0.0,0.0,0.0,0.0,0.0,0.0,0.0,0.0,43
always|1,55.70078590986703,0.5633134514411275,7.562779915079111,4.675136123990042,48.37238550490316,10.185124436209115,-4.479421577224493,7.568870507025982,-9.093258384669916,0.1389830685466337,0.5799085325939941,0.7188916011406277,0.8686441784164607,5.537322425913717,95.96428571428571,4.000523462855343,43
ratchet|-1|4|1|0,55.69444790804089,0.5859412845958256,7.154161135233624,9.825560968204883,45.90032699691973,10.759961347962314,2.801355626651787,14.882222619533026,-19.520490124279814,0.17155797717738522,0.8523648209310207,1.023922798108406,1.0722373573586577,8.229345565292926,98.45982142857143,8.55129760558508,43
placebo|35,55.56253998994901,1.0562923826990422,7.1274638793631055,10.162065839468681,48.06979303925729,10.668762074242252,-0.965658783197967,11.13238603491476,-17.674931519238744,0.1887358024088691,0.8652486635959113,1.0539844660047804,1.179598765055432,8.324304509209927,98.45982142857143,8.728099702258085,43
placebo|91,55.618738152711565,0.8560399601686086,7.165424025524128,9.683598158781837,46.770791012877034,10.13900971057717,2.2113535980683223,14.293464038260733,-17.958292290675708,0.17280142448856334,0.8540783072600423,1.0268797317486056,1.080008903053521,8.226752450068126,98.45982142857143,8.675539679812838,43
placebo|147,55.68444982958212,0.621631030380021,7.167750327949513,9.65427634001622,46.26995181499877,10.64460479672712,2.7493150937329474,14.832081679580364,-18.15570478536585,0.1734575701435477,0.8498451794072995,1.0233027495508473,1.0841098133971734,8.179603225469116,98.45982142857143,8.278627394055427,43
placebo|203,55.62530229366611,0.832636576574497,7.191456934007164,9.355467036984411,47.91542441183347,10.31292392850176,0.44928890895433404,12.531945035206045,-18.024023070262928,0.17334711054786017,0.8492695086636788,1.022616619211539,1.083419440924126,8.184073577142213,98.45982142857143,8.182044722673343,43
placebo|259,55.78391820987242,0.26627745668527103,7.138419506384924,10.023975921970363,48.317051320918466,10.202275348317958,1.6340919946490504,13.712961716327385,-19.73134605705298,0.1695607059744933,0.8649489775455712,1.0345096835200644,1.059754412340583,8.340964124741454,98.45982142857143,8.417505803494649,43
Unhedged,53.83423338173917,0.0,7.789076829689598,0.0,49.14436841644232,19.491582826870623,41.91330002585381,0.0,0.0,0.0,0.0,0.0,0.0,0.0,0.0,0.0,44
always|1,53.25893796441441,2.1258647375186346,7.501989566293815,3.68576751357097,40.29179254357359,17.754353484576182,51.04666975395262,9.299509414083161,-10.962602622996574,0.16613968598434323,0.5011717132705105,0.6673113992548537,1.0383730374021454,5.117980447313979,91.22321428571428,4.395800064987906,44
ratchet|-1|4|1|0,53.61798454156429,0.8017742518126814,7.46706160950858,4.134189804799382,38.411933946748945,17.907474870325565,51.45454969425482,9.729616282430335,-14.611699341184014,0.18836661402932023,0.6600724858040635,0.8484390998333838,1.177291337683251,6.743235309452294,96.99851190476191,5.562880483377356,44
placebo|35,53.481105108608126,1.3076069629926024,7.462355575582633,4.194608183367798,38.589082717836,17.915455074331323,51.56869235955288,9.827126595925565,-14.177319624926346,0.1717342622265042,0.6497151986381927,0.821449460864697,1.0733391389156515,6.626478993753274,96.99851190476191,5.600185859711006,44
placebo|91,53.62346569234679,0.7814919443553281,7.503219860123006,3.6699723961765462,38.87675295646592,17.986008632908593,50.85490815048054,9.115938011968204,-14.679479091188426,0.17432988734148144,0.6491673346810163,0.8234972220224978,1.089561795884259,6.646746094581037,96.99851190476191,5.14302976908996,44
placebo|147,53.557694500391484,1.0247331237440371,7.475274758790571,4.028745354043872,38.29601123969687,17.907474870325565,51.24809260963699,9.532554284164899,-14.86249116259344,0.19776170038171237,0.6516609984056757,0.8494226987873882,1.236010627385702,6.6611231133195075,96.99851190476191,5.463447963087047,44
placebo|203,53.55158093773695,1.0473277094750544,7.474358028895805,4.04051478339743,38.31414354934903,17.907474870325565,52.51360176777369,10.785765472841858,-14.201739068167095,0.1854637309219696,0.6466907864821049,0.8321545174040743,1.1591483182623097,6.598373420793345,96.99851190476191,5.520216971682495,44
placebo|259,53.52913060511312,1.130277818736103,7.443695062367627,4.434181031640117,38.626386343744116,17.47621666498082,52.35806322051586,10.642224859946596,-14.401025751899075,0.19746166528453712,0.651939112373426,0.849400777657963,1.234135408028357,6.646886391495819,96.99851190476191,5.504263931077758,44
Unhedged,53.317576137923155,0.0,7.391944106686157,0.0,70.21927152576501,10.967845911931168,52.25479558564201,0.0,0.0,0.0,0.0,0.0,0.0,0.0,0.0,0.0,45
always|1,52.03373713542337,4.757838797123226,7.034156325385793,4.8402392677284745,66.39783472037067,9.436636819670193,52.43182240250295,0.3081770361484985,-5.085850704267742,0.13115021928755022,0.5143525125999125,0.6455027318874625,0.8196888705471889,5.422377727568485,82.51488095238095,5.506768244393322,45
ratchet|-1|4|1|0,51.69568503056526,5.99135485478095,7.032352254831406,4.864645168643711,63.21720300627183,9.121110631071828,56.032216266408945,3.9560387520563807,-13.654923949491137,0.17861807128943882,0.7048242141349674,0.8834422854244063,1.1163629455589925,7.489267550180669,90.36755952380952,9.994210663084996,45
placebo|35,51.733803010972785,5.852668586682952,7.010072497375865,5.166051092903723,64.0321546071283,8.697578046819213,56.186318399066636,4.084189401487423,-11.359802761958715,0.15266658806279004,0.7041137132325769,0.856780301295367,0.9541661753924378,7.43752872141352,90.36755952380952,8.877379789561731,45
placebo|91,51.792745017145016,5.638016135991563,7.021801437550383,5.007379165664593,63.819982264393005,9.443933634420548,54.72580403512082,2.650188402673178,-11.793617391505004,0.17917995319438604,0.6998584060407583,0.8790383592351443,1.1198747074649125,7.41828094263434,90.36755952380952,9.368416023946573,45
placebo|147,51.70642219102546,5.952299729333821,6.996105824632005,5.354995605230684,63.75364892407167,8.49637060404651,55.305913248113704,3.241834123245247,-12.134771825282192,0.19071646077355742,0.6915807322086797,0.882297192982237,1.191977879834734,7.3241448219775185,90.36755952380952,9.889779823586958,45
placebo|203,51.71679969313487,5.9145451098333695,7.0188546932689775,5.04724343193711,63.123539640557766,9.840904574058532,56.75556324377952,4.678794664443492,-12.061469239951409,0.17802700630599685,0.6928580824980115,0.8708850888040084,1.1126687894124805,7.3457635543449795,90.36755952380952,9.847472397634922,45
placebo|259,51.58434425909492,6.395865339684715,6.926678287665171,6.294228044827133,63.680046154193604,8.495108807788096,55.32095524936429,3.2507874603822318,-11.773159959062784,0.18462779665996548,0.7012706164906495,0.885898413150615,1.1539237291247844,7.426742336758804,90.36755952380952,10.097278557224161,45
Unhedged,51.21700583992858,0.0,7.225768345162146,0.0,35.895818008535784,11.476900838005266,56.83462369225682,0.0,0.0,0.0,0.0,0.0,0.0,0.0,0.0,0.0,46
always|1,50.89748375313923,1.2438267225379884,7.16049824484441,0.9032963305755093,34.552501459863585,10.340616405514975,52.6850436368101,-4.006797416859768,4.5074675284291486,0.1427826385869693,0.49847857589150196,0.6412612144784713,0.8923914911685581,4.915231330425994,92.76339285714286,2.4790049243568153,46
ratchet|-1|4|1|0,50.91097120445861,1.1914804978430005,7.19665401263282,0.40292369113688054,34.76276802072281,9.926109842170156,49.98090923578068,-6.659281773590726,4.419633245758919,0.19443268288541488,0.6720330384191311,0.8664657213045459,1.2152042680338426,6.653388746036609,98.97470238095238,3.362540846560781,46
placebo|35,50.92566716877301,1.1344281171127624,7.2130163241288,0.17647979320959406,34.694594445556746,9.934264685949875,50.63611188649399,-6.019861765945231,4.54656431857462,0.17865003981759103,0.6718096082112028,0.850459648028794,1.1165627488599439,6.651446575645571,98.97470238095238,2.9722134012594714,46
placebo|91,50.82717649977879,1.516472017992898,7.194296894243887,0.43554469801582174,34.49010894467993,9.961750717840037,50.910161452370886,-5.734166687344725,3.497114201378692,0.19029555254122277,0.6687008169828799,0.8589963695241025,1.1893472033826424,6.620905758717904,98.97470238095238,3.4749618319526823,46
placebo|147,50.805642687293755,1.5999028410034866,7.182211078234571,0.6028046409312093,34.65396827246734,9.950379315334203,50.35524167344651,-6.30997558627313,4.03953010188288,0.16940643253718177,0.6772340016079825,0.8466404341451642,1.0587902033573857,6.726661283495217,98.97470238095238,3.313239985857658,46
placebo|203,50.856183867937204,1.4040296856849488,7.202054506902185,0.32818431379465496,34.57067807967351,9.967485026464459,49.21827986047316,-7.437627047558204,4.318631192288994,0.1787167842254576,0.676310177276862,0.8550269615023198,1.1169799014091097,6.692931571503872,98.97470238095238,3.4008176286474456,46
placebo|259,50.87597336520313,1.327282113938788,7.184765213944002,0.567457040684094,34.199248319757935,9.8706894526762,49.71824099688936,-6.933933433988506,5.239645345553922,0.18244926137895823,0.672872653201638,0.8553219145805964,1.1403078836184892,6.65348694009838,98.97470238095238,3.1381514829696666,46
Unhedged,45.13408658912122,0.0,6.911084856093938,0.0,67.31098303426121,11.777102059707667,-21.89277430070955,0.0,0.0,0.0,0.0,0.0,0.0,0.0,0.0,0.0,47
always|1,44.81044388349594,1.428996834356433,6.933627147898856,-0.32617587939238746,68.61763451872072,11.777102059707667,-28.1014178861057,-6.086677377162161,2.1902383178523865,0.12196620823398308,0.4309653212680468,0.55293152950203,0.7622888014623942,3.9066687037629526,84.87946428571429,2.678715889077042,47
ratchet|-1|4|1|0,45.0230952128914,0.4912247594872743,7.0011988357899,-1.3039049812346493,70.26943284592,11.76209399129598,-33.84038902295458,-11.7443181869716,5.453628700955316,0.20329653527341188,0.6571171839637292,0.8604137192371409,1.270603345458824,5.9196656439811335,98.60119047619048,2.870079270781854,47
placebo|35,44.99140056240029,0.631276691596272,7.006794239785645,-1.384867726046135,70.714440593889,11.825236371566602,-34.9191315147153,-12.86276390625658,6.141540551472873,0.1635933077491648,0.6519573369182813,0.8155506446674461,1.02245817343228,5.876581386277694,98.60119047619048,2.7337843436420375,47
placebo|91,45.04914207918422,0.37605535653821853,6.992100719645583,-1.1722597137583834,69.65104264924517,11.7391509053637,-32.36015150036236,-10.304229435133136,5.468250208180209,0.16314776451966911,0.6465813105717335,0.8097290750914026,1.019673528247932,5.834611702583914,98.60119047619048,2.888675460885019,47
placebo|147,45.08736636745054,0.20692139423065248,7.000564957604351,-1.2947330755389563,69.87206338510919,11.819052388012832,-33.15226194654449,-11.0823753662699,5.224552769478393,0.17711227956502973,0.6557891209944818,0.8329014005595116,1.1069517472814359,5.927676329043648,98.60119047619048,2.9916900538887554,47
placebo|203,45.05881094868056,0.33328631606466264,6.993161716097164,-1.1876118107688072,70.31877908152543,11.744293249271823,-34.10759951351696,-12.033489412929868,5.762649445937049,0.18133579987754153,0.6572483164318949,0.8385841163094364,1.1333487492346344,5.932601485400646,98.60119047619048,2.9337428839772373,47
placebo|259,44.95851477054841,0.7764877687659988,6.9779759092741465,-0.9678806522137595,70.27370828351893,11.746777480777086,-33.82894241103768,-11.753214339971713,5.844488106780385,0.18295377035640456,0.6528414777996048,0.8357952481560093,1.143461064727528,5.885656050183409,98.60119047619048,2.843231499867363,47
Unhedged,49.97899028156354,0.0,6.698389693079572,0.0,42.00172886630018,8.71861293027938,35.21057861928486,0.0,0.0,0.0,0.0,0.0,0.0,0.0,0.0,0.0,48
always|1,49.02562212962445,3.7786886749430315,6.552827652838464,2.173090054636495,41.40820264853047,8.71861293027938,29.188727630204447,-5.8818263063261895,4.091986024948208,0.140024682754216,0.37693636514584417,0.5169610479000601,0.8751542672138503,3.32470020639775,84.79761904761904,0.7984134597843404,48
ratchet|-1|4|1|0,49.22341501903044,3.0007165757545917,6.5379620550037405,2.3950179883021283,41.266818339463526,8.71861293027938,23.24550128542098,-11.725838063165574,6.281343362820685,0.23923927069830764,0.6336839151102139,0.8729231858085216,1.4952454418644228,5.620960740616642,94.97023809523809,1.8442597766654998,48
placebo|35,49.022471131898754,3.7910570397487575,6.514756680740752,2.7414501208930853,40.93392296546102,8.71861293027938,22.391343153441767,-12.600782254744283,7.0934332382651855,0.2184532110988079,0.6278887645744853,0.8463419756732932,1.3653325693675495,5.571021704076813,94.97023809523809,1.7555411796552192,48
placebo|91,49.048613142155936,3.6884197910418526,6.545337526930574,2.284909853888073,40.96507579326356,8.71861293027938,21.216680861419345,-13.74896766413373,7.388500783981203,0.24493009373178168,0.631368434091263,0.8762985278230445,1.5308130858236353,5.594124979800347,94.97023809523809,1.6115413408719175,48
placebo|147,48.849429066830346,4.469064939142287,6.52406637333539,2.6024660811281852,41.06949531248315,8.71861293027938,23.554919415666273,-11.444097979789925,7.117371423053573,0.21156122382865877,0.6208744277172695,0.8324356515459281,1.3222576489291173,5.499696635004722,94.97023809523809,1.9316318361373435,48
placebo|203,48.939295472023986,4.1172524963337125,6.505135163308852,2.8850893815625667,41.297060354008195,8.71861293027938,23.299010268386343,-11.685635360541584,6.223496919773566,0.22593299035693612,0.6269112800414159,0.8528442703983522,1.4120811897308507,5.56589185483223,94.97023809523809,2.0044362358463106,48
placebo|259,48.92846193957766,4.159698300830106,6.532424412979304,2.477689231364588,41.251892001422554,8.71861293027938,23.62877404974007,-11.344931696578412,7.455559449828588,0.23687287296637116,0.6402550872776334,0.8771279602440047,1.4804554560398202,5.668461295890565,94.97023809523809,1.6710012099817417,48
Unhedged,58.5257293067444,0.0,10.141611713819398,0.0,93.02777067218783,21.577354564149122,-103.36430643970921,0.0,0.0,0.0,0.0,0.0,0.0,0.0,0.0,0.0,49
always|1,54.27058146932846,14.012508218916953,8.873318755525327,12.505832347789859,91.12717516649293,17.70357872747962,-91.41953028420151,12.150558245368586,-22.407722861189256,0.20578208986085345,0.930139298691236,1.1359213885520894,1.2861380616303342,10.026784494682488,96.09375,13.078053389157764,49
ratchet|-1|4|1|0,53.71390531654351,15.767480725372963,8.502418165406485,16.163047794260123,90.49038006701024,16.717320032046686,-89.55822708933619,14.042007143601243,-31.652107818552324,0.2359277932281873,1.222908756290351,1.458836549518538,1.4745487076761705,13.23670865344132,96.09375,17.186344946594847,49
placebo|35,53.99407455103012,14.886483267138729,8.628628562325694,14.918567129049586,90.71928238112767,17.03815971616302,-90.13293250943717,13.479457459431536,-30.599089857715793,0.24808352915948276,1.2144440126751082,1.4625275418345909,1.5505220572467675,13.112616921932426,96.09375,16.02618597170416,49
placebo|91,53.88104051506711,15.242472479883041,8.558059357660499,15.614405292218825,90.87895929953591,17.043117597496003,-90.47073475473982,13.12938142352534,-31.407410388530437,0.23580973855593587,1.2169614741887522,1.4527712127446883,1.473810865974599,13.153737147039992,96.09375,16.59675000407517,49
placebo|147,53.75966650350128,15.623896974348972,8.553237809000587,15.661947525110087,90.68664966537767,16.365571789692442,-90.30800222067856,13.291509789990526,-30.112927700341995,0.23520557095985822,1.2214841070790943,1.4566896780389522,1.4700348184991137,13.101533601837549,96.09375,15.894369978712433,49
placebo|203,53.788582145318394,15.533106034789556,8.52361931483486,15.953996708233188,90.10443407997597,17.05164470094535,-86.91705654952293,16.673635861402918,-31.41833864845889,0.2263859712166011,1.2160622976587065,1.4424482688753075,1.4149123201037568,13.13802682724213,96.09375,17.12815674390213,49
placebo|259,53.774656042781004,15.57683807997522,8.57401260676635,15.457100422381275,90.5262397057859,16.656640134620552,-89.51757501140679,14.120695471137132,-30.75562554865566,0.2739640428347035,1.2065798338046265,1.48054387663933,1.7122752677168966,13.015420538675611,96.09375,17.216395001801562,49
Unhedged,45.5319204789164,0.0,7.0332219711208595,0.0,41.51064678886517,12.605787695321485,10.38666040303584,0.0,0.0,0.0,0.0,0.0,0.0,0.0,0.0,0.0,50
always|1,44.8187387000157,3.1081332325363697,6.645099499199138,5.518416360458877,46.843031049938844,10.24384985802027,8.738138001872539,-1.5089827094559691,-1.0414415022697008,0.13953969170734054,0.5821434124801679,0.7216831041875085,0.8721230731708783,5.4332853030059765,98.79910714285714,6.100805971520115,50
ratchet|-1|4|1|0,44.84658971877416,2.9876757751249428,6.447818021650906,8.323410691055722,50.18049408412975,8.927501261420367,7.421812025597112,-2.771199241442285,-2.1453772254978856,0.19364913599645361,0.7831290638281423,0.976778199824596,1.210307099977835,7.320122757856,100.0,8.383712862959355,50
placebo|35,44.740450043240685,3.446335920812882,6.39307631985519,9.101741049751787,48.851860616688256,9.035896329772795,9.465921770983899,-0.7169931176173976,-2.947411885133255,0.20374551443455005,0.7923742887713263,0.9961198032058762,1.2734094652159373,7.411982872720646,100.0,8.77115023353065,50
placebo|91,45.11833031796633,1.8084531868639675,6.451663566991258,8.268733825230312,48.82125098981249,8.955792252648225,11.490678357980066,1.2948487058299991,-3.220214431055705,0.19083075088577814,0.7925659585725634,0.9833967094583412,1.1926921930361134,7.424073130828137,100.0,8.148765146542877,50
placebo|147,44.90730598702486,2.7248146021140784,6.440035880179591,8.434059004208194,48.833850210324805,8.926012405490743,9.729634528461025,-0.4850049732292904,-2.0451338196144877,0.17202090134553713,0.8071327596982728,0.97915366104381,1.075130633409607,7.522507460415579,100.0,8.398585120310862,50
placebo|203,44.9950715301995,2.3442194214671863,6.4413920727120235,8.414776340615305,49.347232164344,8.998062713683996,9.438071638122864,-0.7615537776150775,-2.5354013758652982,0.18703498729791432,0.7939899647008107,0.9810249519987251,1.1689686706119642,7.421226989089037,100.0,8.424996728251905,50
placebo|259,44.85987695868384,2.9301812368825675,6.396369369112463,9.054919702852814,49.7429928170498,8.928315121478793,10.245616748590654,0.04717009102645582,-3.5812545977701618,0.18821374547164235,0.8006620423480232,0.9888757878196656,1.1763359091977648,7.502423012535882,100.0,8.825753508654437,50
Unhedged,54.04970932277467,0.0,8.966269681120309,0.0,84.00805532096395,17.807257324807622,-43.81591307033195,0.0,0.0,0.0,0.0,0.0,0.0,0.0,0.0,0.0,51
always|1,53.478544752823325,2.1023118035847554,8.740101084437308,2.522438034171881,82.69936353520248,17.801674949837363,-44.008761597947846,-0.051223791836455736,-3.804969905095115,0.14162473577942486,0.6487404358204159,0.7903651715998409,0.8851545986214053,6.622143137847142,93.32738095238095,3.4152298031694355,51
ratchet|-1|4|1|0,54.0898727217424,-0.14867173878554407,8.729443034872006,2.6413063031884176,81.85872716864826,17.73962113531036,-41.14490382253989,2.875713163243327,-6.888960506816954,0.204703915451247,0.8406666192502408,1.0453705347014879,1.2793994715702934,8.585920236145295,98.7157738095238,3.8824208790410597,51
placebo|35,54.16648509661864,-0.4325718817946411,8.736045949054956,2.567664594676644,82.19765720161386,17.690050478154962,-41.846796881938495,2.1761996746317824,-6.940000621726968,0.2070834862383163,0.8415162423976085,1.048599728635925,1.2942717889894768,8.59304850441199,98.7157738095238,3.810540952907187,51
placebo|91,54.11579100760068,-0.24467136530548217,8.727399189444746,2.664101127568552,82.20765378908075,17.694634678811873,-41.40427491723566,2.616300621230534,-6.114039280990584,0.20466246813423658,0.8375003623745376,1.0421628305087742,1.2791404258389785,8.528915123038123,98.7157738095238,3.8855468548215413,51
placebo|147,54.18645238265441,-0.5066300564595672,8.750369713282723,2.407912939448975,82.12633298881941,17.7998284775514,-41.61754256608187,2.40818444739863,-6.672197087288959,0.20981394314852583,0.8421084450879364,1.0519223882364621,1.3113371446782862,8.60000242988138,98.7157738095238,3.5378724458848834,51
placebo|203,54.069396721185115,-0.07286249708531312,8.728312418764512,2.653915963032527,82.47912421261326,17.641005997011472,-42.73467884410974,1.2943684908164133,-5.725725338717137,0.21313426459417373,0.8292706828082093,1.042404947402383,1.332089153713586,8.455655604313662,98.7157738095238,3.8304985571011705,51
placebo|259,54.19286653663493,-0.5304257887140729,8.758437512389538,2.3179335010231616,82.07812687993824,17.930435140127976,-41.072016541803556,2.9439384310453858,-7.285982964310855,0.2000419025169884,0.8420283620781754,1.0420702645951638,1.2502618907311778,8.600748338931878,98.7157738095238,3.730876382374685,51
Unhedged,50.384343404701305,0.0,6.735363157058977,0.0,50.12051852474466,9.102586485633164,31.06790328978047,0.0,0.0,0.0,0.0,0.0,0.0,0.0,0.0,0.0,52
always|1,48.76369852764023,6.329666026547487,6.45258980981776,4.1983385401402895,49.0432466699453,9.097111320307826,22.096176923157866,-8.853180753809525,8.855439862189115,0.11854561281308476,0.6782677659725396,0.7968133787856244,0.7409100800817798,6.692846449040836,98.75595238095237,6.789225037874687,52
ratchet|-1|4|1|0,48.68364422044091,6.636966689939094,6.464042772485162,4.028296295938516,48.96444194891867,9.073681876812751,19.941688081141642,-10.95989273556907,7.637688449296695,0.16632247306975917,0.9326011867371825,1.0989236598069416,1.0395154566859948,9.225466947920062,99.99851190476191,8.319873954860444,52
placebo|35,48.718633498352,6.502717125288704,6.42971595883976,4.537946820267358,48.94789927632785,9.095843691325378,20.220000475120354,-10.669060556536275,7.943697101588544,0.17884225812384136,0.9021845416580648,1.0810267997819059,1.1177641132740082,8.934475975613237,99.99851190476191,8.496053464403946,52
placebo|91,48.799180645694754,6.1933010198504945,6.438770751628953,4.403510226752672,48.707277309524834,9.075578174108633,20.621646947329545,-10.28170621784912,8.244772969074592,0.16455012460180826,0.9190547374645566,1.0836048620663647,1.0284382787613013,9.089797686719479,99.99851190476191,8.408923330452922,52
placebo|147,48.61139257025657,6.913882180391273,6.464289768519757,4.024629143494984,48.84662149897535,9.078687254741588,20.820183891721474,-10.096418107158582,7.317604814731661,0.15130129090041383,0.9064694021292474,1.0577706930296615,0.9456330681275864,8.984997964564833,99.99851190476191,8.633792590901926,52
placebo|203,48.660495558487526,6.725732250056482,6.4343989244917035,4.468418785286266,48.93039061056159,9.071202637002564,21.28973712735253,-9.621482987698176,7.756880718815801,0.15668317472977,0.9054155677095634,1.0620987424393336,0.9792698420610622,8.948045513838549,99.99851190476191,9.091796595042084,52
placebo|259,48.68912893673728,6.6159288813093635,6.471768662599785,3.9135899329041046,48.77178413528137,9.137934516022696,21.17087113114264,-9.724125797507375,7.1374068708164184,0.17290636113045546,0.9193579217354192,1.0922642828658746,1.0806647570653467,9.10943708605132,99.99851190476191,7.890945465180292,52
Unhedged,42.39119242534028,0.0,5.629093184839292,0.0,53.13359804747082,13.686099303386563,19.6459676769317,0.0,0.0,0.0,0.0,0.0,0.0,0.0,0.0,0.0,53
always|1,42.15078140824592,1.1310335377786362,5.7033674646992685,-1.3194714924957385,59.77774004684628,13.927719876102392,3.593205160627477,-15.9344094286154,13.767141450792721,0.11835308768884573,0.5404945575026272,0.6588476451914729,0.7397067980552856,4.716394473749248,95.69940476190474,1.448790474277803,53
ratchet|-1|4|1|0,42.333495709490975,0.272025618380467,5.733343173968803,-1.851985492268704,62.00494474850806,14.154951649839614,-0.6801895144671352,-20.175690401986504,17.224274784749547,0.1504667894123552,0.7188111284504041,0.8692779178627592,0.9404174338272199,6.23668359921725,98.98511904761905,2.455518422841984,53
placebo|35,42.36999699827653,0.09997420236095289,5.681804309386795,-0.9364052577681248,61.95528650150746,14.110065960692792,0.0058658223222140295,-19.47232133693153,18.149208180359516,0.167780517677982,0.7296212179205603,0.8974017355985424,1.0486282354873875,6.3220833439446915,98.98511904761905,2.938570561173241,53
placebo|91,42.29413129503471,0.4574063931392036,5.694344046424952,-1.1591718140569807,62.167857339693555,14.136706555723958,-0.5101384512713021,-20.013446806753993,17.866455612954937,0.14265932144902096,0.7291957102321487,0.8718550316811698,0.891620759056381,6.283245434862515,98.98511904761905,2.668676468400212,53
placebo|147,42.34665252986021,0.21002710316786466,5.71949327693539,-1.6059441392721974,62.196458116272034,14.042471559687591,-0.7501374633067146,-20.244099952129098,17.330549695852962,0.15200518810932742,0.7163583696836475,0.8683635577929747,0.9500324256832964,6.1930680985367985,98.98511904761905,1.9992993384741125,53
placebo|203,42.368674592356996,0.10621004532649359,5.716613641511812,-1.554787845904504,62.086162743201776,14.196080763977065,-0.5953164817493308,-20.086866443188974,17.756284378606615,0.15441771549205702,0.7205931909685203,0.8750109064605772,0.9651107218253563,6.232913155104336,98.98511904761905,2.2497703866205394,53
placebo|259,42.34480679310531,0.21872587843072555,5.697049656631628,-1.2072365754285386,62.1570880492954,14.092952058395886,-0.3742727948875334,-19.874650633027308,17.733532925045484,0.14558983879193466,0.7225376680102737,0.8681275068022085,0.9099364924495916,6.235867293980508,98.98511904761905,2.2472191071404026,53
Unhedged,51.895212943281685,0.0,7.580543943298229,0.0,48.37468377869008,11.910854118807803,20.08785467000105,0.0,0.0,0.0,0.0,0.0,0.0,0.0,0.0,0.0,54
always|1,51.87402097044192,0.08165549249018467,7.3446119270170955,3.1123362392709963,51.50436273839426,11.71486825377516,19.175643184311003,-0.764029215061703,-5.359771096226781,0.1481822706283466,0.5554034016850747,0.7035856723134215,0.9261391914271663,5.439211819934033,86.53869047619048,3.094964082054612,54
ratchet|-1|4|1|0,51.7540480666926,0.5432981999692887,7.276187651852176,4.014966389253994,51.59412427086354,12.126827228012672,18.822803050778536,-1.032427888597095,-9.885178030626358,0.23262373062541353,0.8604664960661547,1.0930902266915683,1.4538983164088346,8.420977223956758,96.45833333333333,4.8448134875894775,54
placebo|35,51.89805071978257,-0.010936862684363113,7.306976461306437,3.6088107138227965,52.532126802974524,11.71757519505465,18.34034682470892,-1.5056763211696151,-8.606167763239537,0.24183152412252723,0.866036479254215,1.107868003376742,1.5114470257657957,8.458699331383226,96.45833333333333,4.97320434237754,54
placebo|91,51.88299227155402,0.04709194597025679,7.292371190862969,3.8014785560345765,52.447094216269406,11.712716340983713,18.799508706823282,-1.0494257573164312,-10.113862871583159,0.23892020586132248,0.8760779637939472,1.1149981696552695,1.4932512866332652,8.555756206988969,96.45833333333333,4.796731911400084,54
placebo|147,51.87671198336442,0.07128851011732884,7.28947260106299,3.8397157830945328,51.61787692084042,11.715886522289367,18.744758159495024,-1.0838844863886554,-9.937506179633413,0.259212024117358,0.8717144437495776,1.1309264678669355,1.6200751507334876,8.517247377069584,96.45833333333333,5.6904011906028975,54
placebo|203,51.81569213791802,0.3062320188528145,7.308355805459456,3.5906148671482674,51.93721736933627,12.134823896567672,18.45635729360073,-1.396230929304297,-9.404168726272523,0.23526644709602187,0.8625989535301144,1.0978654006261361,1.4704152943501363,8.408743029546194,96.45833333333333,4.669123934198978,54
placebo|259,51.790166672029926,0.40443018917499796,7.288006922503013,3.8590505243867312,52.04699639907893,11.716745583539778,18.539831265209557,-1.3163047916191353,-9.464695690567511,0.23171861317236123,0.8545103023348173,1.0862289155071785,1.4482413323272574,8.356921002037424,96.45833333333333,4.746660031227414,54
Unhedged,50.44401316402513,0.0,6.63185211354033,0.0,38.13320037789513,10.797050914556868,50.84779122977637,0.0,0.0,0.0,0.0,0.0,0.0,0.0,0.0,0.0,55
always|1,49.773764389286264,2.6397423232006334,6.518553708958298,1.7083976337576856,37.55030986599256,11.763344506747984,53.42206468648543,2.7246146883455418,-3.6059751759081737,0.15034123163647276,0.5590650303244554,0.7094062619609282,0.939632697727955,5.5205424382718995,93.14285714285714,4.338640338528513,55
ratchet|-1|4|1|0,49.88929760683065,2.1872389367048606,6.51075783076855,1.825949684923478,37.673536875510116,11.838751070602802,53.87667223139471,3.2271505000782232,-3.6032009716049336,0.1982694984598943,0.7123403018394382,0.9106098002993325,1.2391843653743395,6.973322677315415,97.20684523809523,4.96911490736135,55
placebo|35,49.973333193065294,1.8574417274152655,6.523614607141099,1.6320856458520994,38.334388268030736,11.858179485407268,54.9013389391565,4.258868885909652,-3.2217144447253974,0.20532117652952386,0.7054447800021068,0.9107659565316305,1.2832573533095242,6.912939442116474,97.20684523809523,4.798737304546524,55
placebo|91,49.90443801120265,2.1278614933726403,6.505560597586254,1.9043174333792101,38.179716387275484,11.843234978224611,53.3683535522622,2.705270974367119,-3.24413163975699,0.18470865188128896,0.7225387156571553,0.9072473675384444,1.1544290742580559,7.071675428427902,97.20684523809523,4.9310357493647174,55
placebo|147,49.88814902285788,2.19174270331719,6.505649311747308,1.9029797352590694,37.85470755596404,11.839847884330558,53.7325099254715,3.0858389218253017,-2.9960914426129426,0.20112022613018074,0.7181227847695756,0.9192430108997564,1.2570014133136296,7.0307693289346735,97.20684523809523,4.981341624376321,55
placebo|203,49.92102775174392,2.062779375317947,6.518939617054421,1.702578624384199,38.122368945716076,11.858179485407268,53.19461381075818,2.5413169209696056,-3.769005769122584,0.19449433998779503,0.7121983800297499,0.9066927200175451,1.215589624923719,6.975290568611603,97.20684523809523,4.994389000971601,55
placebo|259,49.90315457342918,2.1328955620561807,6.502537413832882,1.9499032471400501,36.871200131955916,11.832243446236829,55.27611540156586,4.634475465137964,-3.0142672880793007,0.20615129334847804,0.7100413557976512,0.9161926491461293,1.2884455834279878,6.951801059366517,97.20684523809523,5.1479541629769345,55
Unhedged,41.18142467258141,0.0,6.0696831528569,0.0,34.355688787548836,12.216814756904707,15.23087706282246,0.0,0.0,0.0,0.0,0.0,0.0,0.0,0.0,0.0,56
always|1,40.25844663532614,4.432264930557295,5.823169056717728,4.061399745769945,31.634304642560785,11.244358546401942,16.206304741673268,1.0944088817827247,2.150578077121578,0.11898120293191762,0.4636369750935519,0.5826181780254694,0.7436325183244851,4.112269349972182,98.37053571428571,4.93375695569826,56
ratchet|-1|4|1|0,40.346236225630854,4.015010879461078,5.783713399580435,4.711444503357043,32.02985576955879,10.82207440692726,16.38525752826852,1.3029154575079616,1.2813686348986861,0.1485349920619007,0.614947271206122,0.7634822632680228,0.9283437003868793,5.4822765409774945,100.0,6.074364562605359,56
placebo|35,40.15422710141023,4.926428693502882,5.778125489538114,4.803507134990303,31.495398292807774,10.836095412558471,16.3994365037354,1.3175703390196958,1.1381658058389066,0.1490108981067535,0.6115790614643493,0.7605899595711029,0.9313181131672095,5.458177523139484,100.0,6.31251127168685,56
placebo|91,40.12360950882856,5.071360586958251,5.80518347295893,4.357718075835216,31.591288306396383,10.822239557020529,15.628773365669584,0.5390120568385619,1.5481918736830265,0.14111575399143886,0.6118342465355088,0.7529500005269476,0.8819734624464927,5.4573210583880805,100.0,6.146232555194826,56
placebo|147,40.337871219452815,4.054807989065412,5.7862013247476245,4.670455128713691,31.949747915962934,10.8832541550722,16.595865451909393,1.5205353051142494,1.5723369925913193,0.15554691602731716,0.6130333277578948,0.7685802437852121,0.9721682251707322,5.464916052544304,100.0,6.178747963536982,56
placebo|203,40.23139325596192,4.560663401576759,5.7844317556511795,4.699609353932377,31.36741033410233,10.831649718509686,16.20023306779388,1.1191995625409294,1.201523944507597,0.1498435575695233,0.6148481762024101,0.7646917337719333,0.9365222348095202,5.486920112016216,100.0,6.295812673768472,56
placebo|259,40.22203524108782,4.605057531974765,5.8049476648584015,4.361603090828425,31.6397267411338,10.916199516644438,15.74142113758492,0.6639607539301824,1.77512044492587,0.15341667916772161,0.6090667018113286,0.7624833809790503,0.9588542447982602,5.427012844547456,100.0,5.915498662768301,56
Unhedged,60.18793564323112,0.0,8.282622564075693,0.0,65.38822714501796,12.263332420899026,-0.4548062817058327,0.0,0.0,0.0,0.0,0.0,0.0,0.0,0.0,0.0,57
always|1,58.71957379413759,4.8197385364389,7.685966715543335,7.20370684425774,60.3354775107868,11.236084910447214,7.105789502996154,7.728014956827124,-13.166276079407785,0.16741917212513308,0.7455401339997406,0.9129593061248737,1.0463698257820815,7.922144281206876,95.71428571428572,7.897902034899899,57
ratchet|-1|4|1|0,58.19986311936973,6.49711079659413,7.456412909176384,9.975217976041018,59.0471135380088,10.645529307428129,12.162623609474895,12.807525844318342,-17.05272008752996,0.19009595313762556,0.9451584245226217,1.1352543776602475,1.1880997071101596,9.96590866180608,99.72767857142857,13.084145656420349,57
placebo|35,58.25877524715246,6.307720588596255,7.5375243437949155,8.99592145502922,59.87262368589796,10.6949421062357,11.386088013829491,12.053962197622067,-15.568641745913338,0.21306790208675103,0.95526343260468,1.168331334691431,1.331674388042194,10.035042143532033,99.72767857142857,12.300128030732537,57
placebo|91,58.14628271099129,6.669194254617938,7.440446336875005,10.167989917269294,59.342109120394284,10.652209498537921,10.970370181048626,11.617804988129336,-16.391062418175018,0.19262852537489109,0.9571916698597096,1.1498201952346006,1.2039282835930691,10.078422623935072,99.72767857142857,12.81933492761827,57
placebo|147,58.302511906898296,6.16699241517612,7.485360742989544,9.625717155627978,59.7970237419674,11.027936564729094,10.282243267337883,10.930935231133075,-15.300267112742207,0.19388568208935855,0.9561767506859371,1.1500624327752955,1.2117855130584911,10.04828291630914,99.72767857142857,11.887605376718549,57
placebo|203,58.322276015189615,6.103364279865964,7.458278182509251,9.952697653299802,60.013130878423105,10.70006998883655,10.225364216993425,10.867458585248338,-16.084852206392746,0.18728808654909823,0.9614234920802126,1.148711578629311,1.170550540931864,10.114861585627564,99.72767857142857,12.741592165071774,57
placebo|259,58.33816746045193,6.0521880694326065,7.51062119266669,9.320735859163886,59.90341207835994,10.761778118200354,8.63364614189867,9.284275094942966,-15.911332556715116,0.1958226713384814,0.9716624925204018,1.167485163858883,1.2238916958655086,10.218611192477685,99.72767857142857,11.817712797719723,57
Unhedged,55.97996413981983,0.0,8.964724414326607,0.0,78.56579898087345,15.188750041988072,11.75083917135957,0.0,0.0,0.0,0.0,0.0,0.0,0.0,0.0,0.0,58
always|1,52.460693576214766,12.178100901942967,7.0127710746635845,21.773712714956297,54.554138385450656,9.066270652541943,44.044433685108906,32.46374811266812,-38.3160797985483,0.17015359891880097,0.8830601630224657,1.053213761941267,1.063459993242506,8.480890170564365,97.20982142857143,22.00927821161011,58
ratchet|-1|4|1|0,52.81366818426618,10.992329833170656,6.852461741693815,23.56193648582401,50.11383093422981,9.185336017960456,51.13503823506059,39.64564878342498,-50.687334268280246,0.26144971972395936,1.1287909117249284,1.390240631448888,1.6340607482747462,10.988535864356132,99.68898809523809,25.768568991189923,58
placebo|35,52.944238122515486,10.551682839628661,6.869422266070509,23.372744675871772,50.28894436656398,9.176815670150356,51.93764914997503,40.44380494072916,-50.68394316905911,0.2569949621137036,1.12205358010541,1.3790485422191134,1.6062185132106472,10.931476603943443,99.68898809523809,25.782213924216908,58
placebo|91,53.26050564625596,9.479834642334428,6.8791776611069375,23.263924877453444,49.0699365192375,9.264737044280299,52.44142390922705,40.944142524715176,-50.28725433329829,0.2535577868476922,1.0973882150762513,1.3509460019239434,1.5847361677980767,10.694268686344047,99.68898809523809,25.445948952219855,58
placebo|147,52.709939941060824,11.341616029748957,6.8798367576220905,23.25657276617048,49.53593051974734,9.003639854559722,50.248152376586525,38.74454013504337,-48.130847858657134,0.24722692981640526,1.095902381345906,1.3431293111623113,1.5451683113525332,10.666035093789253,99.68898809523809,25.30210157113047,58
placebo|203,52.72256428361177,11.299142528756146,6.850079503037936,23.58850995920454,49.43813877033292,9.191817786882511,51.56909637197329,40.064207287035934,-50.805189789417156,0.24595008642222818,1.1126317953367484,1.3585818817589765,1.5371880401389264,10.831147476451362,99.68898809523809,25.732973456483787,58
placebo|259,52.799377022727455,11.040493535264018,6.884389654805425,23.205785960320004,51.01537234793025,9.093244538540487,50.99765402588043,39.487709919860734,-48.97379345301078,0.24089506533988078,1.1230957306354625,1.3639907959753432,1.5055941583742547,10.914196552492472,99.68898809523809,25.390326428972344,58
Unhedged,49.07582856056214,0.0,6.369787095824969,0.0,30.342356930622305,9.740830494939702,75.82914978156784,0.0,0.0,0.0,0.0,0.0,0.0,0.0,0.0,0.0,59
always|1,48.31226199366372,3.0875747025501554,6.310009263587972,0.938458873706749,25.794696086929434,9.510662879934864,70.26878619721322,-5.42857798967251,4.166135132177159,0.13178559468208495,0.5182597060542792,0.6500453007363642,0.8236599667630309,5.170405034035617,99.89285714285714,2.2121890111943374,59
ratchet|-1|4|1|0,48.343511036789494,2.962165547821971,6.319184954198148,0.7944086806290218,25.444031569607596,9.486639066423832,69.61441568911536,-6.068044820949913,4.162427148586002,0.14668927150254546,0.6682879613517348,0.8149772328542803,0.9168079468909093,6.668490560247404,100.0,2.5970527643489323,59
placebo|35,48.43470797969244,2.5957088831413455,6.333249189898732,0.5736126714531165,25.71333809534966,9.486639066423832,69.2398012775054,-6.437822659490736,4.309681345117331,0.15152584457165158,0.6564061442428232,0.8079319888144748,0.9470365285728223,6.5446616090290455,100.0,2.1183454613826638,59
placebo|91,48.480804584854795,2.4102161253249266,6.35817106953487,0.1823612958384957,26.035844499691375,9.48786429396113,69.12963730763083,-6.537700210555381,4.300327092200566,0.16181226338161625,0.6681403589032096,0.8299526222848258,1.0113266461351016,6.6667379487322025,100.0,2.017781440654404,59
placebo|147,48.380124517457,2.815124581602546,6.33871483230429,0.487806940063118,25.20493867065281,9.48890955372588,69.56368979608291,-6.11856815146652,4.550935786982004,0.14689183401836428,0.6761690442112277,0.8230608782295918,0.9180739626147767,6.750893609434434,100.0,2.3909406480229367,59
placebo|203,48.431574974228305,2.6083096943821715,6.323253854158918,0.7305305650882943,25.171866918260644,9.489831823391034,70.00797459510666,-5.683993155840501,4.293615343959913,0.13718203062065046,0.6810225750536564,0.8182046056743066,0.8573876913790651,6.7887710806019825,100.0,2.5831767425190097,59
placebo|259,48.42076093288679,2.6517970343765684,6.3338468887329915,0.5642293306087787,25.204604495464633,9.491247855617626,69.25854830114265,-6.426436163421563,4.292617931789562,0.14416531700360138,0.6658522346254527,0.8100175516290541,0.9010332312725088,6.638130470874086,100.0,2.365094921350642,59
Unhedged,48.816288929962475,0.0,6.223252897395408,0.0,34.565891609267815,12.973452497192014,56.017326114534725,0.0,0.0,0.0,0.0,0.0,0.0,0.0,0.0,0.0,60
always|1,48.801723548783954,0.059665363966188156,6.165448733244291,0.9288416380332287,34.218577173215905,12.495544551589898,55.66209627836875,-0.2302668931304975,3.7193673471950204,0.12496294303548554,0.4575595203359132,0.5825224633713987,0.7810183939717845,4.5418359806697115,96.75892857142857,2.3721849759718534,60
ratchet|-1|4|1|0,49.03084647161541,-0.880972554178916,6.154040442142721,1.1121588081637324,34.83235751046654,12.39119012258642,52.44230305968985,-3.409647554037679,4.093322940559831,0.16537550080719587,0.7113572553077523,0.8767327561149482,1.0335968800449742,6.966270074526692,100.0,3.600184367207492,60
placebo|35,49.083579996155606,-1.0980877132407585,6.154808112189758,1.0998232971424993,34.5419064865649,12.316171278205513,53.40445789850392,-2.434066330611635,4.30463104419099,0.17880188541918196,0.7076363979991034,0.8864382834182853,1.1175117838698871,6.9318826093741945,100.0,3.2462479255911023,60
placebo|91,48.983139878949565,-0.6847554190589245,6.150673842948803,1.1662559057656563,34.309594900040175,12.316068046616422,52.02184171998906,-3.838186270190077,3.3014927138835963,0.15729812435560003,0.7105559891149483,0.8678541134705482,0.9831132772225001,6.9824715454039845,100.0,3.5943599868109293,60
placebo|147,49.10172145828104,-1.1728339346104288,6.170980173300903,0.8399582172915365,34.27930311919391,12.45309918072281,53.782004791867315,-2.0806867860256895,3.9320986356222,0.15463453664172602,0.698674555243335,0.8533090918850609,0.9664658540107874,6.870741248502038,100.0,3.1549930176406544,60
placebo|203,48.99514836969408,-0.7341283323481829,6.1324723536547525,1.4587313939732338,34.074638942284096,12.258979817086837,52.94955724590683,-2.884859071652831,3.511660729569617,0.18290979697506973,0.7267680134222574,0.9096778103973272,1.1431862310941856,7.1435993602143535,100.0,4.090806720249161,60
placebo|259,49.05722368939917,-0.9895440080913698,6.139117582095494,1.3519507673411035,34.45121608434637,12.27921020321165,52.54956301725989,-3.2781092980597113,3.8356814102885854,0.18965379921512374,0.7223331856417624,0.9119869848568861,1.1853362450945233,7.105918623279271,100.0,3.8541444631302983,60
Unhedged,45.10001400372903,0.0,7.26864132705395,0.0,52.45814625483105,12.489940434893475,32.71644264499122,0.0,0.0,0.0,0.0,0.0,0.0,0.0,0.0,0.0,61
always|1,44.011506687877485,4.768830141574176,6.875370011529741,5.410520313616929,53.87037567801447,9.661398271117285,25.103529948086724,-7.527733883123862,6.7491285481387,0.08517881378065711,0.5368850935320647,0.6220639073127219,0.532367586129107,4.5330559715840515,91.7782738095238,7.869966435236911,61
ratchet|-1|4|1|0,43.951902869405544,5.026594451460076,6.8657628244606475,5.542693392969955,55.918728644401874,9.901492893184905,22.573568377366758,-10.036336616627542,8.969665741285102,0.10653765099694015,0.6685596422407765,0.7750972932377166,0.6658603187308759,5.631610048662792,94.70238095238096,8.628437193561519,61
placebo|35,43.94626047410789,5.050977609631846,6.867806990035027,5.51457031628474,55.46785782541619,9.88500553488867,23.053081031891242,-9.553502633678278,8.052144336404112,0.1098589794217048,0.6576156991155478,0.7674746785372527,0.6866186213856551,5.555187031911311,94.70238095238096,8.492091962484036,61
placebo|91,43.95294002305606,5.022112134653101,6.865577671207281,5.545240681314989,56.166310171436805,9.847987833918047,21.999707850408292,-10.605596618561483,8.92472620172724,0.11113817602145025,0.6773174125172589,0.7884555885387092,0.6946136001340641,5.698133570181081,94.70238095238096,8.455440399447149,61
placebo|147,43.958592556896235,4.997681448262292,6.859766284489323,5.625192166833026,56.08656548127422,9.72798394238343,21.853515700140623,-10.74579434322847,9.358438414723851,0.11713260162213714,0.6682041230380701,0.7853367246602072,0.7320787601383573,5.632150323042747,94.70238095238096,8.553893680769585,61
placebo|203,43.97342741655499,4.933549100548307,6.8582735461253,5.645728857211008,56.42903528305777,9.779065621858164,21.825684448927525,-10.776352027242053,8.854986206956067,0.11440616882166578,0.664211765651581,0.7786179344732467,0.715038555135411,5.6022388442241535,94.70238095238096,8.496119094712846,61
placebo|259,43.945518236425954,5.054184897185909,6.863348423224131,5.575910071684453,55.06728965976841,9.901492893184905,23.7909934872782,-8.815340980451516,7.619433959384264,0.11010817726150941,0.6511176321681037,0.761225809429613,0.688176107884434,5.509297587870086,94.70238095238096,8.739080361305472,61
Unhedged,51.95005841333089,0.0,6.996058791308391,0.0,54.959198674945654,9.965407056207713,59.13736805365405,0.0,0.0,0.0,0.0,0.0,0.0,0.0,0.0,0.0,62
always|1,51.6824859932135,1.027461192571033,6.816418326782806,2.5677380634474223,56.41734532649906,10.003891168921921,53.315942979981784,-5.709891234465796,4.462195500163466,0.11153383920648341,0.35158495306847354,0.463118792274957,0.6970864950405213,3.3595347933307975,80.98958333333334,1.6565260825819248,62
ratchet|-1|4|1|0,51.91946582323483,0.11774224429134117,6.748388990276495,3.5401332152838694,57.8423532266374,10.014987107243927,48.59475146514971,-10.338054355833256,5.465218766388459,0.20456223267109871,0.5469397330116941,0.7515019656827928,1.278513954194367,5.359411068833136,94.55208333333334,2.3608582665955757,62
placebo|35,51.99201239127857,-0.16158179561986952,6.753940818341336,3.4607767057053818,58.348583534814715,10.014731168916171,48.513475429045094,-10.43078011339063,5.554883992295456,0.19311251121832126,0.5564005476426027,0.7495130588609239,1.2069531951145076,5.4400301043744435,94.55208333333334,2.3553809360124442,62
placebo|91,51.885968268782364,0.24658532789161303,6.753780662625469,3.463065933406928,57.806529854774105,10.016524200789839,49.272164779120025,-9.676684714888546,6.238004739088969,0.18851855964548028,0.5521527244741047,0.7406712841195849,1.1782409977842518,5.38482745605361,94.55208333333334,2.448428629058988,62
placebo|147,51.99750371868723,-0.18274077986777382,6.764648109089473,3.3077292390168656,58.8068667949621,10.02611397442173,48.1330648647894,-10.805705244290916,6.090688395708091,0.19859794457373064,0.5557920395133855,0.7543899840871163,1.2412371535858164,5.432381029149699,94.55208333333334,2.3079935013742956,62
placebo|203,51.932229551162244,0.06862669012741573,6.763518053322653,3.32388198730742,57.80061899343386,10.01668854642007,49.66128566978265,-9.26061602769415,5.3751107249873105,0.21546635617725082,0.5407321100776534,0.7561984662549042,1.3466647261078177,5.286229673948881,94.55208333333334,2.2461905877626562,62
placebo|259,52.012314485328375,-0.23982023201634117,6.762264910943454,3.3417941063530243,57.37145350641446,10.016104393798331,49.838331069398876,-9.099106321183884,4.816823875365112,0.19993066307129423,0.5421130442979634,0.7420437073692576,1.2495666441955888,5.317354372188263,94.55208333333334,2.4108031770377294,62
Unhedged,49.23055858115196,0.0,7.485594293790053,0.0,69.3112328327098,10.105214990251648,-11.87970561974929,0.0,0.0,0.0,0.0,0.0,0.0,0.0,0.0,0.0,63
always|1,47.1297290017963,8.352555772593862,6.813318859308971,8.980922664200385,68.14878765874668,8.558993024068847,-14.037929409988891,-2.0132566168609096,-1.3460451095029675,0.14496717337868642,0.7531125804243337,0.8980797538030203,0.9060448336167903,7.461769651203793,95.73511904761905,9.112040267666757,63
ratchet|-1|4|1|0,47.603622259448294,6.5002447801185586,6.640533467787679,11.28916145914326,66.31578045804154,8.359744234277331,-8.353275621705544,3.7049092277281637,-7.868180592812625,0.1784792296844145,1.085542924357328,1.2640221540417427,1.1154951855275905,10.896245678085306,97.8764880952381,15.608465890774356,63
placebo|35,47.67581260711791,6.216447140459125,6.651325429284398,11.144991723606413,66.45565923000167,8.40263375205311,-8.734155333682125,3.3501069079291192,-6.93320879457118,0.20455662186196535,1.0731222744835045,1.2776788963454697,1.2784788866372834,10.759523299785785,97.8764880952381,13.913383011742333,63
placebo|91,47.795301105289475,5.745764084365179,6.726650765759606,10.138721098738356,66.82181411717974,8.427949004622652,-8.284697698775224,3.8227607543965956,-8.95903594279121,0.22775283342253105,1.0798836486281163,1.3076364820506472,1.423455208890819,10.898103085342907,97.8764880952381,14.894016907790652,63
placebo|147,47.717112695127206,6.05389315671615,6.684030829419657,10.708080519877516,66.72824627960551,8.266574914785098,-8.071721928724791,4.029722297142637,-7.891388842337373,0.2217386061181463,1.093824438877469,1.3155630449956153,1.3858662882384143,10.988632640939619,97.8764880952381,15.829430275785365,63
placebo|203,47.28530516312669,7.746497087333049,6.55655648187098,12.411009406291097,65.72633092187696,8.428326091633187,-8.193165392268893,3.9090043560441563,-7.9692495365718825,0.222464128563768,1.0579626045574408,1.2804267331212085,1.3904008035235498,10.623320803654627,97.8764880952381,15.271856417059709,63
placebo|259,47.80199801347089,5.719349094998838,6.856855022638064,8.39932337334368,66.70655683401499,8.640695797123472,-11.547347487609215,0.5476224160595253,-5.935209897083897,0.21526428391945723,1.0896502119073803,1.3049144958268377,1.3454017744966078,10.928314347505127,97.8764880952381,15.350602445408901,63
Unhedged,53.63442882922909,0.0,7.8811285027359474,0.0,61.373844039273415,12.540956488303987,33.346147365456,0.0,0.0,0.0,0.0,0.0,0.0,0.0,0.0,0.0,64
always|1,52.62682187164752,3.7220205006116447,7.329748356422234,6.99620804460046,60.78789332574539,10.543574085965918,28.71774172609514,-4.469100259039152,-1.083346330552355,0.15930538032170535,0.5635592015340634,0.7228645818557689,0.9956586270106584,5.446987027665454,93.14434523809526,6.518831582306735,64
ratchet|-1|4|1|0,52.20597007469754,5.255715558172258,7.085005737830305,10.101634107720315,58.4603518259079,9.837778176659828,30.38446691124812,-2.7303975931675115,-3.8841055378000613,0.23128286104037785,0.7478230013062032,0.9791058623465811,1.4455178815023617,7.277571483527066,99.13690476190476,10.442106545543115,64
placebo|35,52.40562699544676,4.529648252626394,7.219486534903813,8.395269378014126,59.74723786360432,10.078013987474494,28.943211513908366,-4.186706970517873,-3.391657178911565,0.21622888102975613,0.7612079009225555,0.9774367819523117,1.3514305064359757,7.402062338826479,99.13690476190476,9.457502815847008,64
placebo|91,52.39032918446404,4.585377925663126,7.182309051278285,8.86699729886482,59.01961165079091,9.926596783852023,29.358170957415748,-3.764542649505039,-3.8405677857700793,0.2234337585352196,0.7384988495623576,0.9619326080975772,1.3964609908451224,7.192060777793008,99.13690476190476,9.57222301185325,64
placebo|147,52.42848512388671,4.446346148774394,7.196533094140471,8.68651498776879,59.227984344242046,9.95806296136336,29.312979259891847,-3.820969319653336,-3.7399961473355803,0.21219878591080427,0.7469789113265171,0.959177697237321,1.326242411942527,7.279239050000129,99.13690476190476,9.623960641882876,64
placebo|203,52.380301948966064,4.6218981515290025,7.25939456946712,7.888894757305264,60.13925407508044,10.237304788489944,29.139845941570872,-4.009653884974325,-3.178881800424219,0.196647538910816,0.7397362433915482,0.9363837823023643,1.2290471181925997,7.182380542548607,99.13690476190476,9.079762954733079,64
placebo|259,52.366437608774966,4.672381993628472,7.194635775111431,8.710589192730446,59.21400113459379,9.95806296136336,29.945583938792513,-3.183347314674552,-4.3157398967429375,0.2172161119889405,0.7472653102311129,0.9644814222200533,1.357600699930878,7.282866319827,99.13690476190476,9.844683133506818,64
Unhedged,53.58183342856924,0.0,6.742203452027823,0.0,45.315846418747164,10.288572446203077,61.588587293673335,0.0,0.0,0.0,0.0,0.0,0.0,0.0,0.0,0.0,65
always|1,53.339047752263134,0.9041707436331148,6.635753221771368,1.5788641059836128,43.512035195840745,9.131138274859017,57.43044298416459,-4.034615241478731,3.256596001779135,0.12352906803001332,0.5462359101731886,0.6697649782032019,0.7720566751875835,5.774340234287105,88.19494047619047,2.6056510662911396,65
ratchet|-1|4|1|0,53.546197498446254,0.1329707386363843,6.701395821247427,0.6052565911241148,42.4094422527034,9.2429465092634,56.065331290563584,-5.364949670024549,4.9097368923838935,0.15830633308521602,0.7330134124396496,0.8913197455248656,0.9894145817826002,7.701157859971029,93.52232142857143,3.7937909710189883,65
placebo|35,53.60257699271089,-0.077442588747334,6.713301570893669,0.42867115090484686,43.29541146897867,9.235187503182896,54.97784881885176,-6.436264374358055,5.250300809866933,0.17447410046352335,0.7469853330211454,0.9214594334846687,1.0904631278970212,7.857146535186567,93.52232142857143,3.643276678076099,65
placebo|91,53.532369029829894,0.1845460070844518,6.705472848050069,0.5447863482480164,42.50465111539011,9.243865935315974,55.78451891798111,-5.625064701694576,5.149825163008552,0.17900367399764266,0.7293208166354073,0.90832449063305,1.1187729624852665,7.665962361276582,93.52232142857143,3.6312129738536396,65
placebo|147,53.49405320841651,0.32738079959794275,6.658785341612967,1.2372529397606025,43.26193649850513,9.237566901492524,54.94228631465161,-6.489711261486849,4.88023414929767,0.15658971753488207,0.7359148767079106,0.8925045942427925,0.9786857345930127,7.730303040078572,93.52232142857143,3.8366438282402613,65
placebo|203,53.57199852483676,0.036706474970216174,6.715103991607537,0.401937743544889,43.66875926550604,9.25789069669458,53.896070150601886,-7.523433201495707,4.840683205350011,0.1690839415757342,0.7200875962962328,0.8891715378719669,1.0567746348483387,7.566834569722126,93.52232142857143,3.5970165829394043,65
placebo|259,53.43180482722999,0.5592140188418915,6.6627073178636715,1.1790823983551246,43.898325949471484,9.227194193242283,54.5372968762343,-6.881401071962122,5.525333928756346,0.16988934547690715,0.729862986210157,0.8997523316870641,1.0618084092306699,7.6542378793758346,93.52232142857143,3.593047446787953,65
Unhedged,49.08809853704982,0.0,6.817722368031342,0.0,38.35547932056509,11.741918438909833,39.863687091169616,0.0,0.0,0.0,0.0,0.0,0.0,0.0,0.0,0.0,66
always|1,47.62264289195562,5.881593041632172,6.321608837865049,7.276822131869087,31.53626668673777,10.949548971622045,45.76102455871097,6.025049494970281,-7.294171427808979,0.1277120274289274,0.5260385153359247,0.653750542764852,0.7982001714307961,5.044624963471334,91.98958333333333,5.2594387655738535,66
ratchet|-1|4|1|0,47.51494527921201,6.306805318104248,6.188708601620366,9.226156954710484,31.57345608423656,10.244778306757524,51.801118301946026,12.106252334307086,-15.713925115042544,0.1688211235306882,0.6988830769184627,0.8677042004491509,1.0551320220668015,6.7983055749492065,95.32291666666669,9.456357537052769,66
placebo|35,47.835143419242996,5.039773600223563,6.341121178427674,6.990621851052148,31.493510115728796,10.585526156217352,49.02701428687203,9.327129606779332,-13.385995160705983,0.1638024110769247,0.6872215725649513,0.8510239836418761,1.0237650692307796,6.644307920975974,95.32291666666669,7.90649382594555,66
placebo|91,47.58144265952472,6.044373711976736,6.26514590038391,8.105001022606794,31.486683791772062,10.197672257718667,51.62062638641786,11.934896906252634,-15.772120924634839,0.17795761100439772,0.7002173981447545,0.8781750091491524,1.1122350687774858,6.8058013258849135,95.32291666666669,9.479410189544502,66
placebo|147,47.54329578953491,6.194965040767386,6.2385196458581715,8.495545739572552,31.474084035169902,10.244778306757524,50.52902785383909,10.838479027017607,-15.008814395312063,0.17313826434814286,0.7054417060007627,0.8785799703489057,1.0821141521758928,6.849274709970047,95.32291666666669,8.861490124194496,66
placebo|203,47.575440010831784,6.068078207306304,6.257601650416234,8.215657478831117,31.666721005797804,10.33623192843668,50.81889329957067,11.150832924911512,-15.516119884979418,0.19562671651048139,0.6956596183415967,0.8912863348520783,1.2226669781905086,6.761828931225604,95.32291666666669,9.156568870062754,66
placebo|259,47.44641212122919,6.5768870680450675,6.181087814709619,9.33793602841525,31.630720179971284,10.287926588837363,50.966398356178004,11.273692897666436,-14.893486686398383,0.17098163265806723,0.6789623684719649,0.8499440011300321,1.0686352041129203,6.597369788021676,95.32291666666669,9.347920703587175,66
Unhedged,47.87472780759933,0.0,6.753771073559172,0.0,57.32714852135628,9.191703990380242,7.605657999657058,0.0,0.0,0.0,0.0,0.0,0.0,0.0,0.0,0.0,67
always|1,47.96910014477859,-0.39463556882901596,6.77211900987858,-0.2716695031497407,55.61772514954277,9.517407605950504,8.733496259027126,1.2718969118754124,-4.344747740489084,0.14405865250533645,0.5431047453050634,0.6871633978103999,0.900366578158353,5.571415435492354,88.56696428571429,1.3173693105584996,67
ratchet|-1|4|1|0,48.55550262084851,-2.8642046709650426,6.867906456567092,-1.6899504256926656,54.1903220883303,10.426705713207022,10.972934447319467,3.567618192110508,-8.866793515583344,0.20034174444809286,0.7078765351805563,0.9082182796286491,1.2521359028005803,7.339484339104634,94.88392857142857,2.252726572468086,67
placebo|35,48.40040277483692,-2.2081001999051386,6.869312752764668,-1.710772810435346,54.62270959452048,10.1873730641536,10.973692116501821,3.5529554620834465,-9.39506180140679,0.18492134523868844,0.7026070076947274,0.8875283529334159,1.1557584077418026,7.2810467864943735,94.88392857142857,2.3875958306497442,67
placebo|91,48.375064620798696,-2.1011140364448178,6.836217627584612,-1.2207484252496625,53.90323561337106,9.547336422829728,12.401873756947461,4.995549371132696,-9.914368327938522,0.19933361384228132,0.6978375548483711,0.8971711686906525,1.2458350865142582,7.263465748592274,94.88392857142857,2.7799113435930325,67
placebo|147,48.52513083518336,-2.7355604467674377,6.826761417272322,-1.0807346431818798,53.66847717723472,10.25548175950039,12.815296586434046,5.414829361371846,-9.550399559726877,0.20519077459485838,0.7068931371714039,0.9120839117662622,1.2824423412178645,7.340705209435533,94.88392857142857,2.486885899123852,67
placebo|203,48.58525290072172,-2.99029445387482,6.860405455043478,-1.5788865261035845,53.612285464770395,10.286841963059441,13.629482154131448,6.211809203332846,-10.00620891775603,0.18798504885845552,0.6988484143552521,0.8868334632137079,1.1749065553653466,7.270601763527214,94.88392857142857,2.4590928949719753,67
placebo|259,48.524557787093265,-2.7331339898752915,6.861193225403513,-1.5905506816020987,53.80335291467706,10.353405695500857,12.01377969710626,4.596947835973229,-8.764810269243362,0.18882613852402666,0.6997196782591448,0.8885458167831715,1.180163365775167,7.253064343436212,94.88392857142857,2.06448186106614,67
Unhedged,54.838655223346315,0.0,6.32958395135054,0.0,29.576960302915346,8.074154702569396,74.93264343336897,0.0,0.0,0.0,0.0,0.0,0.0,0.0,0.0,0.0,68
always|1,54.20785710436542,2.2873286878383636,6.229946744931746,1.5741509581768787,28.711700810786834,8.08410868034819,78.55523737725056,3.767098289073763,-3.3889233438217787,0.1445043451921613,0.5513345752467136,0.695838920438875,0.9031521574510082,5.9186144942608685,86.76488095238096,2.859190009119668,68
ratchet|-1|4|1|0,54.54121088446048,1.0818561106576197,6.169670838237792,2.526439562881966,29.216518305194693,8.211655559617585,77.35243781190432,2.614714302400788,-5.361699721854628,0.19491992386544976,0.8550798288450152,1.049999752710465,1.218249524159061,9.132743241296824,98.4122023809524,4.062850122617044,68
placebo|35,54.779415185433514,0.21593542121911558,6.223944243807853,1.6689834332657139,28.987028720489803,8.16898541384091,77.97126644799033,3.266768295733881,-6.03631099983338,0.22814528111251348,0.8816751484576776,1.109820429570191,1.425908006953209,9.454397181364364,98.4122023809524,4.544206880306629,68
placebo|91,54.37781358048205,1.673656214208108,6.195164567181986,2.1236685570758973,29.07006888497249,8.18094961679917,77.32048953489983,2.622391871768217,-5.088710274652637,0.234545770237362,0.8563561186668296,1.090901888904192,1.4659110639835125,9.121321793237467,98.4122023809524,4.1009589937335065,68
placebo|147,54.68952003047105,0.5431657785601507,6.200318075322038,2.0422491750175964,28.887934128481817,8.200912119468772,77.82063728666577,3.136706307850622,-4.753915596246364,0.24871245455383184,0.8819576036741157,1.1306700582279474,1.5544528409614493,9.416690581585433,98.4122023809524,4.477307980961404,68
placebo|203,54.69075860805156,0.5386608423332717,6.249853614056296,1.2596457825198915,28.873196502794908,8.159797322487552,76.26709545370053,1.5502700398934135,-4.941162428096532,0.21581801956184243,0.8576822469959048,1.0735002665577473,1.3488626222615152,9.187652586637391,98.4122023809524,4.22920783741861,68
placebo|259,54.46094971560743,1.3727716996669526,6.157567391304181,2.717659823591645,28.76254079657152,8.216882704662241,77.73621082760805,2.990424262633753,-3.4192400179771685,0.18685686839469567,0.8578300131246107,1.0446868815193062,1.167855427466848,9.104890322201005,98.4122023809524,4.107909478749585,68
Unhedged,42.59824171078678,0.0,5.928629574185063,0.0,38.99456802798596,11.273703635129674,27.197252769183596,0.0,0.0,0.0,0.0,0.0,0.0,0.0,0.0,0.0,69
always|1,41.75982292415406,3.89766277719944,5.613488975899927,5.315572415880842,40.614775550859065,10.847174720126764,25.748159992694255,-1.3366944644950587,2.2325544823125094,0.11239831199429304,0.4667710841298355,0.5791693961241285,0.7024894499643313,4.271297090792112,99.29464285714286,5.190139740462943,69
ratchet|-1|4|1|0,41.9308137440434,3.1090454418734925,5.502507831825654,7.187525161208641,41.068736091822814,10.337624105882641,23.054405247309493,-4.0075738970127635,0.5760072844365507,0.13527362486134198,0.7006412629417493,0.8359148878030913,0.8454601553833874,6.508925250160047,100.0,8.002195664495174,69
placebo|35,41.83621969497361,3.545715691236895,5.5158895383650846,6.961811842945376,40.48880966189383,10.349884698220798,23.460589290304767,-3.6078192186473457,0.9536480101696827,0.12884426023149173,0.6938886559193679,0.8227329161508594,0.8052766264468233,6.447663230303009,100.0,7.850712863893965,69
placebo|91,41.898445759648205,3.2585753060936917,5.521283590213676,6.870828728195244,40.96616815428874,10.349884698220798,22.722108466624785,-4.334914195430258,1.3310189836733364,0.14023010712856962,0.7116679287274448,0.8518980358560143,0.8764381695535601,6.605638587505496,100.0,7.361933895917279,69
placebo|147,41.929791399718155,3.1137701157416764,5.526484892592492,6.783096777434405,41.635625819302376,10.127523531263954,21.98461908866462,-5.066430685788453,1.1387851259754158,0.14620299473052328,0.7116882282068026,0.8578912229373259,0.9137687170657705,6.6250212345136745,100.0,7.743110019088981,69
placebo|203,41.91218541522493,3.195116541891352,5.511065713721147,7.043176761828851,40.69829710465459,10.341747910372447,23.998536201844182,-3.052686733720353,1.9725308029897115,0.14602983361907476,0.6986815080792413,0.8447113416983162,0.9126864601192173,6.474629647867601,100.0,7.974777034399612,69
placebo|259,41.92009423896177,3.1585789579852475,5.50688350166834,7.11371940579868,41.120813304337766,10.29769617340911,23.382571999265913,-3.6634860551557957,0.945927503628651,0.1511947147618973,0.7096491382660864,0.8608438530279837,0.9449669672618582,6.576200928780788,100.0,8.297045831568642,69
Unhedged,45.59718842574023,0.0,6.4577651644424225,0.0,41.17763885425886,12.178094777181169,42.277895020481296,0.0,0.0,0.0,0.0,0.0,0.0,0.0,0.0,0.0,70
always|1,44.12763503643268,6.341935962696965,5.907077139118639,8.527532533328518,40.87806876155402,11.488134164389754,38.40269081777194,-3.7501855916464275,3.54155306866871,0.12501861106292728,0.641253715734781,0.7662723267977083,0.7813663191432956,6.037517945219281,99.22619047619047,7.9127432766844725,70
ratchet|-1|4|1|0,44.22954475606455,5.908842804023995,5.908271698728382,8.509034499111968,42.89089739547302,10.85442354732352,33.50558203880076,-8.583814380342762,5.007409804952376,0.18849860133777774,0.8686500999273095,1.057148701265087,1.1781162583611107,8.156473700840111,100.0,9.716073574707313,70
placebo|35,44.209899832484616,5.992406996630917,5.876643459392787,8.998805163269042,42.02019145087428,10.920968334503057,35.329947015249445,-6.788999319146624,4.561630294374494,0.15894868608522728,0.8560892867796214,1.0150379728648486,0.9934292880326705,8.03183396685665,100.0,10.213676422608659,70
placebo|91,44.1895660645328,6.078862247501704,5.85484446148555,9.336367731001715,40.957805383091305,10.700362147512857,35.337168157532254,-6.794378373732443,4.819887509599981,0.14634848921658614,0.8438780419983808,0.9902265312149668,0.9146780576036634,7.912847034950693,100.0,10.43388088411454,70
placebo|147,44.035574419180826,6.732313792417477,5.868005493557947,9.13256607923426,42.011263842938874,10.842865829657166,35.843942558826704,-6.274758022557804,4.55765547345182,0.159194439096777,0.854897865345467,1.014092304442244,0.9949652443548562,8.044377737520561,100.0,10.64382315428469,70
placebo|203,44.18175733118869,6.1120529024651145,5.915540326009431,8.396478110083272,42.91714546376703,10.896813905528097,33.33773186583142,-8.78266250671972,5.022823105074191,0.15750064793014787,0.8704066499932793,1.0279072979234272,0.984379049563424,8.162462995515003,100.0,9.432752318663109,70
placebo|259,44.18656192527102,6.091631894809202,5.910903883391602,8.468274505581807,42.88275887292243,10.905242607344865,35.477444237690364,-6.644194593232285,5.042883286316352,0.15625618955864612,0.8647982933310838,1.02105448288973,0.976601184741538,8.125701742967498,100.0,9.744518030868857,70
Unhedged,45.551720043316884,0.0,7.7592103474012974,0.0,62.40609000357465,18.130030097839338,-29.41138687271533,0.0,0.0,0.0,0.0,0.0,0.0,0.0,0.0,0.0,71
always|1,45.881005948726525,-1.4509927702797132,7.992571470388134,-3.007537011353123,64.5304654631906,16.745189272932944,-33.14685306975428,-3.6156684577085305,-5.233429022259623,0.11979773933041603,0.5650684234881207,0.6848661628185367,0.7487358708151003,4.933743917173312,95.98660714285714,0.8058655471783513,71
ratchet|-1|4|1|0,46.7091683897431,-5.146472895130949,8.217700282314883,-5.908976743582439,64.83921407240229,16.951507559075065,-32.10532748600438,-2.5309297348105297,-10.283036336765191,0.1630108784785236,0.7695001829538408,0.9325110614323644,1.0188179904907726,6.761560953525124,98.3467261904762,0.9306214702685892,71
placebo|35,46.5405182951166,-4.3885510771215275,8.150245360177339,-5.039623818253691,65.49441501561803,16.939441825999264,-33.024209354975476,-3.441693275597663,-9.545179198762767,0.1711292066624761,0.7543026162335186,0.9254318228959946,1.069557541640476,6.611888425235122,98.3467261904762,0.941493323367152,71
placebo|91,46.46926752309951,-4.0691703852896,8.153114982609875,-5.0766072521864825,64.16565865126499,16.911931249533726,-31.761135097072696,-2.1757473545524157,-9.761752039210831,0.17400086980493704,0.7523126656965353,0.9263135355014723,1.0875054362808563,6.592138086202719,98.3467261904762,1.2266076631065672,71
placebo|147,46.64148154906503,-4.841955554600252,8.204275875112165,-5.735964199758126,64.90451964541717,16.616029104337944,-31.793441168593798,-2.207041519720506,-9.649510148556592,0.1750127761579559,0.754480380072021,0.9294931562299767,1.0938298509872246,6.624834297273289,98.3467261904762,0.9563825969956821,71
placebo|203,46.58010639533263,-4.5662157090029964,8.154359069421673,-5.092640930307013,64.88273231499424,16.948500908456214,-31.819940210475966,-2.2299513185761057,-9.304518775544045,0.1786020191845327,0.7536642131372664,0.9322662323217992,1.1162626199033294,6.620894034104592,98.3467261904762,1.1558638948928694,71
placebo|259,46.613751877089896,-4.717329632594813,8.190799930507978,-5.562287446572811,65.11380924216589,16.929041396440862,-32.10533801153045,-2.5231802870742643,-8.957529397745024,0.1707708517408483,0.7506829611542711,0.9214538128951193,1.067317823380302,6.5804733302717136,98.3467261904762,0.9043573327396822,71
Unhedged,49.17907196531975,0.0,6.8558076172265325,0.0,53.07188494572834,10.63189697171811,22.529655859821684,0.0,0.0,0.0,0.0,0.0,0.0,0.0,0.0,0.0,72
always|1,48.69406863932379,1.9626713505183524,6.55077299202596,4.449287993935447,52.773528446522924,9.85036794453935,25.440749647503957,3.0335853942958466,-2.708382399354228,0.12249160661357271,0.37711139499075647,0.4996030016043292,0.7655725413348292,3.53236244825679,84.17113095238096,3.913861560992697,72
ratchet|-1|4|1|0,48.575600211153215,2.439123625990902,6.472486111753578,5.591194019356449,52.93211563838665,9.918937370258892,26.468097410443654,4.093989557952079,-4.439737735528118,0.15554800733011118,0.5581830990404675,0.7137311063705786,0.9721750458131949,5.245650651968054,92.66666666666667,5.638772433283636,72
placebo|35,48.61196862183769,2.2929818493750087,6.486647589624502,5.384632244849541,53.091432616505664,9.940267452451565,26.534511224912464,4.17912649930242,-4.274438210330464,0.17427113421162937,0.5559218817161927,0.730193015927822,1.0891945888226835,5.224267927734473,92.66666666666667,5.488656259675867,72
placebo|91,48.586265108409776,2.3962794434001067,6.464944678403457,5.70119467531377,53.13500635585755,9.937322200379404,25.848867922661682,3.483391366533806,-3.975198653119634,0.16417930369380945,0.5616104986659619,0.7257898023597714,1.0261206480863092,5.273024418666102,92.66666666666667,5.821653100915604,72
placebo|147,48.61174854766632,2.2938665180272877,6.462206060049408,5.741140638020892,52.90006596813708,9.911553767902749,26.72407782086829,4.357385722095134,-4.375524237988294,0.16296376104852853,0.5567391530108885,0.7197029140594168,1.0185235065533031,5.231692554234625,92.66666666666667,5.817808140109678,72
placebo|203,48.64290885672929,2.168566392335314,6.4843259570029534,5.418495981278115,53.7653661535499,9.91591120507096,25.47605471629379,3.1130207636200957,-4.337515584493522,0.1666219071479836,0.5549351995096454,0.7215571066576291,1.0413869196748975,5.216165946238446,92.66666666666667,5.488461452256218,72
placebo|259,48.58818491911117,2.388565972573309,6.463981514343345,5.715243553489591,52.73828979570023,9.925932103775853,26.328667183408523,3.9555093783326165,-4.377550238470371,0.15649805474577025,0.560466109278265,0.7169641640240353,0.9781128421610639,5.25526099181995,92.66666666666667,5.801061521808556,72
Unhedged,63.177116799023864,0.0,8.85644933143509,0.0,69.37345901904253,15.421389985666389,25.481285051002168,0.0,0.0,0.0,0.0,0.0,0.0,0.0,0.0,0.0,73
always|1,62.21338717081141,3.0276122537314043,8.272030262767865,6.59879650180899,66.66921282740246,13.40979195590778,36.40571155885852,11.128516219901709,-16.00817676898305,0.20408971204535448,0.6702166352608446,0.8743063473061992,1.2755607002834657,7.46509591167739,88.17410714285714,9.124967920856168,73
ratchet|-1|4|1|0,62.680190957517006,1.566932956056144,8.199690108360741,7.415604137690346,67.29551393517639,12.52972711014645,41.49436639678029,16.345648594588308,-28.346668765610747,0.33256724881018035,0.9823178363221413,1.3148850851323213,2.0785453050636273,11.08492280656428,95.86011904761905,14.24949861769013,73
placebo|35,62.84499650601878,1.048630695276087,8.288365672820461,6.414350010429926,66.83878896371141,12.733108494709484,41.04284714536868,15.890274718920896,-26.913752544950896,0.328712624554374,0.9775865640776061,1.3062991886319804,2.0544539034648377,10.988467727543034,95.86011904761905,13.802424792283741,73
placebo|91,62.56072309917093,1.9418003806300432,8.095280378690587,8.59451597654164,66.83936406043249,12.572826675220123,44.563133994595226,19.39261603842161,-27.976908290739885,0.31076709482856224,0.9567014722739249,1.2674685671024872,1.942294342678514,10.76917990148208,95.86011904761905,13.887684330377073,73
placebo|147,62.67776689553637,1.574546310065228,8.161237684316042,7.849778405567831,66.89307594686768,12.555056160304254,43.52671539824125,18.31432906458144,-27.868357382349505,0.2688987173423721,0.9761217136566168,1.2450204309989887,1.680616983389825,10.966744935349453,95.86011904761905,12.689501849165636,73
placebo|203,62.813572818636935,1.1475610695055427,8.266827529137846,6.657541642613374,66.21443530913828,12.652370950658174,41.33161877535461,16.19746993989872,-26.6891159045802,0.34713621554629237,0.9846690070272857,1.331805222573578,2.169601347164327,11.021867573619577,95.86011904761905,12.724215995893845,73
placebo|259,62.757277319887336,1.3246709953453895,8.19765946219315,7.438532583296464,65.50717080333955,12.561696702072739,45.2292892707546,20.062168460768103,-28.430552928568606,0.3141642410156788,0.9798683863333135,1.2940326273489922,1.9635265063479928,10.989342665927786,95.86011904761905,13.9798378421649,73
Unhedged,44.4681460646728,0.0,5.877671863054116,0.0,24.971493594519302,8.546296660432684,50.88512360565186,0.0,0.0,0.0,0.0,0.0,0.0,0.0,0.0,0.0,74
always|1,43.303883611350535,5.167839132383412,5.798962949784359,1.3391171726428786,26.573199824466208,8.688366848955742,39.873379782427044,-10.896822361683888,8.936584513695294,0.11492146154091464,0.6091029880945015,0.724024449635416,0.7182591346307163,5.824898452673687,100.0,2.9628704630402933,74
ratchet|-1|4|1|0,43.519927900922085,4.219238102595602,5.903105504521249,-0.43271625330099095,27.383033759789466,8.910031382953681,33.42139477518643,-17.31507952124761,12.218320848326055,0.1486493092178137,0.8019322717716072,0.950581580989421,0.9290581826113353,7.653118944295646,100.0,2.7684291478853984,74
placebo|35,43.46871866748703,4.444513000533923,5.8859175781273105,-0.1402887957224319,26.885113290556973,8.967389196275304,34.49958392532166,-16.228879640141468,11.946215566885353,0.15666004018873092,0.8100425095302723,0.966702549719003,0.9791252511795681,7.741411074160316,100.0,3.1537212785992725,74
placebo|91,43.562413657252314,4.032137405670477,5.962425762796783,-1.441963786297995,27.399819820750892,8.921515509314588,33.78003497468048,-16.95883743639076,11.880570991593537,0.14625119458062438,0.8010521638636666,0.9473033584442911,0.9140699661289026,7.646492613697631,100.0,2.3835266221487017,74
placebo|147,43.52345067815772,4.203731278015743,5.908202810322587,-0.5194394648055045,27.49208464004664,8.866277230259657,34.09600733915321,-16.657827939522853,12.58816372189253,0.13128832697578935,0.8098134982685191,0.9411018252443085,0.8205520435986833,7.726288467716712,100.0,2.94973325567434,74
placebo|203,43.540785137188735,4.127408874546035,5.950891410390266,-1.2457236307524155,27.224513389149763,8.920864029021438,34.12569147228649,-16.616378892991104,11.784672505361135,0.14305324037424738,0.7888605295544001,0.9319137699286475,0.8940827523390463,7.529008537065242,100.0,2.4578182536096596,74
placebo|259,43.54922661163372,4.090230652905946,5.9080794230995055,-0.5173402114623915,27.15690004221245,8.909598155857973,35.28001355294642,-15.472980098158441,11.434986035425004,0.1321299545469888,0.8007019023020678,0.9328318568490566,0.82581221591868,7.639421207575977,100.0,3.0431857185042546,74
Unhedged,51.66701087403316,0.0,6.52408024162108,0.0,44.637918057647674,9.628503180177344,56.8553369410088,0.0,0.0,0.0,0.0,0.0,0.0,0.0,0.0,0.0,75
always|1,51.85106605924087,-0.7137359610096095,6.575331508549144,-0.7855707629268682,43.52243413590622,9.141894458426,59.656159967062074,2.8990104983475686,-1.1121998005360358,0.09818747229430322,0.5357179570725785,0.6339054293668818,0.613671701839395,5.4671523354755935,81.38541666666667,3.1293396685020833,75
ratchet|-1|4|1|0,52.30779943452983,-2.4958369686091997,6.660617357659215,-2.0928178529608266,43.60384907708777,8.341967065582852,57.236420199438975,0.5189452752125914,-1.1088524275222056,0.13786201678241486,0.7961535908005177,0.9340156075829325,0.8616376048900928,8.117236227405995,88.9389880952381,4.5897350764090525,75
placebo|35,52.300011806367124,-2.4653199116169366,6.6979929169604215,-2.6657041130464076,43.561318481490154,8.311914397842795,57.077715506940926,0.3675192811063114,-1.1957220782185733,0.14514071517419966,0.8041577041043255,0.9492984192785251,0.9071294698387478,8.191060908435341,88.9389880952381,4.60517618471848,75
placebo|91,52.43001457379312,-2.9753515731188784,6.6695572262169325,-2.2298466482335133,43.469973274683014,8.315477817967718,58.799072397348574,2.077838022709796,-0.609259912240589,0.13410256637002263,0.8006976346406002,0.9348002010106228,0.8381410398126413,8.147401138607604,88.9389880952381,4.274449265303412,75
placebo|147,52.41301227871008,-2.908575569122074,6.656464748273135,-2.0291673576835034,43.48001990554272,8.333353015463986,58.06546967653496,1.3495760389972948,-0.4379528833516687,0.13944330347113928,0.8013382200438888,0.9407815235150278,0.8715206466946206,8.123867452616157,88.9389880952381,4.58609057050717,75
placebo|203,52.47102280599039,-3.136499290210093,6.6493381887318845,-1.9199326567399977,43.40303811320039,8.307837070733534,58.01812173723713,1.3202011765366244,-0.5430732695010922,0.15741638030829144,0.8029370399689331,0.9603534202772245,0.9838523769268213,8.18198352141682,88.9389880952381,4.550324992233181,75
placebo|259,52.38575079356285,-2.8015521072719984,6.652600834393377,-1.9699419383652828,43.4481405681462,8.30345785911734,57.704302025583665,0.9866699303862714,-0.21663242934174476,0.13770484581140272,0.7881625040029758,0.9258673498143785,0.8606552863212669,7.990872311077752,88.9389880952381,4.306064919591536,75
Unhedged,46.92719509475834,0.0,6.21326335458127,0.0,59.812739932874614,11.283676524302315,17.35657364437777,0.0,0.0,0.0,0.0,0.0,0.0,0.0,0.0,0.0,76
always|1,46.013508240765006,3.8561519425670876,5.995976711279248,3.4971420154242816,59.273586245233226,10.265957835297662,15.31491381023992,-1.9244605880269001,3.19403395352513,0.11719924611094758,0.5377577176069744,0.6549569637179219,0.7324952881934222,5.082084749367804,90.41220238095238,5.750678389132387,76
ratchet|-1|4|1|0,46.46225452452155,1.9717237455242231,6.15388902004439,0.9556062756152395,59.48405418139695,10.041859819179338,12.603863236138453,-4.528477479493462,2.0303997284593245,0.22423292874586828,0.8565896052665688,1.0808225340124369,1.401455804661677,8.154366708362074,98.51339285714286,8.10214129923057,76
placebo|35,46.31850593942249,2.57736062531152,6.0967540906435715,1.875170217141875,60.324397029583075,10.335485816668392,12.035071111133353,-5.099701438499111,3.2228599071713604,0.22180109474531629,0.852820805133113,1.0746218998784292,1.3862568421582269,8.100314563288972,98.51339285714286,8.693550644974248,76
placebo|91,46.37082415035924,2.357152451836564,6.113030199493799,1.6132127252189377,59.4306853626818,10.123115512793605,12.840123406889086,-4.300923578056205,2.464528237981862,0.21552665943249136,0.8626619698473551,1.0781886292798464,1.347041621453071,8.183705456125457,98.51339285714286,9.467472516370288,76
placebo|147,46.295669194456494,2.6734029075794585,6.112538923636912,1.6211196145434648,59.07088343315863,10.165792115323018,12.247365287043769,-4.91099557227796,2.690165188049957,0.19821278505605458,0.8513103919292944,1.0495231769853488,1.2388299066003412,8.099148615203486,98.51339285714286,8.721054059266912,76
placebo|203,46.280001188383366,2.7392689248504354,6.107517325703707,1.701940234025201,60.425868674192664,10.132217984268664,9.686142917633758,-7.45491001562969,3.1134088484426976,0.21552071111434182,0.8514872743145724,1.0670079854289143,1.3470044444646363,8.090144573352854,98.51339285714286,8.243831159117002,76
placebo|259,46.37436985185315,2.3422195437777793,6.10911278862756,1.6762618934688445,59.2602704668133,10.099372376578476,12.656918843622234,-4.4729532344396254,2.039685935650733,0.2267015663159227,0.8607967906644358,1.0874983569803585,1.4168847894745167,8.187921650379426,98.51339285714286,9.168442079823297,76
Unhedged,50.07321711529654,0.0,6.640742056087907,0.0,62.83998770039313,10.741802412578519,-18.299868617893058,0.0,0.0,0.0,0.0,0.0,0.0,0.0,0.0,0.0,77
always|1,48.88038510839899,4.707603775964742,6.519762678600941,1.821774983355351,57.90223778838279,9.860976310991509,-14.520749599397762,3.8701720453716733,-2.610760045940903,0.09105302687638568,0.6400578780029061,0.7311109048792921,0.5690814179774105,6.543455658260669,100.0,3.671991636482334,77
ratchet|-1|4|1|0,48.52533872540763,6.086903282289646,6.426907153712666,3.220045298690799,57.098502232915706,8.907075177311231,-15.294659517557202,3.128575885918414,-6.13702874562162,0.12336678558255769,0.8501308098719642,0.973497595454522,0.7710424098909858,8.666597860665647,100.0,7.374642289832865,77
placebo|35,48.573913368303366,5.898792144016252,6.4263552252021015,3.22835654622764,57.01934058066354,8.970124630650652,-14.997542422973831,3.4388566029457652,-6.185402969910441,0.1365304080265387,0.8608673458466957,0.9973977538732344,0.8533150501658667,8.751164598912036,100.0,7.272696456901048,77
placebo|91,48.593721028628096,5.822030579162019,6.462896286519064,2.678100851783627,57.70748237514176,9.060563505489036,-15.803080372607429,2.627380571685269,-5.936908929238023,0.13059232639963983,0.8519656288576327,0.9825579552572724,0.8162020399977491,8.673147681557783,100.0,6.736803878341094,77
placebo|147,48.51682037252777,6.119872230160861,6.447792705911549,2.905538997700885,57.70889097116753,9.002351351193541,-15.854750175774196,2.5782617968326798,-6.237428096112089,0.13314335471381522,0.8509652001918426,0.9841085549056579,0.832145966961345,8.664297496462419,100.0,7.253342646612877,77
placebo|203,48.53014480229521,6.068299561963197,6.4237407885330375,3.2677261926765233,56.56900103641176,8.49724140118428,-14.511695923496653,3.9134655314056053,-5.838202518091988,0.12529283700919755,0.85428650981926,0.9795793468284573,0.7830802313074846,8.69820517191617,100.0,7.323992065435488,77
placebo|259,48.585689245219555,5.853160302273153,6.4214056208934815,3.302890450222329,57.34167849190668,8.634645734859864,-15.466024663808952,2.9744502232596632,-5.691659499306351,0.14060626917555746,0.8589716384954426,0.9995779076710001,0.8787891823472341,8.724543218430442,100.0,7.051047022919256,77
Unhedged,49.39908659782618,0.0,7.56549167704677,0.0,43.07891898985178,11.252656317329206,34.18948086357138,0.0,0.0,0.0,0.0,0.0,0.0,0.0,0.0,0.0,78
always|1,48.64537612777341,3.0282364432909326,7.160197226620359,5.357146207113672,41.82991212164606,9.862178291619978,30.799367476664948,-3.280142451827418,4.373365520506084,0.10997093507902059,0.5093237879022381,0.6192947229812585,0.6873183442438786,4.944651657632495,91.72916666666666,4.53122222082336,78
ratchet|-1|4|1|0,48.983882278320046,1.6739556572000214,7.134902676431559,5.691487334809864,41.22960758565394,9.629971740137874,27.965513515594886,-6.070467170349566,3.9486989363481175,0.15350017762691562,0.7404391434951885,0.8939393211221041,0.9593761101682228,7.2138732694278,96.99851190476191,6.221791116254545,78
placebo|35,49.04792882962396,1.4166644539507112,7.136143451278568,5.675086882599034,42.59165526597673,9.450534323681774,28.532652333225457,-5.499141455172786,5.06548003040579,0.15768707517312822,0.7574718328159428,0.9151589079890706,0.9855442198320511,7.36203287828876,96.99851190476191,6.249553765642073,78
placebo|91,48.90994560832682,1.9705599005201524,7.106318634008811,6.069308679977292,40.76189691855574,9.649576327889344,29.337148145520345,-4.7051076461141355,4.0226166757297275,0.14722507193689896,0.765241098327674,0.9124661702645731,0.9201566996056184,7.455435098490999,96.99851190476191,6.829091835029806,78
placebo|147,48.85557363357209,2.1883925532221515,7.086191986571862,6.335340926077205,41.52076014014311,9.265898189910942,28.52278541308933,-5.520121369687776,5.2945365306525725,0.14657408079427323,0.7453137561385637,0.8918878369328367,0.9160880049642077,7.247758262108728,96.99851190476191,6.457270473386917,78
placebo|203,49.0123409970687,1.5596712856067452,7.178297219688583,5.11790209925036,41.92941028945316,9.651052989550347,26.524971921075856,-7.48516713229826,5.17984792335567,0.17934181019726336,0.7510707004751713,0.9304125106724346,1.1208863137328962,7.289286887684318,96.99851190476191,5.681855813480925,78
placebo|259,48.84202604114777,2.2426311167085933,7.119330268357225,5.897322047728515,41.12770356812646,9.4747489872234,27.950952655078538,-6.091419147829216,4.146222531752686,0.1471090606636322,0.7386673321042321,0.8857763927678641,0.9194316291477013,7.196200985054372,96.99851190476191,6.425948455918936,78
Unhedged,53.437808621676275,0.0,8.304384925878965,0.0,59.15463254986491,15.101621730970372,45.70137486804059,0.0,0.0,0.0,0.0,0.0,0.0,0.0,0.0,0.0,79
always|1,53.074043140107094,1.3568196988954062,8.285542679604891,0.2268951456640078,60.18641471242139,14.914013293581279,36.96138595222989,-8.566242124328708,1.9708964895773942,0.17374679148199657,0.5852367720953578,0.7589835635773543,1.0859174467624788,5.800223461526531,90.53720238095238,5.450396395359289,79
ratchet|-1|4|1|0,53.09989526300215,1.2606990135784923,8.124648724770974,2.164352961865701,59.129164724254615,14.870533694024878,34.88564589414,-10.562110985447644,0.1652624642317777,0.2536179884529171,0.795683057411536,1.0493010458644532,1.585112427830732,7.844833598577296,97.59523809523809,7.940106166037872,79
placebo|35,53.14926740517972,1.076998569344445,8.172119819096928,1.5927140656722072,59.78293413792295,14.865803551936946,35.538437510949635,-9.920036161143866,-0.3553356189412256,0.24290119594708998,0.7828624011230542,1.0257635970701442,1.5181324746693123,7.70931841264082,97.59523809523809,7.1720357038834965,79
placebo|91,53.08501219939982,1.3160413958729245,8.175067588226343,1.5572175279306988,59.365018713454056,14.863777796725994,35.08120341507932,-10.360156472866386,0.27213003557479354,0.2600149800948663,0.7892766782007002,1.0492916582955665,1.6250936255929145,7.775438305736156,97.59523809523809,7.2777645531345945,79
placebo|147,53.041565358522504,1.4775088812525983,8.138741501353445,1.9946501276611572,58.787654851678624,14.876271192829883,35.034233351613956,-10.426666940785271,0.3612505852959596,0.24047457564133912,0.7808656972066935,1.0213402728480325,1.5029660977583696,7.690288436743474,97.59523809523809,7.809830848483062,79
placebo|203,53.137572719540984,1.1205267752623205,8.138612964583473,1.9961979457249868,59.212381205919264,15.081036134267666,33.77266296704866,-11.651418889332438,0.6567314337598854,0.2772930116594789,0.786645857514692,1.063938869174171,1.7330813228717432,7.76287954892545,97.59523809523809,7.921111201835962,79
placebo|259,53.05634421921031,1.4225990003270628,8.170046758574575,1.6176775101760077,59.36478323046713,14.909475741083918,33.44511905512176,-11.99718864836873,0.1883488612351445,0.2590671645500964,0.7884842141915014,1.0475513787415978,1.6191697784381023,7.754397669496284,97.59523809523809,7.357415031351293,79
Unhedged,55.94104857657441,0.0,8.799243669372963,0.0,44.6090017597007,17.74404358380016,13.45033123050043,0.0,0.0,0.0,0.0,0.0,0.0,0.0,0.0,0.0,80
always|1,55.103269033964324,2.972794477886098,8.50285648797931,3.3683256485471658,44.763923376851814,17.74404358380016,8.939220239890897,-4.37511571106593,6.060235035026735,0.13599527954360782,0.7094239338193615,0.8454192133629692,0.8499704971475489,7.034772536707826,97.32886904761904,5.18766848744981,80
ratchet|-1|4|1|0,55.343565421665375,2.124709618630438,8.314729181727213,5.5063197003189295,44.6476944877774,17.01569213852044,14.789918489463572,1.5541682436876776,0.6440453486577805,0.2145809847245385,0.9245704463976243,1.1391514311221627,1.341131154528365,9.530174211578563,100.0,9.213012117869319,80
placebo|35,55.34672182454727,2.113545081038193,8.313751679110954,5.517428639370836,44.712297863707306,17.289971817706377,17.269766648924172,4.024730578009593,-0.9587206394724925,0.2052951595858564,0.9030248112709002,1.1083199708567566,1.2830947474116026,9.337818195310241,100.0,9.172382621304122,80
placebo|91,55.396963614390025,1.9357487193747969,8.323514200916254,5.406481356034643,44.55504293133315,17.101996065309425,15.174907179820082,1.949395607599396,0.7549192493540314,0.22481965827975026,0.9155499706806522,1.1403696289604028,1.4051228642484392,9.410841877577525,100.0,8.625605660428226,80
placebo|147,55.11728611050152,2.923424965989796,8.3116609828293,5.541188593751123,45.045474052743764,17.11976731151113,11.351628531418028,-1.8818666528901795,2.670653883025942,0.21683604619222663,0.926588171771127,1.1434242179633534,1.3552252887014167,9.490972213247355,100.0,8.299240476073573,80
placebo|203,55.13274763921873,2.8689533879231344,8.295850719939562,5.720866114726797,45.17453612550384,16.954676758730198,13.90847911259104,0.6716204651167471,2.142337792658803,0.2134725830261363,0.9360349204440487,1.149507503470185,1.3342036439133522,9.62784612822212,100.0,9.050341205273154,80
placebo|259,55.195776791586944,2.6467410998875285,8.302213379363051,5.648556952001405,45.17369668811314,17.128026413110334,13.883000955778797,0.6428104791145477,1.3432045999938536,0.2101407538361823,0.9277248623213359,1.1378656161575185,1.3133797114761394,9.553332906113512,100.0,8.428097194601525,80
Unhedged,49.38011168134108,0.0,7.868926341147399,0.0,60.49508850883034,17.638965249542707,-18.137567110783763,0.0,0.0,0.0,0.0,0.0,0.0,0.0,0.0,0.0,81
always|1,48.44604350944502,3.747394570672846,7.734312975415475,1.7106954608027913,59.488046997869674,17.474836272441895,-24.022074012213142,-5.7402603134456305,1.0093199844824172,0.14424658798375767,0.6871690957158532,0.8314156836996107,0.9015411748984853,6.149110569768525,98.0997023809524,6.6211846332668856,81
ratchet|-1|4|1|0,48.84128854803942,2.1704421680372565,7.7697235160883364,1.2606907315972804,59.70923643977615,18.077885980015022,-25.662397816161068,-7.301179531133954,-1.4237477286173343,0.2236511742433567,0.8693439602886455,1.0929951345320021,1.3978198390209795,7.7988241269415335,99.93005952380953,9.208993624886755,81
placebo|35,48.73253860425987,2.605611463717894,7.747441685503666,1.543853003280482,59.97461998220261,17.9966618022493,-25.206834332182193,-6.875773448701796,-1.0755456488898263,0.19349377269663107,0.8711785409897105,1.0646723136863412,1.209336079353944,7.821271747312472,99.93005952380953,9.273142458025045,81
placebo|91,48.72040751775686,2.6540945811400762,7.701780877376175,2.124120324995349,60.3098406505761,18.047292891759493,-27.964195561814492,-9.618688724127068,0.4993227985889052,0.20793972690367124,0.8691652398540185,1.0771049667576897,1.299623293147945,7.793105437733443,99.93005952380953,8.972122891325343,81
placebo|147,48.859749386315876,2.096473728021009,7.7442085755175,1.5849400569139527,60.121212847262264,18.128121830988363,-26.498614835459826,-8.141438428944646,-0.4605567963015159,0.21960929573143606,0.879866101842493,1.099475397573929,1.3725580983214754,7.907597342966597,99.93005952380953,9.138684923101057,81
placebo|203,48.88098263152454,2.011362309890752,7.795299776651652,0.9356621386928721,60.5413591030924,18.111347188780904,-26.340479657377212,-7.980686432299301,-0.6805321628944556,0.22222611429415945,0.8721927991476682,1.0944189134418276,1.3889132143384966,7.822769717647896,99.93005952380953,8.855169995458562,81
placebo|259,48.64760119777755,2.944818813643868,7.71485426180734,1.9579809577629503,59.35112579087969,17.65714280710825,-24.847160775476397,-6.51262014104792,-0.7086461849260862,0.19697352364471715,0.8642396611743705,1.0612131848190876,1.2310845227794822,7.750542241451108,99.93005952380953,9.203152386532452,81
Unhedged,40.970760465506,0.0,5.5750610481778065,0.0,39.2377097206198,10.286710660975565,36.719001236441315,0.0,0.0,0.0,0.0,0.0,0.0,0.0,0.0,0.0,82
always|1,40.6269054504363,1.6714948728708934,5.394491856980463,3.2388737923571664,40.32119363964616,10.09277464826925,26.11732193662457,-10.516952144692524,11.423331826430335,0.08472715512422305,0.5020898674944066,0.5868170226186297,0.529544719526394,4.410577655785251,95.61458333333334,3.122223586042487,82
ratchet|-1|4|1|0,40.65569708450586,1.5320778307662541,5.387385046472672,3.3663488181259638,40.49051146883793,10.065583423944593,21.739995224954345,-14.869905451134832,14.261049758024487,0.1091005603521425,0.6735607152435258,0.7826612755956682,0.6818785022008907,5.9363620807421436,99.61309523809526,3.7913173834749827,82
placebo|35,40.56503498064743,1.970754606098657,5.3829899405461905,3.4451839355982283,40.312740956748335,10.066540468030981,22.875520333755926,-13.735263899846307,13.982457838498975,0.10821700283908522,0.6715282389742432,0.7797452418133283,0.6763562677442828,5.921066597473716,99.61309523809526,4.280482055442455,82
placebo|91,40.644611027060414,1.5857712753523434,5.376589190084044,3.5599943458669903,40.43077817610825,10.065943833603871,22.692523056855496,-13.913085961920714,14.245946767388876,0.11339221766512027,0.6751524173274516,0.7885446349925717,0.7087013604070018,5.950229364939992,99.61309523809526,4.045598520386346,82
placebo|147,40.65680678408503,1.5267023822612913,5.378191815167674,3.5312480223777865,40.365171455119196,10.066197977976108,21.627316421333983,-14.980616020754699,14.75097044736491,0.11106879435263596,0.6753436072577884,0.7864124016104244,0.6941799647039748,5.951627824547334,99.61309523809526,3.83247300337759,82
placebo|203,40.595740639578985,1.8222921776144485,5.384891260336112,3.411079918198401,40.37698178851553,10.065690392125989,21.652156365822968,-14.967417581327624,14.688409812443613,0.09942728929071483,0.6744957204345906,0.7739230097253054,0.6214205580669676,5.941469952342111,99.61309523809526,4.032404569496272,82
placebo|259,40.62012992280463,1.704289492162625,5.390806301558835,3.304981685881181,40.490381891479345,10.06584936204253,21.585079465095287,-15.02942518357467,14.57098052940137,0.10449658777135207,0.6651716418279722,0.7696682295993242,0.6531036735709506,5.867249189375877,99.61309523809526,3.692637710915108,82
Unhedged,44.80273904280923,0.0,6.233277873014154,0.0,38.34137686158522,9.181282954164956,6.606025464842824,0.0,0.0,0.0,0.0,0.0,0.0,0.0,0.0,0.0,83
always|1,44.19319189582035,2.7025162989620766,6.146764070270513,1.3879343181247616,40.30906358745502,9.624890701712205,-2.1140042175686884,-8.622393623459295,8.459738143145918,0.09763605895221128,0.5020287863498917,0.599664845302103,0.6102253684513204,4.28167314292078,96.05357142857143,2.3823807695840653,83
ratchet|-1|4|1|0,44.23594175025563,2.514185703684768,6.168158030016012,1.0447126588093658,41.41671611080309,9.788381385995711,-5.021789311609047,-11.478316825924747,11.192140116391709,0.14949795052710815,0.705077752594431,0.8545757031215392,0.9343621907944258,6.03934915515026,100.0,3.277519929038507,83
placebo|35,44.169449614384604,2.8070321130182596,6.160985145125201,1.1597867023052322,41.624646270181245,9.785539949836398,-4.6980583168759695,-11.158629866685,11.010926386203916,0.1454539150337836,0.7122126631581395,0.857666578191923,0.9090869689611475,6.097248698896447,100.0,3.6932310742886685,83
placebo|91,44.25056671638322,2.4497149427017972,6.189242491136648,0.7064562622524528,41.81360362964679,9.741528624329067,-4.447532630984814,-10.911050672011083,10.733069032384684,0.14250742381654033,0.7113568026631316,0.8538642264796722,0.8906713988533772,6.0910959790222385,100.0,3.41662291249882,83
placebo|147,44.24756911827616,2.462930893012316,6.168841016193666,1.0337555638174734,41.60243887822974,9.789542312064437,-4.692683364200984,-11.155818860714312,10.485086732915342,0.14288996832948755,0.706605986413167,0.8494959547426544,0.8930623020592974,6.051318943551537,100.0,3.6065989515945693,83
placebo|203,44.231953197541785,2.531764611893683,6.181931541780709,0.8237452633988895,41.17972769660167,9.78882298908871,-6.062601507223887,-12.528139573115574,11.239410931522555,0.14048739895113335,0.6867816303092827,0.827269029260416,0.8780462434445835,5.878623455440625,100.0,2.9627624012431495,83
placebo|259,44.25002016756274,2.4521246593645407,6.160717886136532,1.1640743178120805,41.53420836444407,9.788822448224979,-5.179937230091504,-11.636872644843585,11.11982661422792,0.14909005009073667,0.7035033496554863,0.852593399746223,0.931812813067104,6.02062345993891,100.0,3.3013985048724477,83
Unhedged,52.900587826006415,0.0,6.987436387056014,0.0,57.95581791553248,10.517394250861155,24.46363366878768,0.0,0.0,0.0,0.0,0.0,0.0,0.0,0.0,0.0,84
always|1,51.210672608219724,6.286973436167154,6.455939099607049,7.6064704994459165,58.239235572393824,8.315891750194258,23.321857138669916,-1.007480791381482,-3.8281704102272376,0.13429573873629486,0.5814309925894614,0.7157267313257561,0.8393483671018427,6.210741907466604,96.32440476190474,7.688611122468676,84
ratchet|-1|4|1|0,51.30995142863559,5.923270461002761,6.442748546376908,7.795245788399885,59.40473320016929,8.315891750194258,21.736447405555275,-2.5426973241244073,-4.237562145506419,0.1844889391080009,0.7269292250197898,0.9114181641277909,1.1530558694250057,7.760298943777408,99.50744047619048,8.767362967975153,84
placebo|35,51.285010644713644,6.014706023148397,6.409504581641825,8.271013479060619,59.33314502086711,8.315891750194258,22.77440228576732,-1.524714734683423,-4.513399724422001,0.16451664833695062,0.7310147456166242,0.8955313939535746,1.0282290521059414,7.796798832917484,99.50744047619048,8.863445294306318,84
placebo|91,51.337212348059296,5.823278184200786,6.434124427151461,7.918669011850243,59.181391826393906,8.315891750194258,22.686647668755406,-1.587443640434036,-4.530765956389637,0.18954235959825158,0.7303808546596299,0.9199232142578815,1.1846397474890724,7.7991211468886465,99.50744047619048,9.002129518426841,84
placebo|147,51.38861091385552,5.6346052361415655,6.486124304825055,7.174477941003099,59.46161682702786,8.383547584445626,22.12112188172598,-2.147127407971626,-4.782292890196635,0.19538437909008938,0.7313530282418713,0.9267374073319607,1.2211523693130588,7.812342682937541,99.50744047619048,9.023704154515343,84
placebo|203,51.30705446215857,5.933893329682771,6.445354918256621,7.757944956802465,59.200109175206116,8.315891750194258,22.078393756524047,-2.1927160370821706,-4.529359980000577,0.19252387518146566,0.7310323250150094,0.923556200196475,1.2032742198841606,7.800218452496102,99.50744047619048,9.05088777461625,84
placebo|259,51.2960522672869,5.9742317464005374,6.40627309742097,8.31726054367563,59.35394333106437,8.315891750194258,22.727076231659304,-1.5625719158992872,-4.593620754854825,0.17398552122909516,0.7315346632024765,0.9055201844315717,1.0874095076818444,7.805976444117959,99.50744047619048,8.950253157997807,84
Unhedged,59.24214954662408,0.0,10.192184095281903,0.0,84.65787971411365,17.69331309691095,-10.23819909895286,0.0,0.0,0.0,0.0,0.0,0.0,0.0,0.0,0.0,85
always|1,58.86451566218831,1.270819139025181,10.065655337001836,1.2414292863748289,84.33671671312794,17.229668228219783,-9.746576295125909,0.665605170532389,-3.9461331357765674,0.1739823667054355,0.5507542093922565,0.7247365760976919,1.087389791908972,5.878270825140295,84.11458333333333,2.901655194468453,85
ratchet|-1|4|1|0,59.320955322701444,-0.26622326045040445,10.158456109639188,0.3309200984539462,83.34644706436309,17.25155668695931,-7.297187781968873,3.1420305379510274,-4.239836210991413,0.20101922096704755,0.6836405554196359,0.8846597763866835,1.2563701310440472,7.2040558166703335,89.90773809523812,2.714601734174612,85
placebo|35,59.24649543000707,-0.01467213063279793,10.100306338465073,0.901453073825087,83.38629860191827,17.252071015918432,-6.506219577465934,3.938198358791951,-4.866079629958365,0.20621883730503093,0.6873674721516831,0.893586309456714,1.2888677331564435,7.27502224809532,89.90773809523812,3.167189731296425,85
placebo|91,59.1713234413367,0.23896421132610923,10.084502627385088,1.0565102326464348,83.27676065905703,17.296615599479516,-7.54587866825393,2.8843313674988553,-3.5807579868377557,0.1920109367999294,0.6944050214721357,0.886415958272065,1.200068354999559,7.31293840528865,89.90773809523812,3.270364496491863,85
placebo|147,59.30163652657086,-0.20092736949397505,10.116338680879098,0.744152712448698,83.80860095558758,17.272421877931222,-8.556853330530803,1.8993964524385594,-3.3963307158975042,0.21805068401649508,0.6850471910291209,0.9030978750456161,1.3628167751030942,7.220886974022451,89.90773809523812,2.905877872567181,85
placebo|203,59.26903738644676,-0.09079326706034063,10.102692322111299,0.8780431390758792,83.50510217297683,17.282769662403872,-7.587859415202888,2.8416924972063873,-4.693601541886057,0.19135281345638913,0.677472470275425,0.868825283731814,1.195955084102432,7.1722500080221945,89.90773809523812,3.1067298796096305,85
placebo|259,59.335333623322406,-0.3148345010451692,10.115774878639124,0.749684424147623,83.39032882059738,17.290164996585283,-7.517959371971659,2.919173034359675,-3.6728303330060967,0.1989333073784786,0.6921884095067208,0.8911217168851996,1.2433331711154918,7.290616080505929,89.90773809523812,2.9850990281202825,85
Unhedged,51.71060591001672,0.0,6.384606877414595,0.0,32.78540109629634,8.222750332046857,58.523895711525284,0.0,0.0,0.0,0.0,0.0,0.0,0.0,0.0,0.0,86
always|1,51.090369743732495,2.3844876084715305,6.304100234175497,1.260949104382425,32.148595057586306,8.222750332046857,58.514657690956376,0.08179223339060945,1.9793216194582666,0.09103025395952914,0.45277177988774603,0.5438020338472752,0.5689390872470571,4.656509575988902,71.97321428571429,0.721309504559597,86
ratchet|-1|4|1|0,51.24068314157936,1.8092518416407688,6.320654024941247,1.0016725179991859,32.07336340812793,8.222750332046857,58.90274812628652,0.5392181119514375,0.6430336084123387,0.16036569719021457,0.6467507610050737,0.8071164581952882,1.0022856074388409,6.701940729523946,83.56994047619048,1.4106824695768971,86
placebo|35,51.122755228119566,2.2606941174934447,6.299110632430972,1.3390995972839548,31.864306547395984,8.222750332046857,58.68704857663868,0.3118328884763135,0.888351177583278,0.14868002336294156,0.6410957282101911,0.7897757515731326,0.9292501460183846,6.645754610974909,83.56994047619048,1.46727073926863,86
placebo|91,51.13390811309589,2.218044063280755,6.316737192449175,1.0630205785340907,31.99322398730713,8.222750332046857,57.76206316869894,-0.608147839208149,0.9600716951510949,0.15368470361821487,0.6474183788094087,0.8011030824276236,0.960529397613843,6.69340835586086,83.56994047619048,1.3443088806456602,86
placebo|147,51.21535342978658,1.9063047483016904,6.334599774399306,0.7832448258041969,31.6594113792948,8.222750332046857,58.36305504525148,-0.01691489124241542,0.8870553635381989,0.14392577503141052,0.6402892990632315,0.7842150740946421,0.8995360939463157,6.6361439419511665,83.56994047619048,1.160972408307301,86
placebo|203,51.17168128956582,2.0735255063828895,6.319050649050836,1.0267856678171094,31.9152502683842,8.222750332046857,59.246520988832856,0.8774558056775734,0.5695661156757883,0.15483052837000855,0.656467786891141,0.8112983152611496,0.9676908023125534,6.809083220729731,83.56994047619048,1.34040585595031,86
placebo|259,51.21287355697991,1.915804009038491,6.32944985458999,0.8639063278856107,31.87891473377412,8.222750332046857,59.38174958198515,0.9976854970402006,0.8963970734974471,0.13983162658034226,0.6394679196398424,0.7792995462201847,0.8739476661271393,6.624990058129175,83.56994047619048,1.1254275688839568,86
Unhedged,46.91707914562303,0.0,6.864265913289709,0.0,55.77418263524645,9.67259104972753,8.762930641361617,0.0,0.0,0.0,0.0,0.0,0.0,0.0,0.0,0.0,87
always|1,45.48192375479146,6.024267908316549,6.433567548005466,6.2745000080836055,52.76260384685671,9.99037106883072,2.0708069042146264,-6.553695240744787,4.839810480207793,0.13842849640221574,0.5694856301822886,0.7079141265845044,0.8651781025138484,5.380485762572034,92.99404761904762,5.4460108136433485,87
ratchet|-1|4|1|0,45.55894762294274,5.70570163354982,6.44565490468377,6.098408976194792,54.408890100479354,11.567360158691635,-1.7769262863360322,-10.356289128352019,4.107798165532149,0.18356779934564182,0.8158641327302968,0.9994319320759385,1.1472987459102613,7.823599601256859,99.22767857142857,7.061018268202128,87
placebo|35,45.52150030378149,5.860648913226429,6.4499858578298275,6.0353147837382775,55.3398730310962,11.078203031401614,-3.3639615128174007,-11.929312322238582,4.863555134787566,0.19757983194043702,0.8443618708367918,1.0419417027772286,1.2348739496277312,8.075223321680305,99.22767857142857,7.371110111746232,87
placebo|91,45.33287937114772,6.639176168731719,6.322008942826428,7.8997081015383275,53.690302228233364,11.071364443244327,-0.32162980384670653,-8.89378418443507,3.8339293187636407,0.1907762607732615,0.8246695799171464,1.015445840690408,1.1923516298328845,7.898605741197294,99.22767857142857,8.422156787165926,87
placebo|147,45.548153059934954,5.750379801658689,6.389209328666208,6.920719427604894,54.43795244443764,10.989549536719739,-0.9954503877248055,-9.571698607230338,5.045193946734679,0.1866824218560936,0.8198685667948089,1.0065509886509025,1.166765136600585,7.829639307299306,99.22767857142857,7.788756896191998,87
placebo|203,45.45183017314395,6.148586781557719,6.418097164755762,6.49987564832144,54.9119259959353,11.271586613981942,-2.126938807079673,-10.703244899438799,4.523512716847467,0.18662454900249906,0.8339616297181741,1.0205861787206731,1.1664034312656193,7.983495601013338,99.22767857142857,7.825824668142517,87
placebo|259,45.513988997193955,5.891713407353283,6.470783633165714,5.732328629084515,55.38640068600329,11.124123747419096,-1.6497129702109221,-10.216901447370173,4.983573330840847,0.19574216420237325,0.8239910475099564,1.0197332117123294,1.223388526264833,7.876869480857575,99.22767857142857,7.2043742118268375,87
Unhedged,52.07625964366755,0.0,7.385416329835112,0.0,42.11746339663278,13.789387414263416,60.597529133088116,0.0,0.0,0.0,0.0,0.0,0.0,0.0,0.0,0.0,88
always|1,51.08251161505296,3.7800963825667444,7.184720463896026,2.71746177840142,46.83417727128639,13.34089145504795,55.56080411664966,-4.895561590610425,3.6773989189513547,0.14116342582800903,0.503998144106955,0.6451615699349639,0.8822714114250565,4.619161500632681,95.02976190476191,3.412317080988645,88
ratchet|-1|4|1|0,51.064675754792056,3.8472765228842354,7.1812122449640485,2.7649637576440234,47.80027215952093,13.335135923223392,54.955779182574446,-5.457028932673907,3.3760426282160774,0.18472101783972963,0.6831734109933246,0.8678944288330542,1.1545063614983102,6.27095085819436,98.0907738095238,4.5728787881741075,88
placebo|35,50.97959850556916,4.1674036768015394,7.155176889035483,3.1174876339675417,47.55713715649084,13.336509058373933,55.652777909753816,-4.7505673164538,3.3449309241550944,0.19418390688048698,0.6888366890911541,0.8830205959716412,1.2136494180030437,6.317611324193054,98.0907738095238,4.496776438024258,88
placebo|91,50.94518876593156,4.296728422449647,7.1357927761983495,3.37995236136317,47.903200541471016,13.33573601678442,55.16934582856528,-5.2597084768952564,3.5150898193631486,0.1684748276275539,0.6816781775585821,0.8501530051861362,1.0529676726722117,6.258615532382648,98.0907738095238,4.815829549002274,88
placebo|147,51.0442855215688,3.924049164504251,7.18162833883462,2.7593297642171333,48.59896135996276,13.335228670098568,55.08203192257347,-5.349803647395095,4.456595737411896,0.16569356311954062,0.6968298924679984,0.8625234555875391,1.035584769497129,6.3750798669554225,98.0907738095238,4.312450609281415,88
placebo|203,51.04465892205988,3.9226435247515568,7.17323301659019,2.8730040903416354,47.50513217865257,13.336633816700338,56.3068853280798,-4.111156058435081,3.1004713752776927,0.17948774657321392,0.6870303698145838,0.8665181163877979,1.1217984160825871,6.307684431252661,98.0907738095238,4.475179757653017,88
placebo|259,51.02755438267966,3.9870218015684578,7.169004866054636,2.930254086099815,47.77976175821824,13.335135923223392,56.124341559191606,-4.286165219490985,3.734701833525227,0.18702235440550644,0.682679211570699,0.8697015659762055,1.1688897150344153,6.268710099338443,98.0907738095238,4.420776967290547,88
Unhedged,55.08923563003199,0.0,7.3322186966541425,0.0,74.68630449369753,9.885783884824244,-38.60482052474406,0.0,0.0,0.0,0.0,0.0,0.0,0.0,0.0,0.0,89
always|1,53.824929871677234,4.537357420088584,7.234273589533145,1.3358181359987564,72.69923172132673,10.542171201630898,-44.28867605185661,-5.524137512156063,-1.4205394853097615,0.1597180149564798,0.8189947446657457,0.9787127596222254,0.9982375934779988,8.419568512321108,96.18154761904762,6.1958803497117865,89
ratchet|-1|4|1|0,54.227675092087814,3.1034135772231464,7.329282237238408,0.040048715637397425,73.67432359007768,10.673264666905395,-50.40126297756374,-11.533068334788501,1.1221857131958235,0.26337411803116817,1.118180651637515,1.3815547696686832,1.6460882376948014,11.44499319450947,98.86607142857143,6.747103271275326,89
placebo|35,54.160831936836296,3.342143404184972,7.295000903508564,0.5075925130624159,73.825300285143,10.73841299786975,-50.79242299620082,-11.919443771372089,1.1018389833588158,0.268158700084647,1.1026593195233716,1.3708180196080184,1.6759918755290433,11.27929169973214,98.86607142857143,6.680218726086309,89
placebo|91,54.1700347749167,3.3092930160200207,7.292148057860218,0.5465008676324712,73.95816861754703,10.7361232400829,-50.51024197806633,-11.648672412539877,2.685888950500574,0.2567490407823721,1.1036148497889295,1.3603638905713016,1.6046815048898262,11.289289626294861,98.86607142857143,6.80359846774829,89
placebo|147,54.18667084669352,3.2498948432716057,7.325647043196873,0.08962707918502844,74.32215132191048,10.736473653406037,-51.76009701401243,-12.904701121893405,2.211177593980726,0.2505753673749542,1.099433949707216,1.3500093170821703,1.5660960460934643,11.271409160699635,98.86607142857143,6.8301606182001136,89
placebo|203,54.25727556045739,2.997601659467608,7.3556144236098495,-0.3190811393334769,74.40034166994126,10.692812423340724,-51.51144698502792,-12.661924122864471,1.7754781821480408,0.24470233741937275,1.126817573781694,1.3715199112010665,1.5293896088710797,11.506871660391969,98.86607142857143,6.615662828361837,89
placebo|259,54.20450957773772,3.1861823778981835,7.343312573550646,-0.1513031369558826,74.23498246554458,10.704027807035896,-51.46622064822083,-12.620956257830834,1.3669605845477888,0.24044386564592773,1.107455331293756,1.347899196939684,1.5027741602870488,11.3495959575135,98.86607142857143,6.795148577256106,89
Unhedged,40.55742369452962,0.0,5.184999335751779,0.0,22.750403841346557,8.650076105636035,51.26943261106321,0.0,0.0,0.0,0.0,0.0,0.0,0.0,0.0,0.0,90
always|1,40.76136713063356,-1.008230717571612,5.245820457818474,-1.1730208265856357,21.8712003057736,8.211816566406831,40.25282451461468,-10.896396259587647,8.537619466268083,0.12021183686088709,0.5120610860227429,0.6322729228836299,0.7513239803805443,4.495427665766286,92.33482142857142,2.271498336127936,90
ratchet|-1|4|1|0,41.50566596586877,-4.730711418818934,5.3863704679170095,-3.883725322329945,23.988561705221535,8.042582829845907,37.53874213584792,-13.56472456329819,10.702323368236277,0.16596591191709084,0.7102495433324584,0.8762154552495491,1.0372869494818175,6.2441227959207275,99.6875,3.6032311099610332,90
placebo|35,41.26104175147123,-3.4998351328868527,5.33328999102339,-2.8599937178219736,23.668150622681594,8.04375654171456,38.3428660605696,-12.753142390488936,10.844298606986536,0.1734241600046728,0.7004823553400576,0.8739065153447306,1.083901000029205,6.179460492559843,99.6875,3.990345068946835,90
placebo|91,41.08053127374779,-2.596225493030535,5.276974981409228,-1.7738796034795223,23.656018528833435,8.042656968625643,37.29903602327225,-13.810463297576906,11.482603513505827,0.15993329021405264,0.6940719662714016,0.8540052564854541,0.999583063837829,6.100563987421616,99.6875,3.786392348828102,90
placebo|147,41.41257840634578,-4.261464939114279,5.387839436939683,-3.9120564546513137,23.697694920607226,8.04468610602827,37.51876975257608,-13.590411788535064,10.834400793053247,0.16025106995205105,0.6955980196002444,0.8558490895522955,1.001569187200319,6.119761421750852,99.6875,3.4662559038768372,90
placebo|203,41.70203669136386,-5.724055152632923,5.3711952808678385,-3.5910505105024138,23.687139211272534,8.043003667266932,38.81664957133622,-12.29280479224791,10.909459455193904,0.1599782474790711,0.7068623276484283,0.8668405751274991,0.9998640467441944,6.2234349780911495,99.6875,3.992807501401669,90
placebo|259,41.65134987697402,-5.46720636086937,5.327172464597632,-2.742008622171599,23.932790184976692,8.042538024331296,37.85054067326554,-13.251806490999492,11.000975888856695,0.1670854467981768,0.7092617725193325,0.8763472193175093,1.0442840424886048,6.233419176316306,99.6875,3.7046140432722816,90
Unhedged,65.89068019452617,0.0,9.952012881483697,0.0,70.38309174380117,23.98346243857952,-28.052709915938575,0.0,0.0,0.0,0.0,0.0,0.0,0.0,0.0,0.0,91
always|1,63.493700504417525,7.143289049369816,9.019495922137587,9.370134167341282,57.06750214141779,20.128403149253167,-8.973313390929135,19.289662442761692,-29.261928808255117,0.210265917752253,0.9212089048469175,1.1314748225991704,1.314161985951581,10.398899256118003,98.77529761904762,11.565473287376642,91
ratchet|-1|4|1|0,63.28514038475414,7.752306956469324,8.876641632743471,10.805565281582542,56.790391663490425,17.943086905025066,-4.698879795024661,23.57726277331851,-37.552191905533746,0.22343265240458876,1.1838553520142459,1.4072880044188345,1.3964540775286798,13.409178104649131,100.0,14.309280260970219,91
placebo|35,63.381887368105176,7.470044556060939,8.87038989050519,10.86838415363115,56.13996955518829,17.943086905025066,-3.9846696022012225,24.29162842799043,-37.17975033218897,0.22358811425306774,1.1513319757089395,1.3749200899620073,1.3974257140816728,13.023786625746467,100.0,14.554785204610827,91
placebo|91,63.25157130559801,7.850145052091994,8.857300329773896,10.999910919996669,55.55889967551821,17.950440727530815,-2.810184933238656,25.44261793585449,-38.23951667139652,0.20009295315455755,1.1692121606679555,1.3693051138225132,1.250580957215985,13.238131040660402,100.0,14.46504381452572,91
placebo|147,63.15028763972358,8.145024762399,8.835172427502485,11.222256917082152,55.31533211948258,17.943086905025066,-2.686220480596748,25.5830701765941,-37.88611609745006,0.2165807412522709,1.15966840605878,1.3762491473110512,1.353629632826693,13.125438070192285,100.0,14.81831309936478,91
placebo|203,63.313393184966884,7.669923085952679,8.88669846093762,10.704512074418194,55.38675612843262,17.943086905025066,-3.0543933616590224,25.2203787735776,-38.07041314870376,0.22206221929804246,1.1701491939303381,1.3922114132283807,1.3878888706127654,13.235944400799978,100.0,14.488959653602773,91
placebo|259,63.08548438895022,8.333446606967154,8.815218269452672,11.42276065725456,55.796646388863,17.503118609552025,-3.3114315942445973,24.96494289550677,-38.413567488664185,0.2236645738127679,1.1612769850279618,1.3849415588407297,1.397903586329799,13.159492613676111,100.0,14.876252097606068,91
Unhedged,54.1636688179526,0.0,8.799938109279834,0.0,46.956626574074065,20.876688137237142,14.862975020736869,0.0,0.0,0.0,0.0,0.0,0.0,0.0,0.0,0.0,92
always|1,53.4451718796278,2.6354618056266044,8.204168754537413,6.770153918629984,42.595229369741475,18.834000070531985,14.5645101599673,-0.14722303791512975,-6.352922322875302,0.15124182285444912,0.8082908523867318,0.9595326752411808,0.9452613928403071,7.742984988431465,95.60714285714286,7.539613842416422,92
ratchet|-1|4|1|0,53.34055936385992,3.016247587896248,7.994678656953204,9.150739952107811,41.94652658310921,15.57034604705733,14.511130953090948,-0.163469914556719,-9.93776519561977,0.18837415308920769,1.0550879366140724,1.2434620897032802,1.1773384568075485,10.18766580645937,98.22916666666669,11.72447452760943,92
placebo|35,53.39133755222949,2.8315099941442545,8.048987440517308,8.533590343898245,42.04639299383025,16.31069793510311,13.784489222556068,-0.8965629681422322,-8.83826336687857,0.18192283003858067,1.0671296321627812,1.2490524622013621,1.137017687741129,10.268351578222658,98.22916666666669,11.12687355407928,92
placebo|91,53.490616723410994,2.4698117662373065,8.03810166060382,8.657293258376807,42.200973454677204,15.922045144259734,13.46444129752959,-1.2065544509558068,-8.36081756871076,0.19197927225147585,1.0811799788416812,1.2731592510931569,1.199870451571724,10.415068695203708,98.22916666666669,11.03605742526255,92
placebo|147,53.29205770167342,3.19253875084059,8.026083101542616,8.793868753703627,41.97190963501326,15.549410287170703,13.67115041765931,-0.9840576782927923,-9.723271128698434,0.20776692478477876,1.0587132972204656,1.2664802220052445,1.2985432799048673,10.224376735129873,98.22916666666669,11.825693559632633,92
placebo|203,53.259904713274906,3.309318260839389,7.991154173772376,9.190791179026226,41.73496814397855,15.588623188620598,14.34882291144917,-0.3121761925568166,-8.690240351275898,0.20197591673088733,1.0544478275833478,1.2564237443142352,1.2623494795680457,10.163113647189212,98.22916666666669,11.66806523315014,92
placebo|259,53.50025295217255,2.4346688602026267,8.098660264626155,7.969122463647304,42.777544135350624,15.73304170608673,12.30590834308165,-2.3570758444996813,-7.405482067879673,0.199990833155543,1.084493111637115,1.2844839447926581,1.2499427072221436,10.428008994470291,98.22916666666669,11.10678688386713,92
Unhedged,51.57778004269425,0.0,7.808402629259358,0.0,53.863253014625,15.871422547533095,-9.759988611968016,0.0,0.0,0.0,0.0,0.0,0.0,0.0,0.0,0.0,93
always|1,51.12666533791148,1.7416100975390036,7.571802866629208,3.0300661206118074,49.84911801652303,15.067958943891322,-0.320034219723693,9.584900713990137,-8.444508610156731,0.14494632174581643,0.6719951062824325,0.8169414280282491,0.9059145109113528,6.615362330958464,98.19494047619047,4.007616033837483,93
ratchet|-1|4|1|0,51.37462058237146,0.7862275121687023,7.503911202151382,3.8995354308062447,51.04136095787069,14.402007525386425,0.20488009360082424,10.17643333788771,-11.354728737388495,0.21156463231886974,0.9328150048482117,1.1443796371670816,1.3222789519929359,9.13629631310505,100.0,5.723590462765675,93
placebo|35,51.299341650954275,1.0767692140420282,7.505722439592343,3.87633942610518,51.15173075784302,14.446053478112264,-0.9877168521852258,8.96859778833695,-10.416528961915342,0.1963260285541523,0.9288831585254957,1.1252091870796481,1.2270376784634516,9.093062312726362,100.0,5.473477362695507,93
placebo|91,51.2991372532381,1.0775575143015526,7.481440632843027,4.1873096450117835,51.40230762515039,14.428480639236001,-1.164693333489498,8.78276561739646,-11.021860728466306,0.18747033891792905,0.9279137774992627,1.115384116417192,1.1716896182370562,9.093242510067496,100.0,5.664702317759061,93
placebo|147,51.38885320508353,0.7312483114228163,7.477724409215431,4.234902268036511,50.81264621371627,14.402007525386425,0.2655154837432319,10.198833259281914,-11.257187213772104,0.1733291635706606,0.9252197455019203,1.0985489090725808,1.083307272316629,9.06809162584293,100.0,5.555655096072774,93
placebo|203,51.35614992428461,0.8575551140937332,7.494732800516246,4.017080619891955,52.110717969411645,14.443403352849614,-1.3666481294657926,8.585892690952887,-10.177908846313462,0.19255220845066237,0.9219461240103832,1.1144983324610458,1.2034513028166398,9.014569320302279,100.0,5.600027454728998,93
placebo|259,51.33369806121309,0.944222281871332,7.481408906464571,4.187715955751159,51.11032000588899,14.46470516719716,-0.09170964992467243,9.879424661156621,-11.114021481069788,0.21114569911326858,0.9201170928570093,1.1312627919702778,1.3196606194579286,9.029005382790519,100.0,5.630323368957574,93
Unhedged,48.58503373175449,0.0,6.741311185132498,0.0,47.03184998522395,13.857650185933087,34.337976800923244,0.0,0.0,0.0,0.0,0.0,0.0,0.0,0.0,0.0,94
always|1,46.41072269400378,8.75025800610809,6.405422920245009,4.9825361218788995,36.99263454565415,11.923726419585622,37.67642098544126,3.4806991313982967,-6.687035554942027,0.1422549468802658,0.6476687874361434,0.7899237343164092,0.8890934180016613,6.303328519694781,95.84523809523809,5.564642337488321,94
ratchet|-1|4|1|0,46.49021190185027,8.437417316233509,6.352861161001715,5.762232501408382,36.77760832556949,11.923726419585622,37.67298487492069,3.509269240677955,-9.192567590554999,0.17426116668050443,0.8531629432675237,1.0274241099480284,1.089132291753153,8.251923055744628,99.39583333333334,7.158799678748558,94
placebo|35,46.51257727599083,8.349298810528506,6.422792546320161,4.724876660712662,37.25809614517416,11.923726419585622,35.5252893347071,1.3633502079789996,-8.968107549764506,0.17603767419513433,0.8426166343008592,1.0186543084959936,1.1002354637195895,8.137015562131833,99.39583333333334,6.902584553551437,94
placebo|91,46.41525896415733,8.732419296154426,6.35401658774202,5.74509300571423,36.799452656131784,11.923726419585622,37.53537732684403,3.369812255855682,-9.669633755696655,0.17241172993488138,0.8389101532314237,1.0113218831663051,1.0775733120930087,8.108816861687059,99.39583333333334,7.207297702763133,94
placebo|147,46.488064251695825,8.445876724987777,6.353034283767565,5.759664413968169,36.51457605137386,11.923726419585622,36.98991728713575,2.820120239263592,-9.575548845220608,0.1681797530510665,0.849685348251286,1.0178651013023525,1.0511234565691658,8.225266800375413,99.39583333333334,7.015196640858629,94
placebo|203,46.442117573921266,8.626763112033265,6.344970130340158,5.879287336066663,37.11083133778954,11.923726419585622,36.72357799369226,2.5557457497347142,-9.347923959071515,0.17014455696567127,0.8401440972262076,1.0102886541918787,1.0634034810354454,8.131696459168058,99.39583333333334,7.073986399868723,94
placebo|259,46.40318210056561,8.779907245250273,6.335204989222766,6.024142555611012,36.39949612625543,11.923726419585622,37.54633875132709,3.3590339051545146,-9.512359071534647,0.1506719547506447,0.8435422270776561,0.9942141818283008,0.9416997171915293,8.169856862646705,99.39583333333334,7.138531452049031,94
Unhedged,67.1513372738858,0.0,9.558603216285672,0.0,64.50080988879361,17.815468536883216,-5.739843154580807,0.0,0.0,0.0,0.0,0.0,0.0,0.0,0.0,0.0,95
always|1,64.45120822122458,7.880240640320735,8.3386197763167,12.763197847677155,62.0758571418648,12.561524697508583,10.40945790501402,16.392237154317932,-28.001591252931327,0.24293609472312,1.0246755884919052,1.2676116832150257,1.5183505920194997,11.504943520860653,98.2514880952381,15.763734673063198,95
ratchet|-1|4|1|0,64.1563364410142,8.721229663048291,8.140768437192632,14.833074948412694,61.04225570488253,11.690149873790592,17.27759590369841,23.21640917542978,-35.931317538291815,0.1989701171505594,1.2760592257875523,1.4750293429381116,1.2435632321909962,14.421555743057413,100.0,22.01788367429518,95
placebo|35,64.46424819877095,7.842960932270914,8.143189134743706,14.807750144188681,62.65399978234769,11.690149873790592,14.976506934977325,20.96591332365938,-35.45369844096339,0.2495632341012404,1.3007520254318095,1.5503152595330496,1.5597702131327522,14.700462132350031,100.0,21.472933129694773,95
placebo|91,64.28103689571941,8.366048339878507,8.153309371809133,14.701874454650854,60.65262743055722,11.692471418093776,18.049575747662576,24.02817834146322,-35.30775305858459,0.2387594392198581,1.2615880805783148,1.500347519798173,1.492246495124113,14.278434078505,100.0,21.548861307733542,95
placebo|147,64.23671278722908,8.492374643960465,8.11703975923739,15.081319147050564,61.98452618440342,11.743970578357164,13.854812064252618,19.852576027016028,-34.61925347186397,0.2579208081826051,1.2824165985855314,1.5403374067681361,1.6120050511412816,14.477935196754624,100.0,21.41291971717906,95
placebo|203,64.14867810806862,8.74302023060669,8.085118766723575,15.415269534900421,61.70965441976259,11.79801848317755,16.010469991809245,21.965198760115154,-36.26191079635982,0.2148856137251108,1.2920642574848127,1.5069498712099234,1.3430350857819424,14.602728650869789,100.0,22.22518354617398,95
placebo|259,64.14949695088116,8.740690467902102,8.06560807279418,15.619386114362078,60.00421918846901,11.453810224420945,18.38591495191959,24.344151051689106,-36.971006564257586,0.2183929451887087,1.2722440373736301,1.4906369825623385,1.3649559074294295,14.451249550892731,100.0,22.48938090422267,95
Unhedged,47.356215979821044,0.0,6.741385283277729,0.0,57.97668001756286,10.721687986851231,-24.569389395538472,0.0,0.0,0.0,0.0,0.0,0.0,0.0,0.0,0.0,96
always|1,46.427350455381635,3.884414825637339,6.634987593416546,1.5782763540470923,61.954663550652775,10.41431358062729,-31.55543793164069,-6.8912338907535755,6.367576609119869,0.09481464534863564,0.6806697772891867,0.7754844226378221,0.5925915334289727,6.519182057729315,96.52083333333333,2.448870162771555,96
ratchet|-1|4|1|0,46.58423793971055,3.233728956893389,6.6904612166295045,0.7553946927576272,62.735890329722885,10.297368414116734,-33.36003700976482,-8.66610289735673,8.537697134167994,0.12454471686959588,0.8485209960803155,0.9730657129499114,0.778404480434974,8.142741688691519,97.85267857142857,3.2096640625781263,96
placebo|35,46.60837892714602,3.133410105326062,6.689198603372576,0.7741239776727249,63.073720792017205,10.311852778358466,-33.74494148633135,-9.054621704288714,8.404632187704209,0.12093038650414231,0.8352162163417345,0.9561466028458767,0.7558149156508894,7.983367897511026,97.85267857142857,2.9856991484436217,96
placebo|91,46.5763974441519,3.2662992727197304,6.683674140805445,0.856072454654655,63.41470527179682,10.312020466464398,-34.15546497035042,-9.470370191864001,8.847721344827159,0.11570538294793527,0.8489260475124165,0.9646314304603517,0.7231586434245956,8.122406211862284,97.85267857142857,3.086417723426783,96
placebo|147,46.616169353908425,3.1010255788215813,6.690903976923229,0.7488268988233071,63.42087788532456,10.2993005940877,-34.27237192359896,-9.580213362232218,8.822113909766488,0.12276916582826267,0.8421476319108894,0.964916797739152,0.7673072864266417,8.056952498996258,97.85267857142857,2.825231468974814,96
placebo|203,46.69549695351131,2.770955411966214,6.757548501439374,-0.23976107999255092,63.251803010876785,10.338676783667058,-33.877698857984186,-9.177927909001106,8.04997450026755,0.13038155344459207,0.8410458618698101,0.9714274153144021,0.8148847090287004,8.061462361662462,97.85267857142857,3.1460672956456466,96
placebo|259,46.69112518114072,2.789160308824845,6.753932943401251,-0.1861288087872337,63.829783971134255,10.312964823496618,-34.82258791514943,-10.10950751750444,8.58583207086745,0.14369100210649827,0.8563313740199642,1.0000223761264624,0.8980687631656139,8.211536997603652,97.85267857142857,3.400836389150589,96
Unhedged,54.24343761574523,0.0,7.0594062529471096,0.0,39.028552665990176,11.368687274668442,53.05416842977706,0.0,0.0,0.0,0.0,0.0,0.0,0.0,0.0,0.0,97
always|1,53.767192348238595,1.748246884069482,6.856011251827305,2.881191332980615,41.350839291814246,9.659530408707218,46.529002697589085,-6.372400389951077,4.589159294256332,0.15276534223690383,0.5746814373045006,0.7274467795414045,0.9547833889806489,5.588995025559852,88.48214285714285,4.575496397297758,97
ratchet|-1|4|1|0,54.115915527121416,0.4696317083990764,6.820215587791376,3.388254714139416,41.30858204869171,9.714185561143948,50.31994256121448,-2.5227411828290762,1.369707655021121,0.211484685733489,0.8050052205802436,1.0164899063137325,1.321779285834306,7.872106223670874,93.83630952380953,7.47279439322687,97
placebo|35,54.306800750069705,-0.23376152085046176,6.88455303499443,2.47688278146172,42.3941265513246,10.65215539787281,48.62748054262147,-4.20541607876105,2.9167309273140587,0.22127180839451624,0.8257200938447842,1.0469919022393004,1.3829488024657266,8.059752688768503,93.83630952380953,7.264347691705487,97
placebo|91,54.19363508797515,0.18354170517406176,6.793986543836325,3.7598021646647495,41.53309536276715,9.422799421481672,50.37577424616886,-2.4878645254947958,1.7219447517534503,0.1905296581133855,0.8040687228779262,0.9945983809913118,1.1908103632086595,7.884470797765411,93.83630952380953,7.313594652408339,97
placebo|147,54.38768139492701,-0.5325457661500721,6.951134860461701,1.5337181146106715,42.472886675637035,10.684082076913699,46.63860010430864,-6.2014780462006245,2.5885563306458104,0.21409027926778026,0.8085513928883457,1.0226416721561258,1.3380642454236267,7.919184372155576,93.83630952380953,6.268053572886416,97
placebo|203,54.24602769432914,-0.009550060006535688,6.839679265475196,3.1125420410559768,42.59846407564142,10.3172358513415,49.32204015479708,-3.5320741763759096,2.0229904037013875,0.20005409860406448,0.8174548727270642,1.0175089713311287,1.250338116275403,8.004007259111022,93.83630952380953,7.150517553164862,97
placebo|259,54.208921384020655,0.12722368471410617,6.842771559863224,3.068738153346051,42.53235013408487,10.350914219813914,48.8194548965476,-4.039636857373625,1.9643605966427653,0.1950766758558269,0.8044347218333008,0.9995113976891278,1.2192292240989182,7.866919052646555,93.83630952380953,7.0169763384807124,97
Unhedged,48.59043085172084,0.0,7.415367501659836,0.0,77.90503702345089,14.7853784438191,10.447275255919598,0.0,0.0,0.0,0.0,0.0,0.0,0.0,0.0,0.0,98
always|1,48.112263170763995,1.9584716637900956,7.276465096162596,1.8731695423881423,75.27004800516579,13.529463150063464,11.533994305869044,1.2072443002696882,-1.6821995766133537,0.12052525032023546,0.5693906968003608,0.6899159471205963,0.7532828145014715,5.4084701448890184,92.22172619047619,4.320694688832853,98
ratchet|-1|4|1|0,48.69877112935829,-0.4464297059375122,7.403805518157756,0.15591922449550433,71.1092469295044,12.22420467554208,17.314438563202955,7.110416658657048,-9.998111455509267,0.24325335137370016,0.8699997046999159,1.113253056073616,1.5203334460856264,8.331846405515787,97.71726190476191,8.922025276126526,98
placebo|35,48.666305375985786,-0.3125461635595572,7.327476348477536,1.1852568758409898,70.91953077198633,12.150226808528885,17.872702366098004,7.654291917658783,-10.005756441902387,0.22886480748037405,0.8760894412850146,1.104954248765389,1.4304050467523384,8.356406323108907,97.71726190476191,9.216593007325406,98
placebo|91,48.56992838626893,0.08437109793537623,7.351435545007807,0.8621549321421784,71.4154772009011,12.129015124011811,16.339971835287454,6.1170374754387336,-8.768323728995778,0.22434089607087734,0.883275349794344,1.1076162458652214,1.402130600442983,8.421642384862416,97.71726190476191,8.878844123039025,98
placebo|147,48.58568828538271,0.019519624794095414,7.359463268668591,0.7538969980750321,70.75203898984499,12.29248408423797,18.912126853395264,8.674666895590061,-9.766830694133924,0.20981529811438468,0.872486166993442,1.0823014651078267,1.311345613214904,8.335581913171886,97.71726190476191,9.14939356433948,98
placebo|203,48.57148654440658,0.07796026503286146,7.331875369512368,1.125933841158644,70.9304401780445,12.300106731997202,17.119411352942606,6.87290746876027,-9.11863817792836,0.20077137173724866,0.8684782038204122,1.069249575557661,1.2548210733578042,8.26760012382049,97.71726190476191,8.745245892344315,98
placebo|259,48.5581427383896,0.1328549062667328,7.28357333739463,1.7773112962466864,70.44123187679577,12.097842088463743,18.64019717199414,8.416131892517269,-9.541628200028722,0.22320997644272494,0.8716381393248476,1.0948481157675727,1.395062352767031,8.311269425135423,97.71726190476191,8.889589028143588,98
Unhedged,48.67801434332984,0.0,7.617106514219494,0.0,45.49565797238604,12.563582946767124,26.78464556456521,0.0,0.0,0.0,0.0,0.0,0.0,0.0,0.0,0.0,99
always|1,48.324309182770854,1.447964201335128,7.513271840857623,1.3631773845886874,52.09224543882336,11.916263717279342,22.30808797494399,-4.335213584190684,1.7425582838971292,0.14134400543054115,0.5460732049921907,0.6874172104227319,0.8834000339408824,5.2094539119283,88.10863095238096,1.9710884799308659,99
ratchet|-1|4|1|0,48.583252614638184,0.3889620125566595,7.529623493013106,1.1485072585380895,52.34357417656062,11.972024522857705,23.95742286661786,-2.6123133223768185,-0.6581535074200512,0.2149093755705455,0.7357718309803347,0.9506812065508801,1.3431835973159094,7.02655843572311,95.91071428571428,2.7249431330195906,99
placebo|35,48.58228255361085,0.39293983684588474,7.514803114762852,1.343074292917712,53.05783828615749,11.866014019562883,23.367132147649027,-3.20719205193224,-0.05883588324332775,0.21032136498395235,0.7407891856184191,0.9511105506023712,1.314508531149702,7.066796891489484,95.91071428571428,2.6740178784178408,99
placebo|91,48.44236083762916,0.9658697123253401,7.504429951280106,1.4792567588367778,53.530575323094865,11.816952766679636,22.366472553868558,-4.215311314456825,0.6247597776569026,0.2028616962398447,0.7402055003450149,0.9430671965848595,1.2678856014990294,7.050777605982329,95.91071428571428,2.9302140932569123,99
placebo|147,48.52675369281328,0.6205086262200621,7.5031510955216625,1.4960460180660773,53.431176494382484,11.824945541327276,23.46707971914919,-3.117427800168549,0.7658116512516271,0.20013804524747772,0.7402385952559225,0.9403766405034004,1.2508627827967358,7.065019032178273,95.91071428571428,2.8647135559606687,99
placebo|203,48.57653902113578,0.41649009168420736,7.509085560502221,1.4181363161408056,53.13671665970969,11.80354451753776,23.59635768219038,-2.9912058553017515,0.24945379894607636,0.19708202707309297,0.7416814914329978,0.938763518506091,1.231762669206831,7.087895682159577,95.91071428571428,2.8752876665459164,99
placebo|259,48.56670108652027,0.45682218914607775,7.519653776095608,1.2793931388771163,51.5408027922969,11.830537052739462,24.5558753130363,-2.044520582997219,-0.228087328587487,0.18424966853170552,0.7238822049937237,0.908131873525429,1.1515604283231593,6.91772617874802,95.91071428571428,2.7569592771478977,99
Unhedged,43.90957339608123,0.0,5.610086460639618,0.0,39.881421417799764,7.290169749678539,46.61233248863926,0.0,0.0,0.0,0.0,0.0,0.0,0.0,0.0,0.0,100
always|1,43.1304658422133,3.517208044200004,5.732061852706274,-2.174215904201038,41.634023190737025,6.995429454969343,38.315108704152024,-8.179565853784338,4.324979682797098,0.11765793070288678,0.5963963052579887,0.7140542359608755,0.7353620668930424,5.374236103616533,93.36458333333334,1.731022209979229,100
ratchet|-1|4|1|0,43.4256670974502,2.1919586644659317,5.82104425744444,-3.7603305810864462,42.04874919713399,7.545761248787844,39.154838566148165,-7.261906745730234,0.6721152315696963,0.1955871767608563,0.7817724310027151,0.9773596077635717,1.222419854755352,7.197429704200871,98.6934523809524,2.557878105857911,100
placebo|35,43.3516925283335,2.524902087637615,5.836806014053057,-4.041284479376617,41.5137458429957,7.802302301243677,39.33156428380937,-7.100104676208321,1.3851700977743882,0.1806635286215572,0.77084014315326,0.9515036717748174,1.1291470538847328,7.0726761033859376,98.6934523809524,1.801870213056904,100
placebo|91,43.35977533155641,2.488550774095444,5.804629182438732,-3.4677312580478903,41.38058455375376,7.569441995713253,39.55972060132453,-6.883810417534525,1.7795618254408485,0.1688014697801953,0.793369762653453,0.9621712324336484,1.055009186126221,7.267371481064974,98.6934523809524,2.462043562309457,100
placebo|147,43.41633327860123,2.233999443112056,5.8272440760219295,-3.87084257802246,41.72769591082539,7.472583084083906,39.8458268995934,-6.575409041975131,1.7317506018202458,0.19109654707072454,0.7835309996809761,0.9746275467517006,1.1943534191920284,7.172570151693232,98.6934523809524,1.9894410515110668,100
placebo|203,43.32737825366277,2.6342113918662813,5.77416645712699,-2.9247320453714476,41.289769713546576,7.407117582679709,39.94224822767739,-6.467438685827863,1.5101920778534752,0.20264557513399858,0.7735613330234667,0.9762069081574651,1.266534844587491,7.081200738196195,98.6934523809524,2.8164590349785605,100
placebo|259,43.32351254691148,2.651584739191759,5.766695351334883,-2.7915593065103828,41.0664035202817,7.529251250594153,40.46212632371907,-5.9772641318386865,2.19413195192993,0.17294203308150854,0.7786808018244578,0.9516228349059661,1.0808877067594285,7.129746263126008,98.6934523809524,2.6493667033725994,100
Unhedged,48.2804095132008,0.0,7.454775683686429,0.0,33.64555087430112,16.230230139908954,12.639344620130514,0.0,0.0,0.0,0.0,0.0,0.0,0.0,0.0,0.0,101
always|1,47.370812237235036,3.7324825196494493,7.166638532993486,3.86513508814873,36.108004454395356,14.807529629926117,10.981089666950568,-1.5513956847672703,0.8528008065038334,0.10685926841267386,0.5216576812784619,0.6285169496911357,0.6678704275792116,4.730334459756555,92.14583333333334,3.420191805229892,101
ratchet|-1|4|1|0,47.43674362573442,3.4643229608781745,7.039520965579106,5.570318085036963,43.143478582963255,13.153103244945804,7.671772428390966,-4.78881489695616,3.044247613718412,0.1787572947833794,0.7916902710602257,0.9704475658436053,1.1172330923961211,7.113983065057511,97.26190476190477,5.552087599588279,101
placebo|35,47.715120808276204,2.327980991251777,7.1077917350970115,4.6545189729683685,42.102509265208376,14.04503598484438,8.748077829595335,-3.7263629108883274,3.870668755066595,0.16490387964685377,0.8026049215289017,0.9675088011757554,1.0306492477928364,7.202800733046991,97.26190476190477,4.902331049799179,101
placebo|91,47.714372278498736,2.3310454219796495,7.0406203987326315,5.555570046998315,43.569126676578705,13.128392362386169,7.22463458646908,-5.233605589908243,4.125719785626913,0.18110444375319204,0.8127885983641223,0.9938930421173143,1.1319027734574503,7.289070537414688,97.26190476190477,5.387064590230629,101
placebo|147,47.38188096731557,3.6874892587698826,7.054942315706218,5.3634527039516655,42.11686682698404,13.27995884728301,9.504005390338088,-2.973801777950372,4.28767428831796,0.1615374518420528,0.8093953565209503,0.9709328083630032,1.0096090740128298,7.278428489911046,97.26190476190477,5.606357759556716,101
placebo|203,47.692786896139175,2.4193938487561684,7.104885452865969,4.693504481779886,42.87543794283313,13.46470522137716,7.342580591337709,-5.117877804297693,2.9773173718375707,0.17888622449511016,0.7948259039498095,0.9737121284449196,1.1180389030944384,7.159517182962688,97.26190476190477,4.890281605664713,101
placebo|259,47.40905336748293,3.5769916408727176,7.042360747856595,5.532224621222848,42.68856002515291,13.3016300289236,7.933117551711377,-4.527033260142159,4.035017072130693,0.1791938082769812,0.8142114795981549,0.9934052878751359,1.1199613017311327,7.308434800020645,97.26190476190477,5.970693829583507,101
Unhedged,49.756629265995336,0.0,6.7041007976212565,0.0,40.34085424200726,12.55951001070083,40.51369589396961,0.0,0.0,0.0,0.0,0.0,0.0,0.0,0.0,0.0,102
always|1,48.94200755525271,3.247620181579569,6.45491488409987,3.716917764867178,36.31172550465208,10.365531648036304,45.65563858552358,5.266335372715551,-3.7228519296457288,0.12439268116157719,0.46556333972818065,0.5899560208897578,0.7774542572598574,4.5473414457780805,92.4002976190476,6.426923746320935,102
ratchet|-1|4|1|0,48.84131798513,3.6453126686105897,6.3463427083621475,5.336406776372593,36.45641509080511,9.569304637830427,47.36956013067896,7.021091496416531,-5.944074553775172,0.16522725970716196,0.6262627004811713,0.7914899601883332,1.0326703731697624,6.119064368794055,98.7485119047619,8.932197315323078,102
placebo|35,48.74644240687098,4.019292243664163,6.321073181375576,5.713333194238157,36.4310162551354,9.164671804191435,47.79053466606571,7.437373537699499,-5.398138964976427,0.16053476560339114,0.6311440460654854,0.7916788116688767,1.0033422850211948,6.15787317080524,98.7485119047619,8.577258072225217,102
placebo|91,49.01841137312095,2.945302331080024,6.414475733970372,4.320117975458382,36.369288697356026,10.010838684502028,46.43141460932983,6.079677084602473,-5.430075406668732,0.1619583692422534,0.6215425094157793,0.7835008786580325,1.012239807764084,6.0592633669412725,98.7485119047619,8.409203621484245,102
placebo|147,48.87078957544844,3.528993832254146,6.358452411249951,5.155775499287662,36.29689168845499,9.617971573052937,46.83878672497132,6.488083963957309,-5.619229895398342,0.16299313295559426,0.6295763800210451,0.7925695129766396,1.018707080972464,6.14589575839344,98.7485119047619,8.748002147813374,102
placebo|203,48.91928686551705,3.3374313949402046,6.360141543120652,5.13057999698704,36.472138867898195,9.690241049075546,47.27180261693176,6.911264836333216,-5.856309194020497,0.1531581133710644,0.6266800949740762,0.7798382083451405,0.9572382085691526,6.115196976099514,98.7485119047619,8.787689789146883,102
placebo|259,49.001732893779234,3.011336677758314,6.422434242623479,4.20140692242752,36.42265408491093,10.051297548554667,47.10811635177032,6.761063613402925,-6.040561109620292,0.16664315560222012,0.6326189794925088,0.7992621350947289,1.041519722513876,6.185574256736692,98.7485119047619,8.50908593693491,102
Unhedged,48.411219845400076,0.0,7.611000030055738,0.0,50.86978931164443,10.228075491574788,16.849324780170136,0.0,0.0,0.0,0.0,0.0,0.0,0.0,0.0,0.0,103
always|1,47.991271739607996,1.7273956971505244,7.390308168424524,2.8996434208343858,57.32645097345684,11.008303054210687,3.583911003018892,-13.139315759453064,10.0790132728101,0.1260980176981717,0.5361058057143213,0.6622038234124931,0.7881126106135732,4.738661373514625,91.90625,2.10785683374246,103
ratchet|-1|4|1|0,48.25845057217178,0.6301358647610278,7.407955534292777,2.6677768356476284,56.91284051321893,11.210906056782406,1.1514624050727174,-15.519053562108903,10.585077851551253,0.17880881298850543,0.7322361991771469,0.911045012165652,1.1175550811781587,6.521379546627201,99.70982142857143,3.093830565890999,103
placebo|35,48.38419152858338,0.11163020413638147,7.433894046562262,2.326973890344075,57.9461400247796,11.114348735299533,0.670944802745498,-16.00435434517763,11.531268182614138,0.1740256322469885,0.7341386041849348,0.9081642364319233,1.087660201543678,6.522110873946431,99.70982142857143,2.677272786151062,103
placebo|91,48.265330482790176,0.6018007438606587,7.357583750207436,3.329605555742543,57.91867776288224,11.173185275719298,0.6876243579844169,-15.983727619474877,11.44299597946781,0.1779728027108337,0.7349254587048843,0.9128982614157181,1.1123300169427106,6.5406430452758775,99.70982142857143,3.157891344041068,103
placebo|147,48.19516381501116,0.8905948219603999,7.380084175715779,3.033975212561768,57.509087902837344,11.154126738245548,0.6195991616563762,-16.052248717540277,11.717796206909524,0.1774769009734652,0.7312918224287243,0.9087687234021896,1.1092306310841575,6.49271812518518,99.70982142857143,3.258021601302789,103
placebo|203,48.34211258075695,0.28529724876298346,7.413568585606329,2.5940276398601303,57.27201885635797,11.209979132594768,1.650461662202964,-15.003865605409061,10.848515252416094,0.19499751255810616,0.7284357272967479,0.9234332398548541,1.2187344534881634,6.4696223972099345,99.70982142857143,2.6050130621771737,103
placebo|259,48.30767223454803,0.4273260259832212,7.431945027825957,2.35258180952167,57.39979183868943,11.207230814724333,1.3813322486363424,-15.283669989345803,11.207437095643543,0.184322542187982,0.7372271983139739,0.9215497405019559,1.1520158886748875,6.552295098110772,99.70982142857143,2.7951341514598407,103
Unhedged,55.16273881793372,0.0,8.817371001571482,0.0,62.520629670634506,17.88632313257475,-31.12716552702028,0.0,0.0,0.0,0.0,0.0,0.0,0.0,0.0,0.0,104
always|1,54.32959210744502,2.997875162084751,8.399720218110275,4.736681527711273,55.92631612274569,14.881928204667453,-25.047680125307544,6.220010132544463,-9.41664713277948,0.14052473083172462,0.6507667316659556,0.7912914624976801,0.8782795676982789,5.919523022370914,96.39285714285715,10.030219716827627,104
ratchet|-1|4|1|0,54.77017652782315,1.4182235168551993,8.41205896344135,4.596744744639814,53.438312431778044,13.558438445113918,-20.344442406293197,10.99518199454557,-15.271318416307167,0.21245887381848969,0.8718413805325046,1.084300254350994,1.3278679613655608,8.00426579642254,100.0,14.580511368637492,104
placebo|35,54.78446165166576,1.3667927337246422,8.426501013738358,4.432953856239708,54.930621429161434,13.712800130056651,-21.73238017345864,9.616286297665136,-14.895182125573134,0.2215009441034906,0.8751351138342031,1.0966360579376935,1.3843809006468164,8.00728090951575,100.0,14.191109729821353,104
placebo|91,54.67248088862151,1.7695979574260612,8.418078908077092,4.52847105359665,54.5307942283251,13.91694499546421,-23.249485133081627,8.091370533708712,-13.060730701345198,0.21369013977005472,0.898047777030386,1.1117379168004407,1.335563373562842,8.189568584944496,100.0,14.201876862540905,104
placebo|147,54.7275424431522,1.571639417574755,8.435672432429838,4.328938513232739,56.18848996408934,13.883076860805302,-24.675767479997088,6.665100695661532,-13.056263890904923,0.21370264863834365,0.8936158097735959,1.1073184584119395,1.3356415539896478,8.154083521540258,100.0,13.760365457052446,104
placebo|203,54.787856165247796,1.3545694819379728,8.502465262514553,3.571424396237899,55.87424948520589,14.469918446233205,-23.999132602076934,7.355132877503864,-12.444920992608374,0.2270999525605267,0.8739245658125394,1.1010245183730658,1.4193747035032922,7.97794044901905,100.0,12.453997579502984,104
placebo|259,54.97528308699589,0.6784914092621386,8.472076327980824,3.9160728694428104,53.37457327817619,14.199697745194086,-20.43088223865662,10.921234749062396,-13.694267264154922,0.22495146069873262,0.8780372988889703,1.1029887595877028,1.4059466293670788,8.027167694600637,100.0,13.963861071920123,104
Unhedged,58.24073056776714,0.0,8.273869998482722,0.0,54.80248870942339,21.264716309547723,53.773792107024455,0.0,0.0,0.0,0.0,0.0,0.0,0.0,0.0,0.0,105
always|1,55.93926085046412,7.747144252775295,7.7501581779007065,6.329708113350274,53.54598768729781,21.09158727606948,62.49871186357985,8.850553803986788,-10.706011724795562,0.1256340474313761,0.6861842035808554,0.8118182510122314,0.7852127964461005,7.390870986717426,92.67261904761904,9.113659796331843,105
ratchet|-1|4|1|0,55.760402185029506,8.336134658808291,7.673804467218118,7.252537583677832,54.1789152142478,20.39727544840908,65.45624209635545,11.833074684760701,-14.59731036772709,0.150624695429696,0.8528982253383635,1.0035229207680594,0.9414043464356,9.131142414292809,98.82738095238095,10.826484552851817,105
placebo|35,55.63375713120414,8.75204242020795,7.6389560386011786,7.673724145991834,54.30884803021429,20.507959370904913,64.96028085672648,11.37045163242453,-15.077435370609251,0.1839628827224911,0.878652433536027,1.0626153162585183,1.1497680170155693,9.4618321694152,98.82738095238095,11.374052760309658,105
placebo|91,55.69717205077865,8.543903330160852,7.638610938544502,7.677895108996335,54.66144484932509,20.43474700859103,65.0282525126557,11.446350168498858,-14.903616923227146,0.19188976286761428,0.8740445081739526,1.065934271041567,1.1993110179225894,9.379713032099843,98.82738095238095,10.888961418489762,105
placebo|147,55.643700582034086,8.71942191391205,7.650798755358689,7.530590198278341,54.45281108863267,20.390747145976356,63.62274445651848,10.032726678428801,-14.520574822111344,0.18377432893479245,0.8616467029722318,1.045421031907024,1.1485895558424528,9.238179642997677,98.82738095238095,10.984566867451536,105
placebo|203,55.70959467921033,8.503102270973283,7.635897640718772,7.710688684750211,54.02235674650628,20.493634317989496,65.89278457222923,12.291390795778018,-15.307268809504354,0.172398330573239,0.8684770577447478,1.0408753883179869,1.0774895660827437,9.322896029844136,98.82738095238095,11.251479767573002,105
placebo|259,55.71120510924733,8.49781228518176,7.643907556115241,7.613878904104176,54.665193830733905,20.479122414490927,64.61028929170604,11.015774812536028,-14.55976451357848,0.17927762785444018,0.8748203735027621,1.0540980013572023,1.1204851740902513,9.392679034888019,98.82738095238095,11.05271055938227,105
Unhedged,59.0954267323876,0.0,8.715937215921782,0.0,71.84308217960816,22.354421295015097,-0.7711503259723059,0.0,0.0,0.0,0.0,0.0,0.0,0.0,0.0,0.0,106
always|1,56.67129720190577,8.035849962201224,8.464365871451788,2.8863372720312475,60.31439274917911,16.95154178097654,18.11240321298499,19.027147728536345,-27.589035474091062,0.14359418957904732,0.8053521488271468,0.948946338406194,0.8974636848690457,8.70702516937533,95.47321428571428,9.690791703668626,106
ratchet|-1|4|1|0,56.513748908218325,8.54646665677028,8.489202871275404,2.6013765247435705,61.80179768400048,15.118934571699347,22.40934120845019,23.404417174978743,-35.12322290970575,0.22392564055624747,1.0449864829706943,1.268912123526942,1.3995352534765468,11.316628099022953,97.14583333333331,12.536876329761695,106
placebo|35,56.70459797659034,7.927739600658179,8.60306693330037,1.2949873298218062,60.38827155392761,17.01906980620096,19.829449641881393,20.78516348246985,-30.186067431784057,0.18456351461615927,1.0533644324431126,1.2379279470592721,1.1535219663509955,11.353474387979093,97.14583333333331,10.972892463994015,106
placebo|91,56.51323030205041,8.548145120852713,8.417024908032513,3.4294912926085885,61.52726223775462,15.323552593924791,24.777916351905244,25.763817213629537,-33.8840425644834,0.21475053575199057,1.0475838604469048,1.2623343961988953,1.342190848449941,11.336129808899726,97.14583333333331,12.032774466682818,106
placebo|147,56.33156916136683,9.135142064288026,8.370954758930308,3.958064961290453,62.43465546503596,15.220787066928706,22.571223844882343,23.570736603283397,-32.973548232130256,0.22836243242873333,1.0594255875570795,1.287788019985813,1.4272652026795831,11.458272245739078,97.14583333333331,12.198353681557789,106
placebo|203,56.14997252538096,9.72004164923651,8.301020896013412,4.760432637702161,60.540225895527186,14.87596267778432,24.738463634111366,25.718634574887805,-33.56187221408069,0.20902061480412332,1.0462446867540958,1.2552653015582191,1.306378842525771,11.311681806192961,97.14583333333331,12.943744134594173,106
placebo|259,56.60262943981236,8.258578108857407,8.500262122380393,2.4744911327195585,59.191358169285024,14.941410354528669,25.072254426178972,26.054487115342795,-33.95105608165837,0.21108236319152335,1.0635873885349731,1.2746697517264967,1.319264769947021,11.494453349543376,97.14583333333331,12.344731808444775,106
Unhedged,47.37783727490741,0.0,8.201542358486916,0.0,53.431562184486566,15.728025576844018,1.6006301627530286,0.0,0.0,0.0,0.0,0.0,0.0,0.0,0.0,0.0,107
always|1,46.912027084831216,1.9566967875303432,8.293932912168684,-1.126502182679845,57.37201594499632,15.535445493475878,-1.8574215482638927,-3.3090703226099616,1.198448339086859,0.1489813884069649,0.6390259350571134,0.7880073234640782,0.9311336775435304,5.691875531444871,97.92410714285714,0.5323771432547449,107
ratchet|-1|4|1|0,47.33262578855791,0.19076393880709253,8.457276382118485,-3.1181211100731243,57.635099873529406,14.53297799616426,-4.845505933225515,-6.233500771524312,-5.112330005437252,0.21263532445424627,0.9255364778912796,1.138171802345526,1.3289707778390394,8.304002422962657,100.0,2.1263161524885024,107
placebo|35,47.12636300279605,1.05875191085677,8.373832977878244,-2.1007099867385692,57.23079778712654,14.4517575947963,-3.0232156964266093,-4.445428081941804,-3.6210544767077963,0.17841777723784463,0.9177741300380596,1.096191907275904,1.1151111077365288,8.206848742017248,100.0,2.761053155977403,107
placebo|91,47.3600626782257,0.07501930642536125,8.443332843627308,-2.948109935568266,58.519034685002225,14.707675281931598,-5.01015628740128,-6.400733773588897,-3.9790474547468726,0.21005267656542165,0.9378865439400398,1.1479392205054613,1.3128292285338854,8.393002820724107,100.0,2.191234630481601,107
placebo|147,47.301070488733814,0.32379947075558135,8.42192040084417,-2.6870316914136216,58.03149902535086,14.637307430559728,-4.7068545566861,-6.0924817553261885,-4.18720098764827,0.21500296411295375,0.9272346993440787,1.1422376634570321,1.3437685257059608,8.298422213326262,100.0,2.0351203004875003,107
placebo|203,47.03920941310344,1.4243694038453047,8.329986069922883,-1.566092154642762,55.34180121162573,14.379858454760194,-0.35441938299003795,-1.764495460066997,-4.459533795627191,0.19055408567607765,0.931359756648141,1.1219138423242185,1.1909630354754852,8.340790401150876,100.0,3.390413620948,107
placebo|259,47.38131986241781,-0.014701876267197989,8.45752455453332,-3.1211470337834113,58.76633735818994,14.94132784788519,-4.784047144678951,-6.193835880824993,-3.8380896592221685,0.19084142660700282,0.9141964248921612,1.1050378514991641,1.1927589162937675,8.170682146764337,100.0,1.8120730677017673,107
Unhedged,58.80108231088587,0.0,9.970669286647281,0.0,77.22543081604934,17.508642827554688,-44.898790505546145,0.0,0.0,0.0,0.0,0.0,0.0,0.0,0.0,0.0,108
always|1,57.457205326151865,4.5186926051054455,9.672856435465157,2.986889271124016,76.63169006276253,17.367473935462446,-44.77100108840723,0.3164112004658795,-4.585625902826633,0.18862178332695495,0.7608335646990629,0.9494553480260178,1.1788861457934683,7.803473146588857,92.45089285714285,6.189100205234965,108
ratchet|-1|4|1|0,57.83440014640158,3.2609471190710226,9.641992830370674,3.296433236600982,74.64188293862615,17.698072314654006,-39.82034419320669,5.317350937854905,-13.114182866056922,0.23890462551544803,1.0162204118475566,1.2551250373630045,1.4931539094715502,10.497415415601255,99.55357142857143,9.482311632955044,108
placebo|35,57.54380861326105,4.230644245700599,9.590080307109144,3.8170855796794023,74.94025366630635,17.251672224863633,-40.69157951021972,4.452305307316302,-9.15388352678324,0.2450943119898707,1.019123869508811,1.2642181814986817,1.5318394499366916,10.49526063924481,99.55357142857143,9.496332792785154,108
placebo|91,57.69258835506648,3.7347799574743323,9.5830292457183,3.8878036146290484,74.93455962576112,17.307503335311626,-40.928112781971485,4.2309357892134365,-11.543695771684362,0.2602580656387679,1.0511056298593522,1.3113636954981203,1.6266129102422997,10.852589530811484,99.55357142857143,10.042857785591245,108
placebo|147,57.98882021323912,2.743663492287718,9.790979074298036,1.8021880696603265,76.30556329875108,17.620579078915373,-43.42187416316443,1.7261418326616553,-10.153581768720068,0.24922549027991733,1.0124305853176592,1.2616560755975763,1.557659314249484,10.449891080420798,99.55357142857143,8.689729324754897,108
placebo|203,57.77464792302287,3.4607378130349864,9.618099343860072,3.5360709762921383,74.70971942291307,17.645056396839504,-39.81706518070027,5.333131011938678,-11.57783389251239,0.25140568709279926,1.0212748092427144,1.2726804963355134,1.5712855443299951,10.5233935658891,99.55357142857143,9.893484797972276,108
placebo|259,57.630689274456195,3.9412373964256786,9.604262924061954,3.6748422001722347,74.87468011220936,17.21889685062879,-40.9488066786627,4.192313575158049,-10.885717390339593,0.24232974827459586,1.040885643303364,1.2832153915779598,1.5145609267162243,10.754505108082814,99.55357142857143,9.929088731916808,108
Unhedged,64.01293762147473,0.0,9.270763568466586,0.0,69.3245309463381,16.54065241590822,78.39389830249733,0.0,0.0,0.0,0.0,0.0,0.0,0.0,0.0,0.0,109
always|1,62.90468782414738,3.432606992829157,8.685294159429583,6.315223171351381,67.49274645106667,14.23489192203279,86.3445759577964,8.132106786922185,-13.388684285756087,0.1814291316231413,0.6121999238564403,0.7936290554795816,1.1339320726446331,6.7313907764270455,79.98958333333334,9.27606659185793,109
ratchet|-1|4|1|0,63.117321818257274,2.778658441273185,8.694329039880467,6.217767547721687,65.96677168998517,14.314271743598988,89.11641356505345,10.999213816889464,-18.640170619077956,0.27669855433335994,0.8347849252232324,1.1114834795565924,1.7293659645835,9.286376784976046,89.71130952380952,11.512893602673037,109
placebo|35,63.0528471120831,2.977181309141308,8.664956737524083,6.534594766315527,66.3705938793722,14.289031700567554,88.99066070966923,10.870141590528808,-18.289641384356383,0.27337918335692163,0.8154055417279787,1.0887847250849003,1.7086198959807601,9.071332362971306,89.71130952380952,11.361533977791403,109
placebo|91,63.24028343744164,2.399487152983526,8.62911865284761,6.9211657797148,65.63756843353913,14.31063237167865,89.51214291486345,11.387796123307313,-19.07898542121013,0.2695515109411895,0.837621881364351,1.1071733923055407,1.684696943382434,9.319642529695914,89.71130952380952,11.371375185786038,109
placebo|147,63.27053703814425,2.306082346031413,8.67063533104328,6.473342060675257,66.06412797724852,14.314271743598988,89.64217977507997,11.527395361654285,-18.066017606255357,0.27911388907164825,0.8264158996690002,1.1055297887406486,1.7444618066978017,9.171107810188865,89.71130952380952,11.486494945892309,109
placebo|203,63.38887753134658,1.9402893922128461,8.6987956424305,6.169588101475998,66.169433344461,14.313843046798763,88.42551724603962,10.295677675545546,-18.694415863739668,0.2640587320032627,0.8350164289998763,1.099075161003139,1.650367075020392,9.283914636428028,89.71130952380952,10.814428968695104,109
placebo|259,63.28123550070143,2.27304127719572,8.665137735411433,6.532642414861267,66.37263699855802,14.312290871563674,89.42629045936545,11.298837795832151,-18.499439780652374,0.26644563896404044,0.8234559963811908,1.0899016353452315,1.665285243525253,9.164810073502496,89.71130952380952,10.983568843921931,109
Unhedged,55.74913958354027,0.0,9.152919966883374,0.0,74.17756475600518,16.74179205668656,3.0136023188434486,0.0,0.0,0.0,0.0,0.0,0.0,0.0,0.0,0.0,110
always|1,53.82110155957327,6.7972285688470135,8.820662654779946,3.6300690195651852,73.40934692269441,16.11016598654174,-3.8782756602408845,-6.761825618342281,-0.9695757149360943,0.13005236074204335,0.5737882878541379,0.7038406485961812,0.8128272546377708,5.31070874483387,87.15327380952382,6.637840842337509,110
ratchet|-1|4|1|0,54.0228026527196,6.097342230988334,8.858774184587674,3.2136824462571933,73.60326997187737,15.49409293214857,-6.190660927176901,-8.994828429945192,-0.615622753730455,0.2094348160751508,0.8019819788282316,1.0114167949033825,1.3089676004696926,7.403202380838259,95.44494047619047,7.81024563234929,110
placebo|35,54.06931467132766,5.935577859707697,8.834811897660138,3.4754818175423585,73.70442475297901,15.508165600260284,-6.395557561742268,-9.19459586129877,0.04821370733358114,0.2145640192869366,0.7876398285605001,1.0022038478474367,1.3410251205433537,7.24758612641825,95.44494047619047,7.498102023927587,110
placebo|91,53.923543636421506,6.442090088596942,8.853982328885959,3.266035746832896,73.24413434301975,15.504744083192707,-6.108597010076408,-8.894631719408173,0.0030965640943492988,0.22756760951169253,0.8006872288696801,1.0282548383813728,1.4222975594480785,7.36874749914788,95.44494047619047,7.633314699612568,110
placebo|147,53.863143401091996,6.651562781682685,8.809331176212003,3.753870807507631,73.31912997451744,15.530413497225373,-6.7123072383855735,-9.531036439083524,-0.1773003949301462,0.19487311814548228,0.7957335445465377,0.99060666269202,1.2179569884092643,7.322014732846968,95.44494047619047,7.353348403104884,110
placebo|203,53.990563027546436,6.20938688626932,8.846383641399783,3.349055018427849,74.06965488015545,15.375170716258497,-7.967622920731371,-10.768970892864562,0.6772444963480256,0.21225434671025872,0.8098292547797532,1.0220836014900117,1.3265896669391173,7.448437245699171,95.44494047619047,7.766146277534881,110
placebo|259,54.01554508035479,6.122570820505757,8.83450576249656,3.4788264896763454,73.84046580430635,15.448931466386295,-7.610621987176531,-10.404882530510989,0.9188227302133544,0.219341775508987,0.7988306890239896,1.0181724645329764,1.370886096931169,7.329275398706558,95.44494047619047,6.9963243566417015,110
Unhedged,51.06625928648016,0.0,7.428410239469752,0.0,43.73690438857444,15.817600460301644,60.99640493775062,0.0,0.0,0.0,0.0,0.0,0.0,0.0,0.0,0.0,111
always|1,50.11658912752934,3.684780316450631,7.157823127184796,3.642597858250096,45.39162447315904,14.287424049435987,58.42831633231671,-2.4348276352000173,0.40072589116279317,0.13326097023389788,0.6812229466181545,0.8144839168520525,0.8328810639618618,6.563542346300945,90.89136904761904,6.2563725941860495,111
ratchet|-1|4|1|0,50.41469746694304,2.535549470965792,7.167455498485417,3.5129285078762895,44.482637201577866,14.276930479840258,60.06565656894254,-0.7584778592450457,-4.366196706520374,0.17227050956305,0.8723956084498573,1.0446661180129075,1.0766906847690627,8.474475109754618,96.80803571428571,8.56574804987016,111
placebo|35,50.41342865966041,2.5404552645020506,7.135525753959565,3.9427613186195365,43.984809176757956,14.288533536702944,60.267323527570575,-0.5455702536226424,-2.6740108366959423,0.18351115655741973,0.9116952910669102,1.0952064476243297,1.1469447284838734,8.84870488516939,96.80803571428571,8.722358784929781,111
placebo|91,50.45261383219081,2.388890359110951,7.181473760906827,3.3242170343644184,44.57509616554612,14.260386562323003,58.40287431155263,-2.3961788557690666,-2.484096134895749,0.19735177042893803,0.8985694201262595,1.0959211905551975,1.2334485651808624,8.714468931908517,96.80803571428571,8.071736623278255,111
placebo|147,50.360938725316004,2.743297327113803,7.12658952764329,4.063059283166437,45.017230809004104,14.269573076113288,58.35840953911956,-2.4472393800090395,-0.9803551604645729,0.1907560186220342,0.9064534585445736,1.0972094771666079,1.192225116387714,8.770572684397848,96.80803571428571,8.03678698633044,111
placebo|203,50.2765412884025,3.068999697299024,7.118919656673284,4.166309786608657,45.419586522341824,14.253604024130851,58.45557629928984,-2.3445573902834904,-2.1658108954487107,0.19627124817730585,0.8753160817909181,1.071587329968224,1.2266953011081614,8.496154003040477,96.80803571428571,8.109937474940002,111
placebo|259,50.447354153094565,2.409241191816658,7.161653553065555,3.5910333140572126,44.24476422748077,14.26247031506597,61.05613003068521,0.2488749649458124,-3.936288589444362,0.18914987201123307,0.8783608583620234,1.0675107303732565,1.1821867000702067,8.54031825509474,96.80803571428571,8.588905672192745,111
Unhedged,49.82816318776803,0.0,6.821135226388201,0.0,46.72243939164527,11.418278639726823,32.14472147229979,0.0,0.0,0.0,0.0,0.0,0.0,0.0,0.0,0.0,112
always|1,48.54331064423352,5.090643808352602,6.5423039221104915,4.087755117345038,46.5670766850103,10.672151014356036,25.401237100956134,-6.6304547116481105,6.338959567472968,0.11302965969554145,0.661302558358465,0.7743322180540064,0.7064353730971341,6.296418603763117,97.68452380952381,5.703547932830823,112
ratchet|-1|4|1|0,48.574346611925925,4.969245193250904,6.597028152774334,3.2854805860890623,48.22379450575964,10.590801163794984,22.433064333994743,-9.57250848396237,10.302786149154912,0.13914865434268306,0.8973408128243747,1.0364894671670581,0.869679089641769,8.422278389877121,100.0,6.5545471633565455,112
placebo|35,48.57320696740559,4.973704337472407,6.570740514477394,3.670865678518309,48.12624621154988,10.597552872477456,22.15515443311029,-9.857164114652232,10.5748790324821,0.13240292453727798,0.881214884295647,1.0136178088329248,0.8275182783579872,8.277099512464433,100.0,6.6235993270866835,112
placebo|91,48.53675607934101,5.116272366724983,6.608220552431818,3.121396466862325,47.71917449027565,10.590801163794984,21.837241513196947,-10.179331371060089,10.592139350731935,0.12814858804275736,0.894052373426487,1.0222009614692442,0.8009286752672334,8.407890728506118,100.0,6.52764167112949,112
placebo|147,48.655724366268615,4.65056391702875,6.617046294918683,2.992008290349979,48.19827494300283,10.600067940731972,22.087915383984058,-9.924678985179783,9.436964451880016,0.13212710313595197,0.871655535492511,1.003782638628463,0.8257943945996997,8.18148340644307,100.0,6.145002473509122,112
placebo|203,48.66719152015393,4.605614817408443,6.623492699682074,2.8975019574678407,47.101534758943075,10.613049209194363,23.134122060337425,-8.880913534013798,8.968316066321192,0.12968587794856162,0.8658084780261777,0.9954943559747395,0.81053673717851,8.11826538158329,100.0,6.143673926975081,112
placebo|259,48.67317464902668,4.582157865536396,6.62232926062342,2.914558342073037,47.35268372479212,10.612189553642876,22.495392173505206,-9.51817669392451,9.587589303144846,0.13115260487008043,0.8788660025084808,1.010018607378561,0.8197037804380026,8.240584400192914,100.0,6.2048000560738235,112
Unhedged,55.71292738144091,0.0,8.59673130444011,0.0,77.36253651259335,17.360917590394344,-25.98272100257593,0.0,0.0,0.0,0.0,0.0,0.0,0.0,0.0,0.0,113
always|1,54.632045278040955,3.842544628525768,8.557878112508373,0.45195308025587355,73.2806678770871,16.142348847558246,-16.810696590727595,9.338653060174991,-12.597153528723403,0.16662864832665683,0.7356283401436654,0.9022569884703221,1.0414290520416054,7.379108777413525,97.46726190476191,4.918600236189772,113
ratchet|-1|4|1|0,55.02639293607708,2.4493577838224034,8.590528960214519,0.07214770365557843,69.81073407933337,18.746987592724437,-12.86451013502918,13.338510522394103,-20.970205618109805,0.22029965484736,0.9982548133690476,1.2185544682164076,1.3768728427960002,10.041683673452145,99.57886904761904,8.384764957050155,113
placebo|35,54.96341642174669,2.6725192013204557,8.518800945452588,0.906511512663799,69.10567257978693,17.492935505243963,-11.20094456447021,14.983386923942264,-20.29385509699541,0.20161048583653474,0.9945452719767154,1.1961557578132498,1.2600655364783422,10.022282833847731,99.57886904761904,8.560118041693222,113
placebo|91,55.152980689161915,2.0000126601570245,8.634972534556878,-0.44483453957686603,71.38055707395257,19.06432210708533,-15.165324864621066,11.040104098415911,-18.24578975999321,0.22270796046104882,0.9686243401747385,1.1913323006357872,1.3919247528815553,9.713282815833582,99.57886904761904,6.783843172156474,113
placebo|147,54.979481948806146,2.6156142308183084,8.611968321094448,-0.1772419785467383,70.96648775279242,17.340594325184792,-14.764807430004995,11.42693873323408,-19.10591562526927,0.20902516066313656,0.9945557529181219,1.2035809135812583,1.3064072541446037,10.005844710812259,99.57886904761904,7.562203409069269,113
placebo|203,55.106840063609624,2.163916377319819,8.654750490149645,-0.6748982102019241,69.63166893796111,18.620202855414735,-11.705370029798885,14.493370742015452,-20.585045383608353,0.21601976923842356,0.9925593534542073,1.2085791226926308,1.3501235577401476,10.010463459910108,99.57886904761904,7.994007790800703,113
placebo|259,55.10398066230894,2.174069213755192,8.659646882674316,-0.7318546550560301,70.88796167263438,18.55820681680779,-14.363918288846046,11.810823147749055,-18.331027870614395,0.192020434019167,0.9765653162236135,1.1685857502427808,1.200127712619794,9.828223360294732,99.57886904761904,7.030500045718258,113
Unhedged,42.23619441862225,0.0,6.2430248769363175,0.0,45.60542728746122,8.53273151967328,52.626983482545064,0.0,0.0,0.0,0.0,0.0,0.0,0.0,0.0,0.0,114
always|1,42.13691942699714,0.4695419246304344,6.2592469097641725,-0.25984251460833274,44.30201043697467,8.53273151967328,44.246651964784895,-8.294285967609508,6.569519542104643,0.0860455501506437,0.44146630120217856,0.5275118513528223,0.5377846884415232,3.786477721252902,92.59077380952382,-0.4885822567846677,114
ratchet|-1|4|1|0,42.808289062814445,-2.727372575146214,6.48120944191592,-3.8152108901492676,43.991122810246296,10.736830625450718,44.381364462464106,-8.104817670597958,3.8361290611126506,0.14080134948298728,0.6873064428715283,0.8281077923545156,0.8800084342686705,5.979883414728072,99.50148809523809,-1.4123245768876362,114
placebo|35,42.50827166234676,-1.2925102816837786,6.359184566764027,-1.8606315386767047,43.53954950125105,8.860446394654634,46.503602946529504,-5.982006673432892,4.026311703974526,0.14137386258265117,0.6974060389059069,0.838779901488558,0.88358664114157,6.050488346867056,99.50148809523809,-0.014958696364033576,114
placebo|91,42.836838022580054,-2.8644365701448127,6.501740401778426,-4.14407326483488,43.50073218540974,10.660904410667502,46.32533225890532,-6.146474522446101,3.223865963103787,0.15517670119363794,0.6904392317854209,0.8456159329790589,0.9698543824602371,6.005691948784044,99.50148809523809,-1.6373192014379474,114
placebo|147,42.72364820212436,-2.3215475548650666,6.480577656376768,-3.8050910275569283,43.53773307301508,10.441889081957713,44.605085096883975,-7.862480902949726,4.372088009565781,0.1594174827113658,0.669628937074664,0.8290464197860299,0.9963592669460365,5.8057139804085285,99.50148809523809,-1.8320254765683066,114
placebo|203,42.8740819330784,-3.043382518713056,6.51899383835587,-4.420436677083717,43.632188544166574,10.961081464576257,43.98119381931934,-8.499601999996635,3.626558848673895,0.14618766322908588,0.6986876320218589,0.844875295250945,0.9136728951817867,6.072352030904158,99.50148809523809,-1.846967900674388,114
placebo|259,42.619082420258046,-1.821298170427843,6.403309497391313,-2.567419217679845,43.213990641985276,9.124779283071865,44.84071683440397,-7.6646893286422975,4.523964446765298,0.12157731949879375,0.6834811500859901,0.8050584695847838,0.7598582468674608,5.927060266478165,99.50148809523809,-0.687273077475311,114
Unhedged,60.11286011850756,0.0,8.586443008334689,0.0,48.489072425197236,13.79187665932792,60.54970101430005,0.0,0.0,0.0,0.0,0.0,0.0,0.0,0.0,0.0,115
always|1,59.251185184618734,2.846310039808786,8.43619317127093,1.7498495816942516,45.56046175762207,14.215004318891875,61.78383634315536,1.393138422448068,-3.8379394392378825,0.15900309359277454,0.5533861503301489,0.7123892439229235,0.993769334954841,5.624863369387594,85.94047619047618,1.994236181666037,115
ratchet|-1|4|1|0,59.5874814817783,1.7403356452157737,8.629146565301566,-0.4973369872183886,45.081722959651785,15.527280056138379,63.45676104699442,3.127883555008267,-5.775600174944175,0.22082352231389066,0.767963596658845,0.9887871189727356,1.3801470144618164,7.863914428602595,95.11458333333333,1.558871951563856,115
placebo|35,59.57494699580072,1.7816699931212931,8.59021260973694,-0.04390178096556063,44.77907201408706,15.502472087131968,63.668660653870454,3.3431307713107254,-5.239687741260584,0.2241711317403164,0.7500177205798744,0.9741888523201907,1.4010695733769774,7.676635686933631,95.11458333333333,1.2926602057013366,115
placebo|91,59.55609062819635,1.8438353136144392,8.582846211116124,0.04188925746171357,44.694298750964876,15.411240077694869,64.38191434991587,4.0636316970897655,-4.802077591496594,0.23141836147393938,0.7603120925246436,0.9917304539985833,1.4463647592121212,7.761019154182593,95.11458333333333,1.7808239208032821,115
placebo|147,59.49544785739516,2.043627852004748,8.605372076336204,-0.2204529626894436,44.51067970093005,15.151035686212836,64.86047289870906,4.538330812633134,-5.986749909485097,0.2275589282241418,0.7556453929068286,0.9832043211309703,1.422243301400886,7.738857443066925,95.11458333333333,1.6900633410859696,115
placebo|203,59.41859059994979,2.2965478839602427,8.556615974706965,0.3473735701590486,45.07896702903448,14.918586232947664,63.43266295732723,3.1095574498673244,-5.221112268279208,0.22659550684015872,0.7686412186404914,0.9952367254806502,1.4162219177509923,7.853311442883331,95.11458333333333,1.6814660621821593,115
placebo|259,59.53635080364059,1.908892114484606,8.585799129208258,0.007498787633075654,44.68672757779023,15.506445881277795,64.26057489579205,3.9391304017129003,-5.699909971984834,0.2282565202209208,0.7627627636976352,0.9910192839185558,1.426603251380755,7.8021008637758005,95.11458333333333,1.4119215075387082,115
Unhedged,54.59850529278841,0.0,8.71704327962167,0.0,45.560993271122896,18.388481746018527,85.16045492096717,0.0,0.0,0.0,0.0,0.0,0.0,0.0,0.0,0.0,116
always|1,53.04750330126812,5.6007834297968735,8.217335328626799,5.732539520172719,37.1011507342784,17.312648522268354,92.47129184036895,7.513849677275103,-15.123682958519478,0.20301275787331508,0.6531816978166702,0.8561944556899851,1.268829736708219,6.510768617394295,94.1815476190476,7.3564924109902226,116
ratchet|-1|4|1|0,52.960868144369734,5.908870038736447,8.024799950999212,7.94126295369848,36.28376482890011,17.45891605020029,98.22365934335053,13.332962129808031,-22.08056563269804,0.26975770742469124,0.8812970729470457,1.151054780371737,1.6859856714043202,8.783688787723275,99.3467261904762,10.456177564598235,116
placebo|35,52.99801765533226,5.776822905518076,8.113958467098161,6.918456100056025,36.44891575562814,17.45891605020029,96.21196893340486,11.317620773504034,-22.10147869001565,0.26610676106636244,0.8785070324861264,1.144613793552489,1.6631672566647648,8.754799817409328,99.3467261904762,9.475585346698907,116
placebo|91,52.91674239152367,6.065593766365362,8.027432727726886,7.911060319121366,36.19120629734904,17.453221359769163,98.34098006160872,13.458576550399941,-22.284232002403126,0.27805140975840476,0.8810744918021552,1.15912590156056,1.73782131099003,8.777174556898162,99.3467261904762,10.184117128664505,116
placebo|147,52.970691970002406,5.8739604681367075,8.049078895174477,7.662740255158917,35.82826411890746,17.406131538379626,99.11387393432376,14.216677126453478,-22.16034250203142,0.26325811309687547,0.8774736387482748,1.14073175184515,1.6453632068554718,8.74547961002913,99.3467261904762,10.334863592476728,116
placebo|203,52.9631550184035,5.900744068935603,8.058105725615956,7.559186445089139,36.37492388773439,17.456299504088648,96.31541226669016,11.414586110640037,-22.86438448425563,0.2596287649170362,0.875744776154558,1.1353735410715942,1.6226797807314763,8.75031301247568,99.3467261904762,9.97972730676398,116
placebo|259,52.85532705077969,6.283508382346447,7.985959118747922,8.386836424029765,35.291753434304155,17.458126121223835,99.15839703485855,14.26440632042889,-22.280350886011497,0.2664642065375087,0.8775046089594781,1.1439688154969867,1.6654012908594291,8.759531306145417,99.3467261904762,10.613199040699005,116
Unhedged,49.231926831544456,0.0,7.2167739425104145,0.0,49.27811417949758,14.959980337114542,10.990452747543195,0.0,0.0,0.0,0.0,0.0,0.0,0.0,0.0,0.0,117
always|1,47.359631279937155,7.461392911909681,6.600932437174972,8.53347368562879,49.65848988515741,12.790996764514631,12.607154327632717,1.771644067098615,-7.794426010842351,0.15494248700910107,0.6818015913913873,0.8367440784004884,0.9683905438068816,6.447309704071455,93.56547619047618,7.738851772095319,117
ratchet|-1|4|1|0,47.18664407966726,8.136176835950849,6.307466486303155,12.599916021353842,48.18797119900592,12.395819698853174,19.359910441234828,8.594139992137128,-20.510363134453126,0.2246822984454973,0.9600513629067075,1.1847336613522048,1.404264365284358,9.261905917909257,97.95982142857143,13.223680522045939,117
placebo|35,47.29944624146787,7.69644122755272,6.356538865390155,11.919939352028807,49.41276046576474,12.190500740014558,17.834214465268285,7.082483060041361,-17.891861713939566,0.2387213423162819,0.9774437853858897,1.2161651277021714,1.492008389476762,9.39557417034888,97.95982142857143,12.638431100509932,117
placebo|91,47.29638294131471,7.7083967311398,6.360071146861475,11.870993916028471,48.68631792958743,12.311610027477128,17.705144056744516,6.9399878006395195,-18.970748449359192,0.22529649143823213,0.9640384716320622,1.1893349630702945,1.4081030714889509,9.290987325995314,97.95982142857143,12.753475004888001,117
placebo|147,47.18490374735148,8.142952932662261,6.338243612533595,12.173449479993204,49.570092275803624,12.238917662053883,15.701514829798912,4.925066057198793,-18.614625534025635,0.21400397494308343,0.9743886449232854,1.1883926198663688,1.3375248433942712,9.358199224877243,97.95982142857143,12.481183622236285,117
placebo|203,47.19505155235417,8.10343827590958,6.347256872861844,12.048556274247135,49.70303890182476,11.98172096095639,16.359584830169684,5.6143547448747935,-18.816992070763987,0.24522266224830871,0.957452134444302,1.2026747966926106,1.532641639051929,9.216521906586555,97.95982142857143,12.244773621985772,117
placebo|259,47.27032964747974,7.810046702973683,6.374396873789458,11.67248794865159,47.63489458522443,12.403981698068883,19.8788386135183,9.130323948444651,-19.675119437098296,0.2419380824695478,0.9532535458388333,1.195191628308381,1.5121130154346736,9.155723492095984,97.95982142857143,12.49865328604507,117
Unhedged,46.30309988178684,0.0,6.791185296368753,0.0,47.81814329234963,19.480943253584485,26.547881482477212,0.0,0.0,0.0,0.0,0.0,0.0,0.0,0.0,0.0,118
always|1,45.439385380838694,3.69590311399024,6.611577904319016,2.644713466230597,52.47282740499938,17.007665832262614,18.978401969822496,-7.43813419757711,7.977378019149967,0.13134531507760602,0.6083147937546437,0.7396601088322498,0.8209082192350379,5.593788223012719,96.76339285714286,3.525063772212147,118
ratchet|-1|4|1|0,45.153677732162784,4.903151621794144,6.455768163320913,4.939007233791537,53.26403012071835,14.77050635675709,16.500903839404614,-9.869853232255169,9.430823724516337,0.1771244108174223,0.7809126249848487,0.958037035802271,1.1070275676088894,7.227124729397969,99.51785714285715,6.418077332522501,118
placebo|35,45.17591010414933,4.809482662508668,6.449510803552055,5.031146668894316,53.423430554512954,14.572240866622725,16.676986774150507,-9.696272749542715,9.29743771467315,0.17462195878397815,0.7766946145389206,0.951316573322899,1.0913872423998636,7.180461257128232,99.51785714285715,6.265412621521514,118
placebo|91,45.18159854579184,4.7855088325256645,6.482030381773213,4.552296853994619,53.731275931654785,14.994359198646528,15.518348525559874,-10.851855492841834,9.559167560465085,0.17767746407550952,0.7740658562488891,0.9517433203243985,1.1104841504719343,7.167212754388869,99.51785714285715,6.093938113186224,118
placebo|147,45.17979949586087,4.793091220884427,6.455502878670474,4.942913542320337,54.27189344382406,14.591900857719587,16.017363713178074,-10.360113861666093,9.842854074951662,0.17040390763303515,0.7819841899410365,0.9523880975740716,1.0650244227064698,7.2099907156953105,99.51785714285715,6.123528783502404,118
placebo|203,45.21305678076257,4.652874190010692,6.481301138173344,4.563034944151855,54.04201565547814,15.259821377849262,15.944603161300734,-10.457125492280749,9.66208791021777,0.14615282889573256,0.7779421984254782,0.9240950273212106,0.9134551805983285,7.174475048692183,99.51785714285715,5.543521241228024,118
placebo|259,45.07198971475053,5.246921899729506,6.440460275827026,5.16441541845809,53.8837763254612,14.582047401426113,15.891299686620702,-10.486145438225845,10.564430606772797,0.1704363576306565,0.7743917001597936,0.9448280577904503,1.0652272351916032,7.1494402468239295,99.51785714285715,6.524006244486344,118
Unhedged,59.545833849814265,0.0,7.664745105856863,0.0,68.91650210369502,9.656937309518192,-21.117885245456726,0.0,0.0,0.0,0.0,0.0,0.0,0.0,0.0,0.0,119
always|1,58.2906697281626,4.171359322899804,7.4953288741764394,2.2103309286954254,62.25089975844313,9.029563958343912,-11.684110507989985,9.59227573965362,-14.625330055799854,0.15850100218688534,0.8098949542163949,0.9683959564032804,0.9906312636680337,9.508848423684949,93.23065476190476,8.355683509308992,119
ratchet|-1|4|1|0,58.44035820594813,3.6785579383201816,7.522071763064075,1.861423189190814,58.55404624140038,8.883037143448528,-6.494928691227808,14.825172715640115,-19.289836495350396,0.20221616141119772,0.9854322547512311,1.187648416162429,1.2638510088199857,11.612720881246393,97.54910714285714,9.601584413268256,119
placebo|35,58.33562487539869,4.023491683585901,7.4867461496104015,2.3223075756354516,57.775937512330074,8.865177265652257,-5.709043233739733,15.632950671689597,-19.664298778798166,0.22410865997261334,0.9887182923411459,1.212826952313759,1.4006791248288335,11.644963781493,97.54910714285714,10.22559715739224,119
placebo|91,58.294926556336506,4.157362539046206,7.508154491064266,2.042998333668544,57.212555927408545,8.883037143448528,-4.775858259078653,16.551533027654774,-21.01237286390146,0.2095060412767074,1.012286627182156,1.2217926684588634,1.3094127579794215,11.988582668143327,97.54910714285714,10.662306670223622,119
placebo|147,58.47869440672248,3.552144979671812,7.507646113774542,2.0496310041970833,58.18196674921341,8.872092128072232,-6.38421338538796,14.944603418754157,-19.545413404678463,0.21093155868540497,0.9840617379956126,1.1949932966810175,1.3183222417837808,11.594442680432085,97.54910714285714,9.860851965626708,119
placebo|203,58.374356260324475,3.8960039904500587,7.5006846743560525,2.140455151932541,58.887850468281044,8.879019227577063,-7.200607622192457,14.13006795758834,-18.956393770850468,0.21279033432407496,0.9794969562551394,1.1922872905792146,1.3299395895254686,11.505587451159073,97.54910714285714,9.943962132445064,119
placebo|259,58.369740297722345,3.91120227067262,7.507584865444364,2.050430095743272,58.55261424809712,8.908534276303053,-6.775023141475864,14.537278597290447,-19.37132591052249,0.1944164933095918,0.9872822811629588,1.1816987744725507,1.215103083184949,11.657530763583248,97.54910714285714,10.265993438216919,119
Unhedged,44.77629260871338,0.0,6.16957069100817,0.0,26.952425961049077,9.777502539376469,82.980031731175,0.0,0.0,0.0,0.0,0.0,0.0,0.0,0.0,0.0,120
always|1,44.5877721397057,0.8402821967390062,6.153899482472588,0.25400808776567807,27.598450596757175,9.777502539376469,78.4839975538235,-4.378121152646524,9.07715507017527,0.1179130247049633,0.4359794120507175,0.5538924367556808,0.7369564044060207,4.1141485861789135,87.19494047619047,2.3931840556923127,120
ratchet|-1|4|1|0,44.65562579495355,0.5382501111282689,6.1545216403312155,0.24392379033580935,28.064984025199347,10.495904460167477,76.85927039960961,-5.991082878519381,10.449950319088526,0.1296784530460134,0.6031301993519385,0.7328086523979518,0.8104903315375835,5.756877789829891,96.84821428571428,3.535930877724195,120
placebo|35,44.577295931006915,0.886873260145471,6.113639785466513,0.9065607372515161,27.8248215620321,9.984314014523797,76.96857545179051,-5.861336572235347,10.874742397598999,0.15011970714914447,0.6087320852218363,0.7588517923709809,0.9382481696821529,5.806721056614882,96.84821428571428,3.8873700020980317,120
placebo|91,44.663319125684566,0.5039763533421504,6.141150224498561,0.4606554966787302,28.408277308860598,10.356634413343329,77.38710569341302,-5.459780078110377,10.751865159758449,0.1331459596515828,0.6154559442473214,0.748601903898904,0.8321622478223922,5.882206723368471,96.84821428571428,3.831767640479445,120
placebo|147,44.71990244994249,0.2517164655664983,6.158545842164639,0.17869718000961266,28.828515571125912,10.603683531403847,76.2805751586378,-6.543171945522455,10.908903408029419,0.15628462701472573,0.6156148157995672,0.771899442814293,0.9767789188420358,5.8782559684485545,96.84821428571428,3.391547942804344,120
placebo|203,44.66385279531935,0.5015986382565729,6.189662318274043,-0.3256568126394077,28.567158408308913,10.775987354394323,76.17514113183032,-6.656486425238991,11.20770853552212,0.14840417410568083,0.6178369117026571,0.7662410858083379,0.927526088160505,5.915863803406489,96.84821428571428,3.574495938332065,120
placebo|259,44.66086300881375,0.5149189858092762,6.184297565171337,-0.23870176549936062,28.1316068771988,10.421091564709727,75.9203930939958,-6.909491822511469,11.653175612727564,0.15014681466772514,0.6163413240592324,0.7664881387269576,0.9384175916732821,5.885650984553097,96.84821428571428,3.389740956358583,120
Unhedged,50.416102642150136,0.0,7.650550372422024,0.0,44.378252022513735,11.977756959760354,39.84547917617746,0.0,0.0,0.0,0.0,0.0,0.0,0.0,0.0,0.0,121
always|1,48.781950705230805,6.377596559076815,7.218907295556715,5.641987253900782,46.59821772415654,10.757095955915405,32.41144185626354,-7.284908246890092,3.8447861127809295,0.14912907302384365,0.6503426696636069,0.7994717426874504,0.9320567063990228,6.370276836767366,95.5684523809524,5.958429822166096,121
ratchet|-1|4|1|0,48.658819634965525,6.849626800241959,7.0465994987414575,7.894214720258974,51.87502971653588,10.237784543615012,23.703199270400546,-15.925059120024587,3.7234439702907536,0.21722078575234932,0.9472920929685029,1.1645128787208525,1.3576299109521837,9.229999543518714,98.48065476190474,9.845132752700735,121
placebo|35,48.817433981034725,6.2413478969188585,7.108802426360279,7.081163049583806,53.91882215604693,10.200994363749148,22.039926636621157,-17.60021093334561,5.854998042597305,0.20534160621070133,0.9353126955697002,1.1406543017804016,1.2833850388168833,9.035939112942371,98.48065476190474,9.228575366627648,121
placebo|91,48.63997626861417,6.921758707811265,7.029489650224032,8.117856781085099,51.45204940994812,10.196964622374052,24.90889617758991,-14.706822111894923,3.2847522299066743,0.2297608866926307,0.9430581605380453,1.172819047230676,1.436005541828942,9.201042566366143,98.48065476190474,10.135512287168243,121
placebo|147,48.62297942815159,6.9867981969053865,7.03240993987839,8.079685806289817,52.342271439881486,10.413661219304815,23.747852483531396,-15.888121170942114,5.43171706885147,0.2095055217039641,0.9468268550519848,1.1563323767559488,1.3094095106497758,9.186522209733216,98.48065476190474,9.252416767837282,121
placebo|203,48.68257837632407,6.7586391459157795,7.068842895826517,7.603472276875534,52.80336460777879,10.458226568061923,22.432295714006674,-17.198295745751597,5.805013700968445,0.21488771641920987,0.9399991577824982,1.154886874201708,1.3430482276200617,9.094124720016925,98.48065476190474,9.21061441290052,121
placebo|259,48.5734566995502,7.176170458787534,6.99479566053393,8.571340360713087,51.91681510437682,9.846082677362066,23.733886525914812,-15.913883919377467,5.055822993132182,0.19770873088519184,0.9545333124322913,1.1522420433174831,1.2356795680324488,9.280798880230922,98.48065476190474,9.62615593904523,121
Unhedged,62.24135798472601,0.0,9.304445030309969,0.0,83.29175975570139,15.916795223662088,-15.699892509752184,0.0,0.0,0.0,0.0,0.0,0.0,0.0,0.0,0.0,122
always|1,61.10019360563843,3.6332852453739184,8.833222055286827,5.0644930835541,79.65603182043472,14.464441850209885,-13.342138691351325,2.522413445142905,-11.579318602693608,0.16465962674204807,0.8741091957778889,1.038768822519937,1.0291226671378,9.759095497932032,91.1190476190476,5.738173396050479,122
ratchet|-1|4|1|0,61.15025165712147,3.475318281481332,8.821313512509917,5.192480757597162,78.51850583567848,13.754220510525627,-10.034511487913079,5.8462749266059655,-16.25366345318909,0.18089390476686312,1.0778284218286334,1.2587223265954965,1.1305869047928945,11.955036739132039,96.50297619047618,6.987888034223988,122
placebo|35,61.171589573630044,3.4079434174108747,8.80606137250032,5.356403914323993,78.9347163924442,13.496749571832945,-13.889018912458168,2.018881835065042,-14.403170984616873,0.20800823777102223,1.1334520785939262,1.3414603163649481,1.300051486068889,12.494546382628702,96.50297619047618,7.334813641093165,122
placebo|91,61.30462791350997,2.987342260320891,8.84981637171988,4.8861448169030925,78.75022794121209,13.818936194470504,-12.418485836079448,3.4858594079313363,-14.756521130679188,0.20445273425858504,1.1142745630780795,1.3187272973366646,1.2778295891161566,12.294353932256273,96.50297619047618,6.871077693823921,122
placebo|147,61.210246722563184,3.2858228912597265,8.833402955233066,5.062548852107196,78.71592941383484,13.704543152167975,-12.06324990045245,3.8455651716273738,-14.588890815271593,0.20892256232764117,1.0874045826526693,1.2963271449803107,1.3057660145477574,12.016240702783946,96.50297619047618,6.814500374726269,122
placebo|203,61.380393543993534,2.747400596698135,8.86349986104562,4.73908081382538,78.08762294510544,13.97763748386581,-10.11178382410317,5.811173566469534,-15.823345367825539,0.22306488082053363,1.1115688720300332,1.3346337528505667,1.3941555051283347,12.31289832224285,96.50297619047618,6.742967072465081,122
placebo|259,61.16392818528501,3.4321370968456333,8.831210651991517,5.086110743594629,77.81795312326821,13.282468141535384,-10.485766645857387,5.423742262887742,-15.840954728625901,0.20961639899294687,1.114137720381832,1.3237541193747788,1.310102493705918,12.281591173035078,96.50297619047618,6.99041981541435,122
Unhedged,56.555075995086355,0.0,8.331237365508695,0.0,57.04617175498636,13.854788216569395,55.950075891134425,0.0,0.0,0.0,0.0,0.0,0.0,0.0,0.0,0.0,123
always|1,55.7181085018575,2.937930050007065,7.981909164007388,4.192993023431613,53.944475763169045,12.349477407668125,55.985724289338506,0.19864139468881772,-3.766766975356938,0.16299299648472207,0.7598718070178838,0.9228648035026061,1.0187062280295132,7.664116660103293,99.26041666666667,4.365141255216003,123
ratchet|-1|4|1|0,55.18909486783215,4.7722852650009635,7.8220707664080305,6.111536339231116,51.41537139659877,11.922895171767403,58.17280006719192,2.4325422450282774,-7.744930435949623,0.20981806897076094,0.9919979524903737,1.2018160214611349,1.3113629310672559,10.170566484920567,99.94047619047619,8.797990991703685,123
placebo|35,55.16662143028788,4.849824437297623,7.796442082443837,6.419157918593332,51.353913011712606,11.848659083179943,57.0550189661012,1.3207602698003222,-8.217249184092013,0.21581719483353554,0.9830583485351556,1.1988755433686913,1.3488574677095968,10.083526899261283,99.94047619047619,8.745208362000435,123
placebo|91,55.205480899897104,4.7157293081258045,7.822644944874418,6.104644464216669,52.08046841173483,11.882218602683519,56.62466896679311,0.8878036436053204,-7.76485325823722,0.21321056794662785,0.9827785221729027,1.1959890901195305,1.3325660496664238,10.083892348793047,99.94047619047619,8.368714376227349,123
placebo|147,55.179217386494244,4.806369020295453,7.8084821064251795,6.274641282550908,52.24690378050552,11.862185065549133,57.02729155373799,1.2863379893774223,-6.967898462622368,0.209122326773837,0.9707781566949448,1.179900483468782,1.307014542336481,9.94385228952372,99.94047619047619,8.28283671681996,123
placebo|203,55.19705925935201,4.744798475067258,7.815054213363084,6.195756158414223,53.09666455651738,11.875908489695226,53.64155125023708,-2.070824122930859,-6.207806104512923,0.23770051796646918,0.9566427973326364,1.1943433152991054,1.4856282372904326,9.800336194160145,99.94047619047619,8.499600451211405,123
placebo|259,55.17549809843531,4.8192014097173335,7.807765518295513,6.2832425034527795,51.4729288752804,11.681808443547869,57.82912328392711,2.0774438341621657,-8.040349352804373,0.1983964413694592,0.9653727389323083,1.1637691803017676,1.2399777585591198,9.881861125057883,99.94047619047619,8.134993986239554,123
Unhedged,43.59231024163343,0.0,5.959940991339093,0.0,49.579921668037144,7.6228594431472745,34.81315107180363,0.0,0.0,0.0,0.0,0.0,0.0,0.0,0.0,0.0,124
always|1,43.55238178076808,0.1831064899687651,6.144885011844023,-3.1031183156626563,46.47061376010928,7.636611290557717,32.58561606582378,-2.122496207372537,0.9485049316085763,0.10503879860731927,0.4207221722670358,0.5257609708743549,0.6564924912957456,3.8536938704019232,94.39434523809524,0.13987852406154672,124
ratchet|-1|4|1|0,43.863474957151766,-1.2479636898259372,6.259260810171558,-5.022194334934382,46.26972209126421,8.209962107460187,27.30100735639808,-7.38043165058351,5.0000569083438355,0.1317120648220565,0.5859480885776616,0.7176601533997179,0.8232004051378531,5.310851416726646,96.34375,-0.3678632388201148,124
placebo|35,43.84238515938686,-1.1506259504563632,6.254399328770063,-4.940625047443814,46.348502031658846,8.084489567964194,27.353457504458298,-7.325959163415415,4.6486120637976605,0.1337344039299312,0.5842269239581953,0.7179613278881264,0.8358400245620698,5.29314666679031,96.34375,-0.49631628504860775,124
placebo|91,43.903729268522895,-1.4338831691677267,6.275732164452472,-5.298562075904467,46.34278055199069,8.663782259425911,27.641296202190883,-7.043714834896468,4.712759525037612,0.12814003471627566,0.5971618278015753,0.725301862517851,0.800875216976723,5.40610354306821,96.34375,-0.5305437080459933,124
placebo|147,43.808725250489246,-0.9953691660440578,6.221608356208514,-4.390435496755285,46.49803769472965,7.639097774943049,27.331969611191063,-7.341194669425601,5.023782413624528,0.13998679118696827,0.5941550605087413,0.7341418516957096,0.8749174449185517,5.365673740946625,96.34375,-0.06539201510936105,124
placebo|203,43.755401695006846,-0.7496576283302803,6.214555205375238,-4.272092868136568,46.42807021936592,7.653493519896869,28.529747641809944,-6.152458231100296,4.236801338980811,0.1309451988934032,0.576712366805716,0.7076575656991193,0.81840749308377,5.209533171875136,96.34375,0.09626857765132268,124
placebo|259,43.89618495146518,-1.399025828417133,6.29891466589181,-5.687534071986766,46.379648494846634,8.673348607593775,27.752970527928966,-6.916629933571656,4.771344403623037,0.14355061030300975,0.5776447863351711,0.7211953966381809,0.897191314393811,5.220899288820473,96.34375,-0.8781097886892615,124
Unhedged,48.980323364185075,0.0,8.394832071711033,0.0,75.54883483790466,14.819308101674746,-30.292074665074892,0.0,0.0,0.0,0.0,0.0,0.0,0.0,0.0,0.0,125
always|1,47.611524877846165,5.511079760446858,8.105415310459383,3.44755867394807,69.46152504909419,13.11545548674371,-29.22187747503088,1.2295418269969518,-4.902365556415623,0.1593446369529456,0.735641543577968,0.8949861805309134,0.99590398095591,6.752597666614533,92.7172619047619,4.113161005830449,125
ratchet|-1|4|1|0,47.83031379901273,4.640675860552634,8.130690005785999,3.1464842139623084,69.10491935606741,12.623023939227895,-31.333163212659148,-0.8334305755863565,-3.8761112724163014,0.20765797199790442,0.9313505720882918,1.1390085440861961,1.2978623249869028,8.519456904162274,99.59672619047618,4.655001521171267,125
placebo|35,47.786257757569885,4.816264067332698,8.09099198364227,3.619370649386122,68.49545408037852,12.698465262270675,-29.48053011702338,0.9941820395240728,-4.21172277875429,0.18263749147256395,0.9208364546534152,1.103473946125979,1.1414843217035247,8.42551243405062,99.59672619047618,4.949841553273739,125
placebo|91,47.563803726231015,5.700397802624257,7.960205835145222,5.177307096236228,68.17626019678671,12.731905950717708,-30.36351986695267,0.10510234967024001,-3.9645317850749717,0.17654755154801702,0.9505720953675034,1.1271196469155202,1.1034221971751068,8.692213072739602,99.59672619047618,6.167541956620242,125
placebo|147,47.69971796183267,5.160702940771655,8.032795759527543,4.312609342162799,67.733803125461,12.61611874516499,-28.22041352140154,2.269950488893959,-4.672511470749109,0.19828934522060512,0.9384632307188175,1.1367525759394226,1.239308407628782,8.586061694309734,99.59672619047618,5.727923842242031,125
placebo|203,47.74735955644576,4.971160866651026,8.053592870036182,4.064872278085952,67.9096232476911,12.595831515070422,-28.047515426727593,2.4375937822546065,-5.1056962867278655,0.1930345439073161,0.9263952350046754,1.1194297789119916,1.2064658994207256,8.484349672580347,99.59672619047618,5.698180688029493,125
placebo|259,47.757296608447945,4.931602458051465,8.079655528912767,3.7544115249231624,68.39821443662419,12.666108186900665,-30.783659605986582,-0.29897789931425456,-4.876137008825686,0.19260704159744194,0.931765889387214,1.1243729309846562,1.203794009984012,8.521523061467436,99.59672619047618,5.039999799601651,125
Unhedged,56.935735653033696,0.0,8.52200144646191,0.0,47.14368743477575,13.365051522350683,21.31380649499795,0.0,0.0,0.0,0.0,0.0,0.0,0.0,0.0,0.0,126
always|1,56.20789069103581,2.5403824365091254,8.460000836176668,0.7275357869246046,46.864025172108455,13.391561635847141,9.490628709477196,-11.621019907873967,4.9538687185308055,0.20215787764679308,0.8807535206891791,1.0829113983359726,1.2634867352924568,9.025707687554837,97.08928571428571,1.0944167835612768,126
ratchet|-1|4|1|0,56.78757722393246,0.5197637586890402,8.695841642656156,-2.0398986938264363,49.4246954945614,13.382616107549945,-1.3062130062198718,-22.379461060383818,8.06152941539829,0.24055844083400169,1.214454605489001,1.4550130463230027,1.5034902552125107,12.473846864484557,100.0,0.10907949903107134,126
placebo|35,56.80632779335229,0.45405857744009737,8.6629525777178,-1.6539674645843716,48.951962266756595,13.338100538598162,0.6588825647799441,-20.392866225094394,8.657659885571517,0.2620577051236111,1.2350784836485706,1.4971361887721817,1.637860657022569,12.647961429997942,100.0,0.32394927716426125,126
placebo|91,56.81633321767036,0.4189889950341641,8.644318839991898,-1.4353129871946813,47.854260711031316,13.329188921661297,0.4517605638162787,-20.625162340806728,7.781108586659203,0.236883590374946,1.2399611769379923,1.4768447673129383,1.4805224398434123,12.696704361183583,100.0,0.46710934046775626,126
placebo|147,56.71985311659037,0.7568998780043912,8.686170773956615,-1.926417503283373,49.71987528175925,13.365785367308158,0.7653996530157148,-20.30547257951435,8.312244492304188,0.24293426246787103,1.2157722385497685,1.4587065010176397,1.518339140424194,12.451645798778689,100.0,0.1907097305326812,126
placebo|203,56.8498288187722,0.3015400556582337,8.641520226547806,-1.4024731260227297,48.253112149416665,13.21130276385582,-0.7316321506405504,-21.795905110064474,8.992699677700212,0.24953353557403693,1.2247631836184911,1.4742967191925278,1.5595845973377307,12.516521593370369,100.0,0.46014731112131246,126
placebo|259,56.75483726857312,0.6344381214219319,8.650995273793647,-1.5136564824838494,48.92922911629939,13.539812711089535,-0.061741494337050826,-21.158245863561657,8.68604613674289,0.2173021257733604,1.2175615783994875,1.434863704172848,1.358138286083502,12.460344837572565,100.0,0.4611867325028724,126
Unhedged,55.64363130707485,0.0,8.183270413613783,0.0,54.44389698928478,15.581766209565478,51.59247206532084,0.0,0.0,0.0,0.0,0.0,0.0,0.0,0.0,0.0,127
always|1,55.2934933170751,1.254542015916138,8.30854985971931,-1.530921499271387,54.42270626436526,15.225080260278004,42.419745976455005,-9.019798749673436,1.824702510724781,0.15292733919240015,0.5903425668828949,0.743269906075295,0.955795869952501,6.118944753491203,82.88988095238095,3.683737597671837,127
ratchet|-1|4|1|0,55.169007973958244,1.6986638913663143,8.166984755054015,0.19901161438677928,54.42744072677392,15.196115295977588,43.979978027295985,-7.407885934847422,-0.5913704544668843,0.20460810317742872,0.7511685960039608,0.9557766991813896,1.2788006448589297,7.852638618882639,89.79910714285714,6.349725481151363,127
placebo|35,55.23318304799932,1.4698337957045782,8.210692554014795,-0.3351000152138628,53.92598337827623,15.196115295977588,43.77373165530597,-7.591935625540626,0.7159452624351137,0.22680478447422558,0.7473640997637568,0.9741688842379824,1.41752990296391,7.805873031797845,89.79910714285714,6.01246306875983,127
placebo|91,55.19349942943611,1.611365704161194,8.168631017166762,0.17889420374849196,54.234800993620524,15.196115295977588,45.18186095008367,-6.190287754620729,0.10007637216497306,0.22032336061645005,0.7475622579195726,0.9678856185360227,1.3770210038528128,7.807745980224368,89.79910714285714,6.207042447737862,127
placebo|147,55.04053416392608,2.1559656518138626,8.112582532637342,0.8638096678174612,54.576759666751215,15.196115295977588,45.105576096214776,-6.269149130867497,0.48881383983994525,0.2177468382385453,0.7428680283952104,0.9606148666337555,1.360917738990908,7.758101290030991,89.79910714285714,6.824453908834545,127
placebo|203,55.3559618299455,1.0312981583713965,8.244936133248016,-0.7535583760209796,54.507708858430206,15.196115295977588,44.9663077374536,-6.396175358422349,0.3362602519996102,0.22998896944490588,0.7429925387545172,0.9729815081994233,1.437431059030662,7.762195100170696,89.79910714285714,5.9367066937226785,127
placebo|259,55.1923424670784,1.6154904925661406,8.164070271568885,0.23462675769526653,54.02902595721344,15.196115295977588,44.16513486157286,-7.220250198106561,1.2431090485145557,0.20708700564142138,0.7651450265424417,0.9722320321838629,1.2942937852588836,7.983968664896102,89.79910714285714,6.236080031211567,127
Unhedged,49.96297940729057,0.0,7.137237319775657,0.0,31.497556490714164,13.061065787143342,73.79402024365699,0.0,0.0,0.0,0.0,0.0,0.0,0.0,0.0,0.0,128
always|1,48.96513514561971,3.954447729065602,6.622470369763797,7.212411847166111,36.645735343331886,12.963746351127698,76.26707997862341,2.6335266337494447,-4.9581550103039245,0.16046689878304174,0.5821608082818358,0.7426277070648776,1.002918117394011,5.827168846978722,99.18005952380953,7.154505075649142,128
ratchet|-1|4|1|0,49.077209045668305,3.5142766392491587,6.557740209564216,8.119347644582142,38.02767816466017,12.788457399969186,83.87739371937491,10.302209586421997,-14.865555541489108,0.21883611070409054,0.8431885500544642,1.0620246607585548,1.3677256919005658,8.482297329127647,100.0,14.54333577670123,128
placebo|35,48.98108869559896,3.891851470264196,6.547409949993016,8.26408515446676,37.603096427137906,12.698304143177626,81.51547108060092,7.922707743701607,-12.031639394601546,0.20125690675769511,0.8388420491946839,1.040098955952379,1.2578556672355943,8.40024362957396,100.0,12.926966059681197,128
placebo|91,48.993513526155155,3.843086571522769,6.536877770474516,8.411651769483452,37.24084594163245,12.850368641284351,85.19098366294656,11.612808736990004,-13.478039238239253,0.21584531770045476,0.8544430211237132,1.070288338824168,1.3490332356278425,8.585098569222518,100.0,13.81922423900388,128
placebo|147,49.049794990548826,3.62203852041586,6.560129438045231,8.085872108124981,37.51946359595523,12.671584057309563,83.63111683960183,10.085392655315514,-12.64848551514075,0.2482960593706905,0.8435733956385979,1.0918694550092887,1.5518503710668157,8.46805559795161,100.0,14.078018574685434,128
placebo|203,49.07907259193866,3.506949041483376,6.580580810605281,7.79932744604146,37.4411924113765,12.843285770118873,81.30525035665002,7.726789700944225,-11.940978211462154,0.21555958795121322,0.8606684756638502,1.0762280636150632,1.3472474246950825,8.610963623517963,100.0,12.89133653948068,128
placebo|259,48.985573988538086,3.8742490466114776,6.555812589279925,8.146355577735065,37.56035421522025,12.666165669639561,82.56864909089256,8.989547187775473,-10.496617520791562,0.2149183405398991,0.8583058260022923,1.0732241665421915,1.3432396283743693,8.576242118724874,100.0,13.880199418290385,128
Unhedged,49.62651500925712,0.0,7.956571683798252,0.0,73.36965502879342,21.191785780702908,-29.607355834176357,0.0,0.0,0.0,0.0,0.0,0.0,0.0,0.0,0.0,129
always|1,48.330514688409394,5.154815911366639,7.605174502068607,4.416439588487419,70.51545120742713,18.720308844551045,-32.56463528685106,-2.8269902337347217,-1.6763267205153547,0.13028921893996778,0.7202152938013576,0.8505045127413255,0.8143076183747987,6.733236216704372,95.1502976190476,5.950059804506312,129
ratchet|-1|4|1|0,48.275455137175655,5.370793692772091,7.4982506986759,5.760282233812076,68.4446670987347,16.4694658303344,-30.299093390220985,-0.5096543092850496,-7.766992052380489,0.18208324675956888,0.9271195024600196,1.1092027492195886,1.138020292247306,8.78783756661094,99.48958333333331,8.803988996350745,129
placebo|35,48.41868013420746,4.808463503875593,7.482587706765951,5.9571382734785345,68.9639128014479,16.417187597735637,-31.323614261719406,-1.539811894891204,-6.705322799879955,0.17644653265183552,0.9434651554815594,1.1199116881333948,1.102790829073972,8.910528208576782,99.48958333333331,9.264353899988725,129
placebo|91,48.23756321528776,5.519286348645414,7.441088047136597,6.478715421006265,68.71601659227781,16.25791188060749,-30.43564757467828,-0.6706881492092954,-6.985865866423195,0.15760359129262186,0.9380701512130574,1.0956737425056793,0.9850224455788865,8.881330944599359,99.48958333333331,9.384782619476848,129
placebo|147,48.270173567179775,5.391498352544765,7.481285428910287,5.973505597338846,68.55215059523533,16.13449069069948,-29.997065838155773,-0.22908955066987094,-7.65281121529484,0.16062045330952923,0.9457978194637855,1.1064182727733145,1.0038778331845575,8.960124699709255,99.48958333333331,9.637669242087364,129
placebo|203,48.328545241611074,5.162545551304798,7.545883721151841,5.16161958903335,69.24306385864818,16.23115917261949,-32.36363414434466,-2.59029892976946,-5.741414684735841,0.1659793803988329,0.9564889626863997,1.1224683430852322,1.0373711274927055,8.982109851526435,99.48958333333331,9.074549020831975,129
placebo|259,48.39581321949315,4.898355369236995,7.563118456934177,4.945009515407916,69.27347945910222,17.109404594943594,-31.936519197725808,-2.1616133306688345,-4.680002082819999,0.1675500328806019,0.9487589756601919,1.1163090085407934,1.047187705503762,8.898097982658188,99.48958333333331,8.593285063905618,129
Unhedged,44.20025762050394,0.0,5.690927575516751,0.0,31.191111166376217,12.227078370180399,58.17134857462595,0.0,0.0,0.0,0.0,0.0,0.0,0.0,0.0,0.0,130
always|1,43.94629484667077,1.145844782914196,5.711768178416242,-0.366207487671244,29.82709384633867,13.236194926873813,50.89898494784276,-7.168962496585367,8.517702895625822,0.10340113019781391,0.5048578807783815,0.6082590109761954,0.6462570637363371,4.949746973010513,92.13690476190474,1.980040704874611,130
ratchet|-1|4|1|0,44.14887158984413,0.2323794629985665,5.776604761191316,-1.5055047624074724,29.091635609217413,13.445636952605774,47.79858548508485,-10.239398019617711,11.14692240625324,0.13336506992340139,0.6988483988280239,0.8322134687514254,0.8335316870212587,6.845147468856008,99.17410714285714,1.8858033947027095,130
placebo|35,44.08753543187059,0.5094017962746111,5.76830574294679,-1.359675842000363,29.400053200031685,13.364379053730868,48.62585719556506,-9.424873596429256,10.511265836873344,0.12061778263163395,0.6815392979753182,0.8021570806069521,0.7538611414477121,6.685951812752651,99.17410714285714,2.06391903811434,130
placebo|91,44.12783015447817,0.32745567262184583,5.776693574095691,-1.5070653674792656,29.873328617767136,13.431047676452115,47.78936391391907,-10.245511881104035,10.754451862575205,0.1364727796028479,0.6722419470896805,0.8087147266925281,0.8529548725177992,6.575976777075803,99.17410714285714,1.8985386940505837,130
placebo|147,44.13443898893484,0.2975983843843122,5.769125256490543,-1.3740761929603496,28.714878450360757,13.431399717090859,49.674221982552936,-8.365641957808682,9.732009597844714,0.13148463426432197,0.6813629805983421,0.8128476148626642,0.8217789641520123,6.681473455783649,99.17410714285714,2.002400744495815,130
placebo|203,44.10312575530449,0.43902522206468175,5.74121530898489,-0.8836473984396465,28.558900674264866,13.320065606762055,49.18628217809601,-8.849210644454867,10.515060835368763,0.1358557520750708,0.6803075234806475,0.8161632755557183,0.8490984504691925,6.682670255945053,99.17410714285714,2.347958969719855,130
placebo|259,44.07507767399743,0.5656197117876238,5.723388579896839,-0.5703991827226806,28.69414167084454,13.378270163966558,49.13826623125141,-8.891983500235936,10.653460159326116,0.14109884313861246,0.6949993655797423,0.8360982087183547,0.8818677696163278,6.808657093841608,99.17410714285714,2.2893277494190545,130
Unhedged,49.82495367643612,0.0,6.572253240606743,0.0,38.633762023632535,10.949120052104567,52.69506643107869,0.0,0.0,0.0,0.0,0.0,0.0,0.0,0.0,0.0,131
always|1,48.94301459690481,3.5088184661639765,6.373542175158992,3.0234846128571635,37.81957477980789,10.949120052104567,47.94693506075006,-4.611493046254332,8.680837287274299,0.1366383240743416,0.5454422382746796,0.6820805623490214,0.8539895254646347,5.596484626801508,97.8809523809524,6.1566866034985335,131
ratchet|-1|4|1|0,49.109087548729406,2.852881651088368,6.3523493000387345,3.3459444199339328,37.753954998568695,10.813839911952543,41.98066453413692,-10.521413990632045,8.634172048682665,0.19298790630974466,0.8128264091287603,1.0058143154385049,1.2061744144359043,8.35440165966268,100.0,10.43069862650138,131
placebo|35,49.004229749299085,3.2672961027383263,6.296378273787312,4.197570554873542,37.75344700879767,10.824895376895793,40.70980070068272,-11.804912481408781,10.451930083469762,0.18035324898721106,0.8272660436045307,1.0076192925917418,1.1272078061700692,8.470308074765828,100.0,10.494857476158586,131
placebo|91,49.023111504476994,3.192737840239168,6.318845349012431,3.8557231792078372,37.36068304360792,10.83724331344695,40.68279235569611,-11.83087820106742,10.240197284297963,0.18139587431518986,0.8186820746562653,1.000077948971455,1.1337242144699364,8.391339926302098,100.0,9.789589928450923,131
placebo|147,49.091272455280595,2.923352155080483,6.358436323742536,3.2533274211519525,38.24500198114615,10.837847512334472,40.090819709082226,-12.407035898352987,9.24808977000179,0.19721082364350445,0.8198547402274201,1.0170655638709247,1.2325676477719028,8.425584385616212,100.0,9.406021772541358,131
placebo|203,49.023387468299866,3.191647930744579,6.363515070577064,3.1760518407901284,37.67996788628037,10.847999463248964,39.6809917023042,-12.826777904108067,9.743819270506618,0.1872968246664561,0.8061652918748942,0.9934621165413502,1.1706051541653506,8.270765865012446,100.0,10.344928145730947,131
placebo|259,49.026167106315214,3.180669505209033,6.306600177338156,4.042039366761552,37.20584147626798,10.839838041164654,41.26844171885702,-11.248915077828203,10.184578567547725,0.17770963439349777,0.8240732931061748,1.0017829274996726,1.1106852149593613,8.433615112731237,100.0,10.160404552513594,131
Unhedged,48.184060262328295,0.0,7.833020329246393,0.0,48.42405760329077,19.541993108668574,3.872690347743931,0.0,0.0,0.0,0.0,0.0,0.0,0.0,0.0,0.0,132
always|1,48.07739479547982,0.44225166222884305,7.684266473893738,1.899061270111202,50.78520733671815,18.05678314665981,0.5086186750304056,-3.2502637658675857,0.3712269103390163,0.11380790684593471,0.5193550990060967,0.6331630058520312,0.7112994177870918,4.218455361496554,92.5,2.813979032850109,132
ratchet|-1|4|1|0,48.154284883818775,0.12355197336212376,7.500402903428949,4.2463495795554085,46.77187310141066,16.929232559686987,4.9079550617653815,1.2218153501467943,-6.415707317172105,0.18655063612534176,0.7642637171755277,0.9508143533008695,1.165941475783386,6.290109658409286,96.36011904761904,5.591084036307787,132
placebo|35,48.21235236259824,-0.11746791869626794,7.543775862890014,3.692630099227734,46.71568718836685,17.31681368627415,6.266559698588469,2.5743392766742454,-5.773552430842974,0.18046992582969515,0.7326244193361695,0.9130943451658646,1.1279370364355947,6.042698718100133,96.36011904761904,5.459170090663186,132
placebo|91,48.05551368655352,0.5328530027483458,7.51105584979477,4.110349085262721,45.9472062832843,16.726915306787483,6.554970352202657,2.8489611991602737,-6.494064300138845,0.16668119470153797,0.7345905795078043,0.9012717742093422,1.0417574668846123,6.053955786313503,96.36011904761904,5.277849102715399,132
placebo|147,48.15535465317276,0.11911432257598609,7.510675160291387,4.115209145461495,46.98886291364555,16.809052028535753,4.4356005918572405,0.7581372165833886,-6.336121762119348,0.19522697247007356,0.752091603782235,0.9473185762523085,1.2201685779379599,6.192757385946152,96.36011904761904,5.144084928258619,132
placebo|203,48.27702311820834,-0.38623782758506753,7.550197751287081,3.610645269275359,46.7254666870697,17.143988745967004,5.1117853373151645,1.413587186262194,-6.438674016277941,0.1744921966909492,0.7548801655549713,0.9293723622459203,1.0905762293184327,6.211051266969999,96.36011904761904,5.113211657733983,132
placebo|259,47.496359618097216,2.8341035693047023,7.410659026545099,5.392061873302046,46.10493306525528,17.362220977916127,4.873416808248234,1.2006402834094938,-5.406679973787669,0.19991382290517942,0.7480499201748887,0.9479637430800683,1.2494613931573717,6.140280142664898,96.36011904761904,6.42450273592755,132
Unhedged,52.86343740673751,0.0,7.438368264449974,0.0,28.2871102585762,14.876134888200893,137.45217476674497,0.0,0.0,0.0,0.0,0.0,0.0,0.0,0.0,0.0,133
always|1,52.16019821989593,2.642891368469291,7.042450131596656,5.322647639610967,28.039792437873544,14.474391773763653,132.36271415849595,-4.950057131512013,0.4447860012893538,0.1394034767370157,0.5742669454481582,0.713670422185174,0.8712717296063482,5.6263749530754,92.18303571428571,5.488225129561921,133
ratchet|-1|4|1|0,52.3828317438587,1.8100259215544479,6.984769811518193,6.098090828598169,27.879946694068934,13.864241557284096,126.88825065957742,-10.353401268978065,0.19501166903884565,0.21052283818949274,0.7972553663960015,1.0077782045854942,1.3157677386843298,7.805067767509821,98.31696428571428,7.862554860361318,133
placebo|35,52.45996912587948,1.5206297970009164,6.975795527057718,6.218739392119355,27.745138241781696,14.364135263932484,127.974267638888,-9.270642392699182,2.201477094365557,0.20726473515778857,0.7898019052587245,0.9970666404165129,1.2954045947361783,7.713554018849446,98.31696428571428,7.817391606888278,133
placebo|91,52.32634591867747,2.0216735603176272,6.92216042154594,6.939799490314746,28.099134050886775,13.744954483463365,128.01576159482684,-9.237024303812914,1.0947625502878233,0.19938886810522735,0.7876743971422823,0.9870632652475096,1.2461804256576712,7.702019532245487,98.31696428571428,8.001633569237798,133
placebo|147,52.378399016050636,1.8266432367431862,6.940467274701664,6.693685658559234,27.843312203543956,13.863225360938813,128.80782570010916,-8.459248129560885,1.7614287228784078,0.18510093707493463,0.789019928581742,0.9741208656566769,1.1568808567183415,7.70326072163127,98.31696428571428,7.654261011192097,133
placebo|203,52.46851350351304,1.488547679264185,6.985097846244062,6.09368079249607,28.33012858527639,14.05629093017183,127.28169334154845,-9.975677349435616,1.9654822673305756,0.1948040757608973,0.7957949243325786,0.9905990000934759,1.2175254735056082,7.763052302188314,98.31696428571428,7.952269276655032,133
placebo|259,52.38593793434614,1.798380663132193,6.9570118109218555,6.471264078556782,27.8245717896324,13.689467113681902,127.23026806626993,-9.998471548046487,1.676444817690605,0.22343515242856335,0.804667906517656,1.0281030589462192,1.3964697026785213,7.857966937131863,98.31696428571428,8.163111057026981,133
Unhedged,46.404171313672315,0.0,6.475814593659492,0.0,59.52815446138817,11.149469701476795,32.12566356328582,0.0,0.0,0.0,0.0,0.0,0.0,0.0,0.0,0.0,134
always|1,45.36653584518567,4.422163990150874,6.2184726206891945,3.9738934654222846,58.89643063965764,10.849947017012472,27.059366520445035,-4.932174695265718,-0.3565601313067714,0.13412234757505015,0.7123316415197647,0.846453989094815,0.8382646723440634,6.903942661516186,96.39732142857143,9.491697013554798,134
ratchet|-1|4|1|0,45.42841623940421,4.161247977674087,6.169385119344653,4.731906231763727,58.543841332420385,10.945806873082137,25.540510877965204,-6.450031900340335,-0.8011246375266391,0.13512078498027874,0.9264965156140949,1.0616173005943734,0.8445049061267421,8.946549084653649,98.94494047619047,12.461255628805091,134
placebo|35,45.564487712532035,3.5862576104965904,6.2170847009941195,3.9953258223096144,59.5223292456426,11.48007120424239,26.07510183596093,-5.886319451766005,-0.5215132381589782,0.1642422755588839,0.9109735764041117,1.0752158519629957,1.0265142222430246,8.80793770281139,98.94494047619047,11.983857090122147,134
placebo|91,45.7277921815718,2.8939197523989213,6.248214798703556,3.5146125891062474,58.99537039226577,11.878472528540506,26.293475981343267,-5.670370249453134,-2.4004271343158963,0.16181733248942873,0.916294643632922,1.0781119761223505,1.0113583280589296,8.913997849148075,98.94494047619047,12.187685659520083,134
placebo|147,45.62668881176567,3.3228448341776073,6.24840381598944,3.51169377042867,59.43095662205313,11.983625340841359,26.584739680470555,-5.375565201146375,-1.1704594265967325,0.16535868166888978,0.9140111506926071,1.0793698323614969,1.0334917604305611,8.857784831001595,98.94494047619047,11.767862144661116,134
placebo|203,45.566116396668924,3.5793649470591826,6.178313785908421,4.594029113223142,59.30879004205798,11.471636716816091,26.752061792292967,-5.220895517793663,-2.5901062196751017,0.1527062531991864,0.9167699847046222,1.0694762379038087,0.954414082494915,8.919788054125142,98.94494047619047,12.435227204636004,134
placebo|259,45.59362579103631,3.462906746686223,6.217346831793333,3.9912779794410103,58.984574503382724,11.598909544274107,25.775982253625557,-6.198937369156243,-0.29084336074025513,0.15074394050400777,0.915915382803962,1.0666593233079695,0.9421496281500487,8.843795484931663,98.94494047619047,11.581631508064389,134
Unhedged,46.96406206798566,0.0,7.058265869740513,0.0,42.05555334579037,11.558705814144949,51.58616559698708,0.0,0.0,0.0,0.0,0.0,0.0,0.0,0.0,0.0,135
always|1,46.34953014121704,2.599908431317244,6.972100853189822,1.2207675106160054,40.054298289927424,9.915538004823427,43.696374942594105,-7.73941486280333,5.362079771706033,0.1503757915896346,0.6224246058041631,0.7728003973937977,0.9398486974352163,5.788092172396904,96.10565476190474,4.135743467776901,135
ratchet|-1|4|1|0,46.33160191451912,2.675243529439131,6.851494347657466,2.9294946648226516,39.737202160123765,9.653283626471138,43.5705599758382,-7.86716781259942,4.993339943537007,0.14843780854945082,0.7953869443474125,0.9438247528968634,0.9277363034340677,7.436184990184196,98.61607142857143,7.056957460370902,135
placebo|35,46.638550914601105,1.3814098226315519,6.910583517267946,2.0923319579912114,39.233053426848116,9.676725257922243,43.007805302797784,-8.409990637366514,4.586871211826793,0.16836965682277913,0.7954761540677051,0.9638458108904842,1.0523103551423696,7.445776974969226,98.61607142857143,5.972071817074367,135
placebo|91,46.59219490953457,1.5773546726369991,6.937643823055358,1.7089473379328757,38.46576791554692,9.653283626471138,44.72369913016588,-6.70500544469786,4.298785840823442,0.1574610221233254,0.7925781470859268,0.9500391692092522,0.9841313882707838,7.4056872842561114,98.61607142857143,6.090233580567215,135
placebo|147,46.345025993261096,2.6188377756205306,6.871324671010296,2.648542888298566,38.74636736341216,9.66649671160506,43.15176671642055,-8.267891727867013,4.980569664180698,0.16650715269950286,0.8017251825767777,0.9682323352762806,1.0406697043718929,7.496167862566566,98.61607142857143,7.117759383732107,135
placebo|203,46.46521393009373,2.113099913053973,6.8894057916617015,2.392373441226281,38.901226343257775,9.73848451865462,42.3929898326104,-9.027485105185356,5.573487615114983,0.1656906591913205,0.8075776147427466,0.9732682739340672,1.035566619945753,7.548717032712507,98.61607142857143,6.570164701668681,135
placebo|259,46.59002716077554,1.5865128848393972,6.89073586279148,2.3735292781651873,38.86788824524009,9.653803371376654,43.27937735527456,-8.135726007263877,5.039365919957539,0.17106223444863136,0.7964618471031071,0.9675240815517385,1.069138965303946,7.448509291274748,98.61607142857143,6.0783961707430265,135
Unhedged,46.44544115047121,0.0,6.9243804850821435,0.0,70.35395725381592,12.41053065509349,-20.868277094042185,0.0,0.0,0.0,0.0,0.0,0.0,0.0,0.0,0.0,136
always|1,45.86417993430229,2.487322680442594,6.819909621043363,1.5087395076548993,69.07086218383706,12.551970224777753,-16.6945510181158,4.299549311787154,-0.04910063125486012,0.12582323586076544,0.40894809090316747,0.5347713267639329,0.786395224129784,3.646891344699993,86.34077380952382,3.7653422089461945,136
ratchet|-1|4|1|0,45.86430780495806,2.486778943373924,6.747098336981697,2.5602600619995197,69.60981923849631,12.835414589879335,-17.553022591240246,3.512964376657811,-0.9254965047219499,0.19770987385586125,0.6084528668200722,0.8061627406759333,1.2356867115991326,5.458554313500496,99.03571428571428,4.7440676615381605,136
placebo|35,45.87385496309037,2.4461778275079227,6.7419799576839745,2.6341782891788235,69.82147573905843,12.801403940914346,-17.10254816001186,3.9692662975827866,-0.3660459144682944,0.20353736355245744,0.6134716965143873,0.8170090600668448,1.272108522202859,5.494523353204298,99.03571428571428,5.146947804953112,136
placebo|91,45.836738535121704,2.6039751003240297,6.738398925367846,2.685894573745262,69.42380075813197,12.823345857615603,-17.433117907643954,3.6310503315829816,-0.7011146155579557,0.19589114518473064,0.5884322328087374,0.7843233779934681,1.2243196574045663,5.27837601195122,99.03571428571428,4.99407050418194,136
placebo|147,45.822195502175255,2.665768715748529,6.723748672858368,2.8974694942892842,69.64766346840283,12.819004865878094,-17.687549650835322,3.3588677120790464,-0.014829304692481473,0.1781402688721636,0.594337841870077,0.7724781107422406,1.1133766804510226,5.323172107682786,99.03571428571428,5.150871833241405,136
placebo|203,45.87602292527031,2.436956976343563,6.728024662194305,2.8357168314315784,69.56462066700452,12.784044965920739,-17.26493797024679,3.7812223086875405,-0.805139199814376,0.1778831848921392,0.6043549448974302,0.7822381297895694,1.11176990557587,5.419763315821468,99.03571428571428,4.969143903972154,136
placebo|259,45.85703074371396,2.5177203625550093,6.719535043309441,2.958321574240763,69.44423101914103,12.794432199698766,-16.536830117206616,4.532360723146917,-0.1713392954584029,0.2009137463113395,0.6098426502974043,0.8107563966087438,1.255710914445872,5.463928523800009,99.03571428571428,5.2833696348577845,136
Unhedged,48.61668079758433,0.0,7.120204302785709,0.0,48.805088118090126,18.047029831669906,79.39580488499604,0.0,0.0,0.0,0.0,0.0,0.0,0.0,0.0,0.0,137
always|1,48.00364540246643,2.5060136934134114,6.929939524354026,2.672181447900923,48.0964970851382,16.59861033968496,79.37909213278321,0.1019528862972178,-2.8310699800115042,0.11866563851004946,0.36719856852104027,0.4858642070310897,0.741660240687809,3.397444825942407,88.36458333333333,2.5221290033290003,137
ratchet|-1|4|1|0,47.855694924064814,3.1060536899131352,6.726360820983782,5.531350858118489,45.519338944933665,14.612410328960411,83.94025599239616,4.696107407362615,-7.900794233414726,0.1516562999625133,0.563030848072957,0.7146871480354701,0.9478518747657084,5.220097115398372,94.82440476190474,4.784132859576328,137
placebo|35,47.880844367489345,3.004186226321748,6.761365032143036,5.039732785508411,45.455579593446124,15.246653696380752,83.27776855528694,4.062169603124471,-6.850218004335943,0.18020593283359507,0.5655814518644728,0.7457873846980679,1.126287080209969,5.22375117088276,94.82440476190474,4.441008888291973,137
placebo|91,47.784597604079735,3.393742861820348,6.749726433747137,5.2031915558044535,46.69063368528944,15.184662828706145,82.42926248296031,3.1822360843551514,-6.105706083575947,0.14877848639089186,0.550493934275956,0.6992724206668478,0.9298655399430741,5.077589338067217,94.82440476190474,4.6761841814157785,137
placebo|147,47.838360819059055,3.176234079468665,6.740516376205864,5.33254258492688,45.96705630475806,14.712533138591702,83.02815603926678,3.802427696578166,-7.467415785337345,0.17007654230743502,0.5612511629556313,0.7313277052630663,1.0629783894214688,5.187179674475628,94.82440476190474,4.544436378366249,137
placebo|203,47.90542642428056,2.9045652317750137,6.768341929778976,4.941745461841174,46.83942928303687,14.654982210643864,81.92730309956801,2.696960774066968,-6.38018460284976,0.16546255949501332,0.5670847917491338,0.732547351244147,1.034140996843833,5.238893240391881,94.82440476190474,4.372854210617576,137
placebo|259,47.84307162164237,3.1571640237006093,6.722874543425737,5.58031402560345,46.385575169954386,14.68175363190972,82.81303658819033,3.590615141563348,-7.504062317102331,0.1733834383690854,0.5784134307574162,0.7517968691265016,1.083646489806784,5.3593212268018355,94.82440476190474,4.797279584471533,137
Unhedged,43.87550516520425,0.0,6.178517475759371,0.0,57.2064930590749,15.213416721047041,15.612230078601282,0.0,0.0,0.0,0.0,0.0,0.0,0.0,0.0,0.0,138
always|1,42.837498865230145,4.675628117946995,5.839697280461123,5.48384295468235,53.975506230965685,14.682959727470937,14.052996791523958,-1.454819019423004,2.5410122815175473,0.10441426765432445,0.6080688091058077,0.712483076760132,0.6525891728395279,5.569196091676214,98.02083333333333,7.455863653534759,138
ratchet|-1|4|1|0,43.39760934229586,2.1665536597688884,5.960880884770159,3.522472694187262,53.92089631791781,13.6801582727448,12.332202670390545,-3.1038052556268783,0.2014243193813806,0.1762221525838624,0.8846271505699835,1.060849303153846,1.10138845364914,8.18987422508098,100.0,13.012936705480122,138
placebo|35,43.50222085532455,1.6943230311916913,5.970702241495815,3.363512931360857,52.8537851205455,14.097097862157598,13.80402171023074,-1.6435978995424492,1.0028712475112578,0.16461046882809283,0.8944892946105661,1.059099763438659,1.02881543017558,8.264698680357583,100.0,12.639567295866941,138
placebo|91,43.637951967886266,1.0799196935398658,6.001989825361818,2.85711986880568,54.24500264946579,13.948290284453241,12.713768314007211,-2.736748269385968,1.8769722241789122,0.16171349520810438,0.9057218315042692,1.0674353267123737,1.0107093450506526,8.38311561048411,100.0,11.949119056425486,138
placebo|147,43.356741385777944,2.350728341022079,5.920355050668962,4.178387875461653,53.44097116511028,13.821350510652985,14.005451900025804,-1.4422462268729515,0.6923420715553024,0.16453195170252197,0.8834669977936042,1.047998949496126,1.0283246981407623,8.185288107877229,100.0,12.887582779656409,138
placebo|203,43.22354938626608,2.9497643359930437,5.922335139819452,4.146339909938234,53.15067605807118,13.929697367525465,13.304311072472508,-2.123631118631512,1.0850165777536127,0.184287887497254,0.9240022158690763,1.1082901033663302,1.1517992968578374,8.539606541647988,100.0,12.178810576906377,138
placebo|259,43.37888862345172,2.250941598842726,5.952933943460503,3.651094832763946,53.23314961190575,13.820927969887636,13.534605831788756,-1.9082186789816018,0.712089098774832,0.16940556783092234,0.8995333862117425,1.0689389540426648,1.0587847989432648,8.332865430829715,100.0,12.50231733721123,138
Unhedged,56.3938887734137,0.0,7.642537117473067,0.0,25.344316340591398,13.604220479881391,113.86020802284338,0.0,0.0,0.0,0.0,0.0,0.0,0.0,0.0,0.0,139
always|1,55.28604917916697,3.8903435955146337,7.525997122893963,1.52488620974649,23.451866580123383,13.249016774144515,114.84066453918933,1.101016180822323,2.467828024589701,0.12055966447637073,0.4533741062067079,0.5739337706830787,0.753497902977317,4.843066471656829,88.875,3.8734909705879583,139
ratchet|-1|4|1|0,55.174006120986995,4.279501739745206,7.473813064708396,2.2076968704400346,23.328592340580702,13.090189961578384,112.59185051897207,-1.083377738087938,4.801905748442353,0.1849797657833976,0.655879281614357,0.8408590473977545,1.1561235361462348,6.903737997081258,95.7797619047619,5.6754718428706425,139
placebo|35,55.06864821600233,4.644720182747763,7.463638742261056,2.3408244207672513,22.789328991507485,13.091008964547871,113.50822079621896,-0.171550881027261,4.711062938076871,0.18043634559714097,0.6607053245050224,0.8411416701021633,1.127727159982131,6.970207574649104,95.7797619047619,5.982765814557609,139
placebo|91,55.09997398170196,4.536203745571676,7.462804703451281,2.3517375350505576,22.710089638752294,13.090189961578384,113.48009268888654,-0.19230900211919844,5.334539588869869,0.18780633183765053,0.6531389598818177,0.8409452917194682,1.173789573985316,6.855129228585385,95.7797619047619,5.7424421510946875,139
placebo|147,55.05291307204784,4.699205438492548,7.452310654535746,2.4890485975188503,22.66328449662779,13.092093332432173,114.28422615607583,0.6010178636677875,4.4080608227510325,0.17699973043534928,0.6499524592993708,0.8269521897347201,1.106248315220933,6.839741309949672,95.7797619047619,5.977146478265704,139
placebo|203,55.101649887208886,4.5303964566249295,7.477469274709415,2.1598566055539115,22.5606525538138,13.194762616707928,112.58162890591613,-1.097373179648796,5.0514438408481634,0.18120593727846096,0.6538280965528012,0.8350340338312621,1.1325371079903808,6.864711804365041,95.7797619047619,5.645914974420488,139
placebo|259,55.11353300471342,4.48921442854161,7.4251327142664465,2.8446627064403818,22.98521689757984,13.090189961578384,113.7984861532982,0.12442535894605977,4.157554868173823,0.18614722849123277,0.6401108816779394,0.8262581101691719,1.1634201780702047,6.738616431684237,95.7797619047619,5.625341249443093,139
Unhedged,49.948361809345805,0.0,6.560412330206768,0.0,37.366507271510244,12.100762113607248,46.58499078992763,0.0,0.0,0.0,0.0,0.0,0.0,0.0,0.0,0.0,140
always|1,49.21624299270033,2.9100185446994,6.509095902362009,0.782213453390368,35.96314556174438,10.670712386603915,52.16884145766328,5.735759024489024,-5.745178471187875,0.1519083567533903,0.5540459416452839,0.7059542983986742,0.9494272297086892,5.283242213234771,88.94791666666669,2.1537723551970904,140
ratchet|-1|4|1|0,49.31460869843291,2.5215342635208082,6.556276020095103,0.06304954480710334,36.16273628205518,10.224485350483302,56.20767500212218,9.8166885667861,-11.547044783010385,0.1940043545915438,0.7801594397275008,0.9741637943190448,1.2125272161971488,7.472031770395877,96.37053571428571,2.886011162443433,140
placebo|35,49.2997153768814,2.5804035904734124,6.545132853806185,0.23290420832590142,36.6530524505312,10.255171493927161,56.40166971968918,10.024894168824677,-12.158680732523797,0.2082152390631349,0.7930415161457657,1.0012567552089002,1.301345244144593,7.5958218936535715,96.37053571428571,2.943161764256821,140
placebo|91,49.39655891705962,2.197288800720809,6.5878126682166585,-0.41766182719535916,36.738947145920456,10.274377993425734,54.93251044430658,8.561552491341931,-10.88458289267142,0.21403283696299572,0.7816876446939462,0.9957204816569418,1.3377052310187232,7.484615988183362,96.37053571428571,2.469828706266715,140
placebo|147,49.35186053243172,2.374209840670327,6.5437176219351745,0.25447650896459617,36.613260653583055,10.225549001777832,56.632015761841515,10.248267655473027,-11.434753042137638,0.20124268355914918,0.7732619414733082,0.9745046250324573,1.2577667722446821,7.4238970289859925,96.37053571428571,3.0261236225253714,140
placebo|203,49.34956122049881,2.3833064345070265,6.513311857710841,0.7179498806661577,36.560615989638514,10.25905335110853,55.720503753874006,9.341242845668608,-10.420519914415122,0.205729881722246,0.7903615140726069,0.9960913957948527,1.285811760764037,7.558960712349585,96.37053571428571,3.324225890462519,140
placebo|259,49.403331648042524,2.170467626253969,6.584868090410695,-0.37277779159281543,36.59354608424926,10.346700128263633,55.84951300647274,9.474867270258597,-11.405024995073049,0.21034505371349865,0.778344606688923,0.9886896604024217,1.3146565857093662,7.477336521376249,96.37053571428571,2.697526264019638,140
Unhedged,53.931120471088406,0.0,9.233167595418337,0.0,52.92594753122488,16.2471960354218,-1.8833367495582785,0.0,0.0,0.0,0.0,0.0,0.0,0.0,0.0,0.0,141
always|1,52.22291804059037,6.234433114137483,8.716589687565094,5.594807009780467,56.06460836324555,14.454498826584402,-10.2740653319701,-8.231979497032354,3.2444018428232075,0.15874908537946386,0.7279771632233681,0.8867262486028323,0.9921817836216491,7.168571753169589,90.59821428571428,6.540292197420835,141
ratchet|-1|4|1|0,51.89624253043542,7.4038472776251085,8.442860396897784,8.55943738000292,56.30201565584243,13.082467293867376,-10.258022510936206,-8.1441445457917,1.737723312532541,0.23054121558621787,0.9515005406296593,1.1820417562158771,1.440882597413862,9.423480526482935,96.54613095238096,9.591908922292404,141
placebo|35,52.27059267586566,6.063156600858721,8.62685478315259,6.566682625436271,58.41689884947242,13.314816723574156,-12.024862036378295,-9.934661583391486,3.019321508434042,0.20686370342852667,0.9336472635563212,1.1405109669848479,1.2928981464282916,9.230071398479371,96.54613095238096,8.016458157634755,141
placebo|91,52.163550463409535,6.44749935526765,8.548659791103114,7.413574997326899,56.612885117569014,13.3159307958174,-11.021233525260268,-8.934737755997896,2.064214386563681,0.20315901970409694,0.9385107267117403,1.1416697464158372,1.2697438731506059,9.256628082305998,96.54613095238096,8.480961790515618,141
placebo|147,51.8400818377661,7.604148880603767,8.439491722064856,8.595921877853884,56.0890335002677,13.135103428254203,-9.982566906630456,-7.878606257556589,2.31763962899524,0.22062389951558706,0.9275030975781958,1.1481269970937829,1.378899371972419,9.162690152173061,96.54613095238096,9.372644461035424,141
placebo|203,52.10545674429244,6.655759196269074,8.543362607376217,7.470946248007182,57.01292591318876,13.697629197315406,-11.387232505127365,-9.271444739512425,1.6689328389903884,0.23245101605666932,0.9387176175976896,1.1711686336543592,1.4528188503541832,9.308387038768982,96.54613095238096,8.983950930910373,141
placebo|259,52.102376051390145,6.666796675145969,8.554945720203905,7.345495120775003,57.28737210871178,13.34051214180764,-10.615410886812679,-8.497548223413576,2.09486656239152,0.23452591384082064,0.9300314050962859,1.1645573189371066,1.465786961505129,9.191433542677153,96.54613095238096,8.822856329189667,141
Unhedged,47.60791520079579,0.0,6.751600224354061,0.0,47.40190498818052,13.928059734207315,52.402545219409426,0.0,0.0,0.0,0.0,0.0,0.0,0.0,0.0,0.0,142
always|1,46.97970819494121,2.6216744498084754,6.539840909788457,3.136431475930046,46.378212170648915,12.556007837117185,49.55108749152506,-2.717832722659415,1.8403608091940187,0.1336250052249611,0.4068596667952236,0.5404846720201847,0.835156282656007,3.956594192677112,84.55952380952381,4.732325336684765,142
ratchet|-1|4|1|0,46.95011338460087,2.7443225233739654,6.494869456398772,3.8025173206971297,45.58186519742713,12.587433538456793,45.927110250047306,-6.3021642408137355,2.815205868969018,0.17327072854838507,0.5857656407202619,0.7590363692686469,1.0829420534274063,5.651149791437776,97.86904761904762,5.9380620823881705,142
placebo|35,46.942955671229115,2.773974217452946,6.4848278221992715,3.9512470124119736,46.44116946858142,12.610953141577882,45.8689163334996,-6.365737435979413,3.5474768815262516,0.16789144993043284,0.582499263336461,0.7503907132668937,1.0493215620652054,5.610258770377213,97.86904761904762,6.081426903021267,142
placebo|91,46.87718387650105,3.0462302051317502,6.475255529501502,4.093025144701867,45.545852413259134,12.554538501760348,47.08248815950147,-5.150311362846028,2.5956216226940154,0.16974569706193227,0.5769035449664381,0.7466492420283704,1.0609106066370768,5.564949080332239,97.86904761904762,5.9966527055473655,142
placebo|147,46.89455303050414,2.9743693635806645,6.479608743112082,4.0285483767368735,45.83679849498142,12.57047313064588,47.270019464998285,-4.978721816360084,2.828025716778477,0.1538039380510678,0.5816531852391967,0.7354571232902645,0.9612746128191738,5.60712245991202,97.86904761904762,5.730984411781952,142
placebo|203,46.82915662568785,3.244793228905596,6.466665475107537,4.220255047369658,45.56309456819707,12.55230841556908,47.13313059602131,-5.120924634700984,2.401719757450281,0.1484899886871289,0.5774942319594344,0.7259842206465634,0.9280624292945557,5.577722523461511,97.86904761904762,6.17216531322328,142
placebo|259,46.902208516915636,2.942688113721381,6.475840065997564,4.084367397254773,46.22927193649067,12.386442100015639,46.32640523564742,-5.916934563565154,3.564776871659342,0.15920542019684206,0.5797805245076344,0.7389859447044763,0.9950338762302628,5.5864134410946145,97.86904761904762,5.814226723162264,142
Unhedged,45.18267224482378,0.0,6.366134813708695,0.0,62.2774181013634,10.532469973391265,-10.905269430836007,0.0,0.0,0.0,0.0,0.0,0.0,0.0,0.0,0.0,143
always|1,43.897524243587696,5.607773779658986,6.2116549459439705,2.426588067724722,61.237971629345544,9.700886141496033,-11.325374684119483,-0.3186692636076599,-2.1996727520996995,0.10143598967582085,0.5027986247460269,0.6042346144218479,0.6339749354738803,4.73084503203592,91.12648809523809,3.049651956041617,143
ratchet|-1|4|1|0,43.960682624468454,5.335961234262198,6.10318060159875,4.1305159222155385,61.14289382322765,9.11331657078149,-12.0457925134394,-0.9695964826723595,-5.757337011117996,0.1709265999310264,0.6845829506666199,0.8555095505976462,1.0682912495689152,6.461987208408737,96.13988095238096,5.301900044324491,143
placebo|35,43.97222586934462,5.286240730377978,6.107934416742806,4.055842430636025,60.401066208641566,9.466876058929174,-11.358720707334802,-0.3035217402586044,-4.466489969751609,0.14992953624020125,0.6985569620841031,0.8484864983243045,0.9370596015012578,6.562650527844665,96.13988095238096,4.773205928917326,143
placebo|91,43.853854209600016,5.795486477509748,6.1171292130736905,3.9114094803459176,60.45735276294813,9.160133796578753,-11.714413442108754,-0.6416331542968928,-4.614345523100361,0.1675108569758512,0.7074552379245719,0.8749660949004229,1.0469428560990701,6.653610135078704,96.13988095238096,4.732463823241275,143
placebo|147,43.870088054478884,5.7257282067339155,6.0953681724537,4.253234484948876,59.42819916162632,8.893933590729393,-11.121112901708457,-0.07908130522802047,-5.376324821403082,0.13676216564443036,0.7110254372659751,0.8477876029104056,0.8547635352776894,6.718041858633635,96.13988095238096,5.305640956363667,143
placebo|203,43.944469652384086,5.40577372611204,6.113484273423962,3.968664624265894,60.23547851218396,9.20680099577001,-10.950934085863008,0.11729335199449463,-5.210345118464664,0.16295800702149457,0.6979717640875122,0.8609297711090067,1.0184875438843408,6.587177474088855,96.13988095238096,5.2320582363092365,143
placebo|259,43.920252409262226,5.510004368788302,6.110038415967975,4.022792561496614,60.227871413669895,8.914605651438057,-11.765423706347477,-0.7151759771189662,-4.989279308726277,0.1449782983925135,0.7032472161503855,0.8482255145428992,0.9061143649532094,6.621935606765854,96.13988095238096,5.33830648585668,143
Unhedged,57.57849788003553,0.0,8.202274811134885,0.0,50.75103407469639,15.877549761756992,5.622516696086189,0.0,0.0,0.0,0.0,0.0,0.0,0.0,0.0,0.0,144
always|1,56.62759505426517,3.275704752656128,7.788928618213455,5.039409218041535,52.47584975711298,10.478402727569739,6.78794022998322,1.3265849065410502,-10.114009792680944,0.16116137264402364,0.6010617602261565,0.7622231328701803,1.007258579025148,5.745858627121398,92.19791666666669,6.788831131935918,144
ratchet|-1|4|1|0,56.96401832106623,2.123017128905791,7.635180417153473,6.913867275107166,53.532768345202186,9.769068464971511,7.3384767213284725,1.9535509652731675,-15.801091409721948,0.23759094003087225,0.8245342347632283,1.0621251747941005,1.4849433751929513,7.99880576998377,97.58035714285714,8.823791221081773,144
placebo|35,56.74860456654023,2.8618759214701694,7.576068215481999,7.634547854977846,54.02391734982477,9.820413843684593,7.71117021011792,2.310030680474113,-15.49912889379703,0.22137716644238972,0.8239002713736621,1.0452774378160516,1.3836072902649357,7.963387828861883,97.58035714285714,9.381234721192595,144
placebo|91,56.67720119151131,3.1061683189837708,7.6097731262728185,7.223626353724755,53.54766784704908,9.863610712323414,8.163921624001892,2.7528783306520994,-15.249312132997243,0.21147340273638726,0.8174230492115505,1.0288964519479376,1.3217087671024204,7.905545903842831,97.58035714285714,9.456250282928538,144
placebo|147,56.95070649819986,2.168757189329451,7.622858101113911,7.064097745596076,53.80626586749073,9.708241073138918,6.774717756946473,1.404723928549794,-15.754003703751213,0.2525228676895089,0.8328202811304872,1.0853431488199963,1.5782679230594308,8.063519783117751,97.58035714285714,9.441443897470002,144
placebo|203,56.826140527931884,2.596253772770074,7.592474138611953,7.434531109529585,53.251696461624555,9.805865089404001,7.75948816043229,2.3633854389639004,-15.659019049877644,0.22641397461778662,0.8240351665718892,1.050449141189676,1.4150873413611667,7.990740918878993,97.58035714285714,9.574905337015704,144
placebo|259,56.856376955020686,2.492571742680061,7.603971219366372,7.294361692884211,53.51184963359516,10.164723655072823,7.9226535036122465,2.5304898096216952,-15.104923073007727,0.23035300209563753,0.822426903989407,1.0527799060850447,1.4397062630977342,7.960978768621328,97.58035714285714,9.577704388847149,144
Unhedged,53.67891213364217,0.0,8.528625860394785,0.0,67.09306536222994,22.566911350654152,-26.635703654650406,0.0,0.0,0.0,0.0,0.0,0.0,0.0,0.0,0.0,145
always|1,52.56634327811279,4.102315253144095,8.235484228589291,3.4371496253198575,66.65494660370413,19.123136733675086,-25.637448330637532,1.1696000572012413,-9.305336675284853,0.17134473318835705,0.7316252828262299,0.9029700160145869,1.0709045824272316,6.950454714770747,97.3690476190476,6.132051111982235,145
ratchet|-1|4|1|0,52.61067612106833,3.9404927070109896,8.124610605200852,4.737167063103298,66.19257599716768,20.997296817357476,-23.181463828121974,3.6568006469455767,-13.041608435189817,0.20256082041714393,0.9783249467295319,1.180885767146676,1.2660051276071498,9.330325571334999,99.625,8.65422190183075,145
placebo|35,52.69129815618683,3.645858708996408,8.177952817026474,4.111717984919061,66.19508864710214,20.576258103627485,-22.200364088769504,4.656990629865659,-13.610823382697827,0.22165106398474627,0.981049212875959,1.2027002768607054,1.385319149904664,9.363421540743936,99.625,8.067588487070342,145
placebo|91,52.624243125843364,3.89094353079652,8.155432221562998,4.375776882942207,67.10490910259345,20.94525854956631,-24.419559559743995,2.4173381901371136,-12.214514037044008,0.20119409523070153,0.9774808095170209,1.1786749047477223,1.2574630951918848,9.30568481548016,99.625,8.286890833334386,145
placebo|147,52.65553152747124,3.776623873760465,8.184622139819865,4.033518719262885,66.67956488499436,20.428749883806564,-23.419924095801374,3.4123763997791787,-13.262240114794144,0.19659684093014002,0.9773468876675182,1.1739437285976584,1.228730255813375,9.302918416444825,99.625,7.746625971626024,145
placebo|203,52.6574035810184,3.7697817240552878,8.190718696652109,3.962035259535157,66.69755839090709,20.48875485394011,-24.128849111354487,2.7156480064921484,-13.031000976782686,0.20879346319623238,0.9873169583914934,1.196110421587726,1.3049591449764524,9.403475152015153,99.625,8.026896286933193,145
placebo|259,52.63623659528758,3.847130553505751,8.175536656809843,4.140047990903395,67.57375706390188,19.41812127633849,-24.35415767533671,2.482108872400338,-12.627530981880545,0.20056289308665148,0.9802995768351295,1.180862469921781,1.2535180817915714,9.349046435428896,99.625,8.197073512534157,145
Unhedged,44.113220677522825,0.0,6.10192370462889,0.0,36.37164179374973,10.401132788627908,29.05747088550304,0.0,0.0,0.0,0.0,0.0,0.0,0.0,0.0,0.0,146
always|1,43.76549693625006,1.5702923736510055,6.1182038331786055,-0.2668032138350984,35.718252062333036,10.403916890762831,28.67532241823054,-0.2552306192483364,-0.7868827629151243,0.12691784802415018,0.5163406235698075,0.6432584715939577,0.7932365501509386,4.8795708902109,91.79464285714286,1.6052275634911881,146
ratchet|-1|4|1|0,44.08631087253593,0.12196614464955458,6.17353103564073,-1.173520589212207,36.06038087710931,10.424788252780212,29.62002363677103,0.7382062929203994,-4.536022568943066,0.17565354165238817,0.7502318104841676,0.9258853521365559,1.097834635327426,7.1004405561136394,97.47767857142857,2.7078946713324648,146
placebo|35,44.037706326737634,0.34207303727518124,6.151092721824,-0.8057953454549294,35.495964836071416,10.40689695346799,29.2944850762969,0.41371057323852434,-4.2825192551503415,0.17669638244464486,0.7542349335331249,0.9309313159777696,1.1043523902790304,7.139573288320589,97.47767857142857,2.7994884233078623,146
placebo|91,43.96576629465921,0.6674096224810189,6.134959491979594,-0.5413995479105038,36.060307002908054,10.357154972198343,29.008296984253676,0.10273860692043547,-4.108824646623474,0.15191250816977758,0.7442947857196118,0.8962072938893895,0.9494531760611101,7.030741827722149,97.47767857142857,3.029880226214727,146
placebo|147,44.18330656457785,-0.3180069886295822,6.217519420520212,-1.8944143107465061,36.05127092134747,10.36423672677125,30.004228486484944,1.1330395041253998,-4.003274011284073,0.18628190314348106,0.7515928914858966,0.9378747946293778,1.1642618946467567,7.1080697349790585,97.47767857142857,2.706849715858549,146
placebo|203,44.080085799284696,0.15017010041780132,6.176489998750011,-1.222012888567514,36.21409011891266,10.446360602789705,29.342869486304092,0.44933466730384863,-3.962702961697871,0.16393606650278286,0.7465278693163588,0.9104639358191416,1.024600415642393,7.077057867487814,97.47767857142857,2.682906767961588,146
placebo|259,43.98842730656692,0.5649864279397843,6.140558502354419,-0.6331576662655047,35.36580860726946,10.36813960734707,31.684604401366947,2.7949150328583503,-5.226317611282609,0.1677815169944359,0.7490415116144963,0.9168230286089323,1.0486344812152244,7.101108697560631,97.47767857142857,3.131145399735671,146
Unhedged,60.343888004115435,0.0,8.520121223815172,0.0,47.55474429876263,15.927695994313975,64.31630908366863,0.0,0.0,0.0,0.0,0.0,0.0,0.0,0.0,0.0,147
always|1,59.78634790257614,1.8393393515441003,8.484280523284605,0.4206595139795155,45.03180882383522,14.699607342657734,61.71376940748413,-2.4419676307198004,3.174552142747283,0.16057204546469073,0.51728085947097,0.6778529049356609,1.0035752841543168,5.841588094700973,88.57440476190477,1.6935946793564165,147
ratchet|-1|4|1|0,60.14358296390357,0.6627766334484697,8.529247395124807,-0.10711316271094784,43.64281142978466,14.476095124216645,59.42939881338205,-4.687279878627898,3.2634407944178707,0.1996303916586708,0.7033663823268189,0.9029967739854896,1.2476899478666923,7.984766057949789,96.81994047619047,1.8229885769947047,147
placebo|35,60.14835380210711,0.647016328071337,8.569049121135192,-0.5742629246079156,43.56973671338754,14.534315023785718,58.17922745812786,-5.932557050224994,4.789582276748551,0.20452457531577078,0.7226086954251625,0.9271332707409333,1.2782785957235672,8.197892491901136,96.81994047619047,1.5756322985577882,147
placebo|91,60.158244469758856,0.614338854010843,8.549112660856856,-0.34027024123375327,43.45389846527561,14.56356809572625,58.056321439267506,-6.068215749866472,4.936465225321875,0.1917718945346428,0.7213812522558727,0.9131531467905154,1.1985743408415175,8.18111427757584,96.81994047619047,1.5784177928925713,147
placebo|147,60.03371894504616,1.025362902623328,8.515046194958707,0.059565218887724924,43.63151365986987,14.419318257753547,57.758214292358936,-6.344285707414411,4.497304115004538,0.2138090838952777,0.7099239762746281,0.9237330601699058,1.3363067743454857,8.05573784731037,96.81994047619047,1.9346280271510947,147
placebo|203,60.04369763909107,0.9924574048194579,8.54156581272328,-0.2516934717802677,45.092385001456336,14.59440440834954,55.791931301412866,-8.334157075337622,5.986167120510456,0.19022070691814363,0.7136729778629045,0.9038936847810481,1.1888794182383975,8.070626385274803,96.81994047619047,1.642665139194725,147
placebo|259,60.12364077831136,0.7286414462996715,8.561707133538446,-0.48809058733851884,43.57432930677956,14.616301021683986,58.96353731924909,-5.126456326266948,4.383079023777901,0.22631543815258315,0.7144140387042356,0.9407294768568188,1.4144714884536451,8.093649957939656,96.81994047619047,1.6950825527785838,147
Unhedged,64.07924280406216,0.0,8.867083772293576,0.0,51.29451902115417,28.789297833678233,99.70147743211284,0.0,0.0,0.0,0.0,0.0,0.0,0.0,0.0,0.0,148
always|1,61.57311304987764,7.669012503142259,7.970013019286788,10.11686340225868,39.035262927620686,21.075985361824184,104.49647332190115,5.002245703474958,-10.608882521815808,0.2072498136866693,0.7246363184087732,0.9318861320954425,1.2953113355416834,8.284615011480925,93.51785714285714,13.811267366481573,148
ratchet|-1|4|1|0,61.855851486810884,6.819113742531102,7.923249052550467,10.6442517515426,38.01049332220453,20.966024929420083,103.41293445309957,3.9393505687731944,-11.89974961057716,0.2278935477864977,0.9854641017618945,1.2133576495483922,1.4243346736656108,11.202980151162075,97.58928571428571,17.02637260143109,148
placebo|35,61.714316887086156,7.245046965909452,7.867603812390443,11.271800126961073,38.1425240423134,20.70179402594631,102.03780850760302,2.5916997686514427,-10.187516419922867,0.2553686931612535,1.0016584674606628,1.2570271606219163,1.5960543322578344,11.319486249923582,97.58928571428571,16.43754765629499,148
placebo|91,61.75097653027121,7.134817327203735,7.898284459527126,10.925794067645967,38.08243446894311,20.956944260168704,102.5432218994254,3.059258958582383,-10.489523715858372,0.21751449126982111,0.9949759334246533,1.2124904246944743,1.359465570436382,11.295427571226975,97.58928571428571,16.61493200751127,148
placebo|147,61.931867686095515,6.589948383250599,7.942665590151285,10.425278545701378,38.37579278850458,20.79483444765021,104.29323956953424,4.824797951934021,-12.338813299594642,0.23303581451261093,0.9875148407353684,1.2205506552479795,1.4564738407038182,11.227101665201294,97.58928571428571,16.761309234920414,148
placebo|203,61.90553028705824,6.669379370326856,7.911540452505432,10.776297420059011,38.390977708926734,20.78836177400912,101.96953922678937,2.470722280323377,-11.447385145221334,0.20266048564684477,1.000253442263395,1.20291392791024,1.26662803529278,11.335293381760817,97.58928571428571,16.342569629440742,148
placebo|259,61.80427483765535,6.974441140376664,7.9385298560189455,10.471919969629973,38.20743055265679,20.91917943713267,102.46608322472002,2.9949843989468956,-9.91511378683188,0.23037860633972249,0.9835801374462972,1.2139587437860195,1.4398662896232657,11.168510992438746,97.58928571428571,16.2813495914234,148
Unhedged,58.56078521864925,0.0,7.531080439013725,0.0,76.9248752090147,13.785514306969118,-18.679259646107806,0.0,0.0,0.0,0.0,0.0,0.0,0.0,0.0,0.0,149
always|1,57.81393276978871,2.5344263088019514,7.546038100560894,-0.19861242577734473,75.4945942702411,12.363782323457329,-15.660806514076626,3.183872340393342,-0.7394634826727232,0.1654192083621629,0.5914550540940557,0.7568742624562185,1.033870052263518,6.2756559629668045,88.04910714285714,1.945208195479062,149
ratchet|-1|4|1|0,58.111324219940016,1.5291330664331304,7.57183265678822,-0.5411204687628013,74.28054843917522,12.581290903028517,-10.863631727749976,8.023441894951693,-7.613507946522565,0.20781397659386738,0.845276841827179,1.0530908184210468,1.2988373537116713,8.991721444317154,99.29166666666667,3.276168043721265,149
placebo|35,58.29310880112713,0.9120938298349368,7.549263224524819,-0.2414366126923806,74.06372378334389,12.587971102959997,-9.265957293557486,9.625480263841037,-7.261344055541101,0.2121779112907113,0.8502831946226633,1.0624611059133744,1.3261119455669457,9.01923311474589,99.29166666666667,2.952992159223202,149
placebo|91,58.11427512075829,1.5191320849205159,7.548538415481026,-0.23181237551073153,73.71738910410916,12.58147277477128,-10.29194397014644,8.598215132188828,-7.341319380163198,0.21089945622744544,0.8484374885639464,1.0593369447913916,1.3181216014215336,9.015103814609114,99.29166666666667,3.25355187423823,149
placebo|147,58.2137610694249,1.181664270069127,7.546306891815751,-0.20218151864568323,73.91156011332347,12.590472102710178,-9.511775171468845,9.383596032847777,-7.227479225621516,0.21611155820881092,0.836321174162416,1.052432732371227,1.3506972388050684,8.878464083151837,99.29166666666667,3.088293513841251,149
placebo|203,58.147463534798895,1.406617316635539,7.551414588932048,-0.27000309030009717,73.96421812903868,12.596929153393724,-11.472317035219202,7.417735420675623,-6.53069203588643,0.21079280978700726,0.8298324142427344,1.0406252240297418,1.3174550611687954,8.785976517139215,99.29166666666667,3.047259298055943,149
placebo|259,58.16832259224132,1.3358684385122555,7.556255312889376,-0.334279710321983,73.90831525152889,12.584886738965833,-9.240104687959601,9.65746550720089,-7.248639062051272,0.21831054905267455,0.8430016452331512,1.0613121942858257,1.3644409315792163,8.956303107947813,99.29166666666667,3.2805106661371237,149
Unhedged,55.936099726452234,0.0,8.65833466387991,0.0,82.1354744018542,27.22698743343484,-57.06562402485399,0.0,0.0,0.0,0.0,0.0,0.0,0.0,0.0,0.0,150
always|1,53.88419826413034,7.202027195533467,8.258630243458336,4.616412230968903,67.72973427524663,21.35225376718972,-28.150054629774196,29.106848808089985,-38.8584593099962,0.19127941301019655,0.6661676870167231,0.8574471000269199,1.1954963313137288,6.954424144424321,93.00892857142857,12.61088733757528,150
ratchet|-1|4|1|0,53.94838273291751,6.980821864289622,8.359089371503279,3.45615299007781,66.07029701918724,17.497961997807934,-27.271762672596374,30.021999655850667,-44.76536268851667,0.2281383035930583,0.906601893984331,1.1347401975773894,1.4258643974566143,9.381420964316584,98.06845238095238,14.754633181547943,150
placebo|35,54.5691458449667,4.8278347315444226,8.594637006624945,0.735680240227865,67.57166194404637,19.44247246760354,-27.354697207567003,29.998076638899462,-46.13267992689713,0.287149821612476,0.9070712310389369,1.194221052651413,1.7946863850779748,9.40559962577814,98.06845238095238,15.477127950126796,150
placebo|91,54.53064970450919,4.962066949172073,8.481401667342157,2.043499164751239,66.53376540114637,20.01989216230387,-23.86304238165036,33.44099226065201,-46.93921678059232,0.23841061744838526,0.8920063133837665,1.1304169308321517,1.4900663590524077,9.26323336392537,98.06845238095238,14.612193616016183,150
placebo|147,54.03472221747503,6.682846128511322,8.429868360232325,2.6386864508792907,66.24537948710226,18.124645568302668,-27.800055545940946,29.52026650185961,-45.449810273575,0.2546980229465859,0.8927801398972394,1.147478162843825,1.5918626434161616,9.248650222780073,98.06845238095238,14.45038624148141,150
placebo|203,54.21729464206091,6.051181122561089,8.40835289800231,2.8871806829141367,66.09414109240572,18.76638276537867,-26.10600188825033,31.207818505178146,-44.64883263736637,0.2481963685745184,0.9165951984704888,1.1647915670450073,1.5512273035907402,9.455788936411752,98.06845238095238,14.087274899908122,150
placebo|259,53.94877197051335,6.979479592657145,8.354754495070624,3.506218927708271,65.93707415091376,18.096677699520505,-26.687079550332253,30.59864569610238,-44.13389398761268,0.22010122158066017,0.8897391901911347,1.1098404117717948,1.375632634879126,9.209921002145386,98.06845238095238,14.014073266322145,150
Unhedged,46.96555327409583,0.0,7.014775195288513,0.0,61.378111953077905,14.05939337062258,9.625696885951411,0.0,0.0,0.0,0.0,0.0,0.0,0.0,0.0,0.0,151
always|1,45.9378658790729,4.328464318524816,6.706812217894402,4.3902045157620195,61.693320657878644,13.032762916643472,9.618976815683217,0.107443127046805,-1.0396472211495775,0.11416319731498546,0.48315916276966797,0.5973223600846536,0.7135199832186591,4.621151661874068,93.76339285714286,5.534459744587789,151
ratchet|-1|4|1|0,45.94314543524468,4.306472340347001,6.7163194136717275,4.2546735042520485,62.002975507790794,12.640685392324395,9.800335910303636,0.36835513562899924,-6.901382758297496,0.19371611127675875,0.7863995110865504,0.9801156223633092,1.2107256954797423,7.4772237431567286,98.83630952380952,9.469725569132994,151
placebo|35,46.07769430820222,3.7451564063498033,6.749265931132747,3.78500032808029,63.2289194766887,12.859315466522926,7.88919791125019,-1.5807946849306465,-4.851509918144005,0.15570428977056225,0.7729754175950881,0.9286797073656502,0.973151811066014,7.36458899760675,98.83630952380952,7.852600084401608,151
placebo|91,45.878221370127875,4.5767378163907635,6.688023946076677,4.6580430607569445,62.079998912672096,12.80157885177197,9.961354533441726,0.5081300097074747,-6.116560795604645,0.17247236221714812,0.7789569482214594,0.9514293104386077,1.0779522638571757,7.412817668419774,98.83630952380952,8.491180575737804,151
placebo|147,45.95813615856395,4.244014743421232,6.705147711874199,4.4139330882944865,62.10181323612384,12.590589306356733,9.438869230022291,-0.0011058942637733448,-6.03632349597568,0.18572176166533164,0.799739399021619,0.9854611606869506,1.1607610104083226,7.615155889662575,98.83630952380952,9.18353838126415,151
placebo|203,45.91454707070188,4.425568523612899,6.644512060632681,5.27833215388741,62.11649246318039,12.521690301867599,8.987473263158755,-0.46751757398947386,-5.507453399221992,0.17070604880316717,0.7868055100281814,0.9575115588313486,1.0669128050197951,7.517841571174766,98.83630952380952,8.889481124513226,151
placebo|259,45.78899828040859,4.947531589003196,6.590542926450148,6.047695856644153,61.793071536950706,12.713767618495794,10.471497058211723,1.033543178827059,-6.257715519637201,0.1877430065667234,0.7808745537949896,0.968617560361713,1.1733937910420214,7.487569152729227,98.83630952380952,9.080364520414587,151
Unhedged,46.028127917764294,0.0,6.62203240376321,0.0,47.32991113299866,11.48693780539264,62.82442479308677,0.0,0.0,0.0,0.0,0.0,0.0,0.0,0.0,0.0,152
always|1,45.29008698933928,3.1812019283456783,6.409093898777816,3.2156065087265873,44.73153113732948,10.27300856500912,51.99562392390965,-10.697099661011084,8.88837973379411,0.13170120816604217,0.6130342546506796,0.7447354628167218,0.8231325510377635,5.680390087077216,95.57886904761905,4.665046013838072,152
ratchet|-1|4|1|0,45.704399363148426,1.401708620258002,6.378687894663038,3.6747707389937156,43.30275245127425,10.01083572677161,48.758622536865346,-13.864881876877723,10.948793970167634,0.20092037934370532,0.8191487225052526,1.020069101848958,1.2557523708981582,7.758603930528407,100.0,6.3262489217582925,152
placebo|35,45.710195262008384,1.3767000010824204,6.418938897392736,3.0669361607934653,44.21192651061985,9.961683714347869,47.89459387393163,-14.731111587835425,10.666256465722006,0.198719331319715,0.8239959315781746,1.02271526289789,1.241995820748219,7.804548660394041,100.0,5.891139802027406,152
placebo|91,45.65024461308223,1.635226727842809,6.379339284885576,3.6649340275005993,44.0277411736545,9.923580265686489,48.67729929952631,-13.987996982453009,10.819546399464667,0.15912851110745335,0.8202115589454791,0.9793400700529326,0.9945531944215835,7.759672737723043,100.0,6.284390736275951,152
placebo|147,45.61882489097689,1.770583297556061,6.391348374575285,3.4835835151883265,44.65171848401675,10.118960709584725,47.42548796821776,-15.234057829143078,10.828445754116325,0.1648789957259336,0.8207552420072413,0.9856342377331747,1.0304937232870848,7.754195725389688,100.0,6.231830726089032,152
placebo|203,45.68045125034529,1.5050082770534767,6.408009888451832,3.231976261392988,43.89055065612902,9.986719379491559,48.33379055157164,-14.315945774875548,11.655431894501156,0.17468846663957788,0.8169985901246786,0.9916870567642565,1.0918029164973617,7.713763097272726,100.0,5.928271612503266,152
placebo|259,45.66011559946469,1.5926831523975116,6.397780127857368,3.3864569399932654,44.43723387364109,9.967792068147304,47.94551323237672,-14.691447103825316,11.13684465171665,0.18746445688473537,0.8275930797865318,1.0150575366712673,1.171652855529596,7.824987891489918,100.0,6.1388724545062505,152
Unhedged,57.610026584487336,0.0,9.195742411031075,0.0,56.34050894579066,16.022616803493577,2.335923229856619,0.0,0.0,0.0,0.0,0.0,0.0,0.0,0.0,0.0,153
always|1,56.84258856966075,2.646505965054158,8.624530552022753,6.2116992133566695,59.34122426321953,15.773508205809991,-7.906824417309018,-10.060804962499304,4.97460823774792,0.18194268466634245,0.842921112704164,1.0248637973705064,1.1371417791646403,8.111416084818574,88.96875,7.753212215779675,153
ratchet|-1|4|1|0,56.886549094341675,2.4958666049747835,8.586843033134116,6.6215358225621195,59.23250276714822,15.68424521994174,-8.822813121683126,-10.887828666900134,0.24910280591846326,0.27090768463962045,1.132946458811522,1.4038541434511422,1.6931730289976277,11.140675082090652,96.29464285714285,11.140669651361392,153
placebo|35,56.890078463356105,2.4837674796841513,8.556759296925087,6.948684353527279,58.084395346903904,15.41550976759157,-7.0116240793313755,-9.067793947437849,0.6754828665816058,0.27975336175015625,1.1393061656366081,1.4190595273867643,1.7484585109384765,11.191591463811413,96.29464285714285,11.962234324093945,153
placebo|91,57.15381983191228,1.5775046698781048,8.62561869136425,6.19986613569028,58.78288733135004,15.685676971140733,-7.956183458276009,-10.01342024046822,1.3386763181020023,0.2786864476644157,1.1304817121804627,1.4091681598448786,1.7417902979025979,11.079728460926017,96.29464285714285,11.838705581599344,153
placebo|147,56.82891176025428,2.693348483424618,8.611520054788341,6.353183137686747,58.80949123189851,15.674003507344478,-9.153418647945543,-11.191142200435971,0.5826611169683247,0.29819967736620107,1.137386692448727,1.435586369814928,1.8637479835387567,11.14785766467731,96.29464285714285,11.254820163591669,153
placebo|203,56.912548539155324,2.406719603216767,8.629277862571664,6.160074120604875,60.19718542113945,15.671328596092957,-10.633231434374968,-12.713081296675874,1.8429473209961242,0.25607336755572413,1.1505376449616536,1.4066110125173776,1.6004585472232755,11.282350534000422,96.29464285714285,11.438274708307022,153
placebo|259,56.956739207391905,2.2551050041711984,8.650610582634593,5.92808937038678,59.1981286360084,15.657416301250404,-7.773442141302557,-9.843363673305449,0.2186534209244649,0.26600169785372785,1.1577526131231637,1.4237543109768918,1.6625106115857997,11.357237764244228,96.29464285714285,11.39880021538529,153
Unhedged,48.26253790058711,0.0,6.216826904480365,0.0,38.54798601823585,11.061201097217523,39.90749127298225,0.0,0.0,0.0,0.0,0.0,0.0,0.0,0.0,0.0,154
always|1,47.303098645375684,3.936397334718522,6.026648631269019,3.0590890840838325,41.325569242544105,10.23392541962583,32.76036822585042,-7.048969324544949,9.710072793969035,0.0981537225868765,0.6096268391251454,0.7077805617120219,0.6134607661679781,5.6705777444235945,93.94791666666667,3.7840568742187037,154
ratchet|-1|4|1|0,47.40824542916271,3.508856420490203,6.006383893663178,3.385055013603866,44.66885561410619,9.259746515933749,27.976525642936767,-11.784940403202816,13.555408597794754,0.14602522684264854,0.86731280768937,1.0133380345320186,0.9126576677665532,8.111694839244652,99.54464285714286,5.033065513318662,154
placebo|35,47.25430024535045,4.134495652902947,5.97252018977633,3.929765432715626,45.16658812632027,9.09774484296137,26.396510003994226,-13.360673551273914,14.478097771889228,0.15030771771411497,0.8758638003403786,1.0261715180544937,0.9394232357132186,8.196548749132058,99.54464285714286,5.554409571774369,154
placebo|91,47.35301344667662,3.733555421805923,5.964869129360378,4.052835618414996,44.97978373807875,9.226717218550572,26.7065347731541,-13.051638904868739,13.693445530624652,0.14931759495939723,0.8584481133980331,1.0077657083574303,0.9332349684962326,8.030295671888519,99.54464285714286,5.171550444721767,154
placebo|147,47.36853924666236,3.670418633788808,5.961652057162869,4.10458343521829,43.91955573103028,9.166739281765482,27.935468292223497,-11.84302918843885,13.443691809309415,0.12899379231988695,0.8580746267565686,0.9870684190764556,0.8062112019992933,8.041569163554083,99.54464285714286,5.130513967896796,154
placebo|203,47.22097084282251,4.269679675025618,5.970699809838699,3.9590469289773167,43.8145901553498,9.52776726811373,27.6332984807115,-12.132376044608716,13.376806688112056,0.14181674766203542,0.8532941845883244,0.9951109322503601,0.8863546728877215,8.010632258609512,99.54464285714286,5.388015892763455,154
placebo|259,47.327391983899,3.837701691348261,5.971504770585805,3.9460988324728774,44.351691770293286,9.62290335286823,27.40518303212708,-12.3602299045683,13.760893847670932,0.14207833628686414,0.8515130591629314,0.9935913954497955,0.887989601792901,7.965425506755612,99.54464285714286,5.258011584451563,154
Unhedged,51.20157179127744,0.0,7.059175906781848,0.0,57.002949332224475,11.355040585130178,8.801614938220448,0.0,0.0,0.0,0.0,0.0,0.0,0.0,0.0,0.0,155
always|1,50.9003336220118,1.1732140629376886,7.001773101071487,0.813165820888706,50.557076547085835,9.351373879850957,18.347476980418445,9.684742577821915,-11.460915139932359,0.1388805356239155,0.6639033939890226,0.8027839296129383,0.8680033476494716,6.406108793076388,95.64732142857143,4.321250876587454,155
ratchet|-1|4|1|0,51.30358387036144,-0.39886940193272213,7.059124498563785,0.0007282467350600008,52.17440509192161,9.774567229870517,15.815524275757966,7.216066542237334,-13.985834769491067,0.2021572046998182,0.9617914491187699,1.1639486538185881,1.2634825293738634,9.233100848224602,99.05357142857143,5.6518413365653855,155
placebo|35,51.581516243357704,-1.4896189295469098,7.152507524433117,-1.322131915732605,51.70205207788461,9.724906119246846,17.537486025303433,8.948103100163975,-14.846362697708127,0.21223201308099876,0.9869757107714523,1.1992077238524508,1.3264500817562428,9.499048105483995,99.05357142857143,4.828602100445997,155
placebo|91,51.43767430513009,-0.9243734820616911,7.062570306840627,-0.04808493376000644,51.41825055381337,9.808617928306315,16.5970530554333,8.03200512902637,-14.205005204425586,0.2365670118135268,0.967781461509544,1.204348473323071,1.4785438238345425,9.275613946656803,99.05357142857143,5.3377320380350275,155
placebo|147,51.38817926598396,-0.7302413567978894,7.0652403636272325,-0.08590885006221072,50.16413435847955,9.721650087879617,18.197659899925853,9.612586849969531,-14.974719184797111,0.21654188826412504,0.9659746477213966,1.1825165359855219,1.3533868016507815,9.287362943522371,99.05357142857143,5.378848801038042,155
placebo|203,51.47150834087756,-1.0571867143429614,7.081512676609032,-0.3164217767363642,51.34315719050614,9.757933663278884,17.42823982777038,8.818960063799405,-14.43631647552438,0.19233517424948085,0.9603053288875552,1.1526405031370361,1.2020948390592552,9.222901149161922,99.05357142857143,5.331606888774395,155
placebo|259,51.43585385972697,-0.9172299218958013,7.072155935106209,-0.18387455555386456,51.67926480977627,9.878111267357829,17.53103134023594,8.94868679349339,-13.231863454488675,0.21927039147790237,0.9623114473438285,1.181581838821731,1.3704399467368897,9.228431714470101,99.05357142857143,5.37179286015343,155
Unhedged,57.00340129857667,0.0,8.978732424786362,0.0,79.08884030684288,13.661040221074055,-41.795596605246196,0.0,0.0,0.0,0.0,0.0,0.0,0.0,0.0,0.0,156
always|1,55.20034216259809,6.226095489544258,8.484608040607416,5.503275527120999,78.36578207287725,12.719079025129718,-30.778505569661302,11.209900022461975,-16.456893626837246,0.19280898687709203,0.7013903149181052,0.8941993017951974,1.2050561679818255,7.4810889786820045,97.17113095238095,7.659023335535354,156
ratchet|-1|4|1|0,54.657757553032035,8.060512264385888,8.287127541573609,7.702700676361996,76.89707085739211,12.13992255907494,-23.67984888303287,18.371365107133332,-24.017330839056367,0.2556173849200084,0.9147862760501606,1.1704036609701691,1.5976086557500524,9.831999589741587,100.0,12.257678712386532,156
placebo|35,54.63732155187904,8.129249962926222,8.291662116028752,7.6521971727424365,77.4847695358082,12.243227712885062,-25.12970495410153,16.92228982684856,-23.806415464832607,0.2563981757038948,0.9207091430596887,1.1771073187635834,1.6024885981493422,9.903961190622898,100.0,12.193620624760214,156
placebo|91,54.743809709033805,7.770788740160728,8.32632746161027,7.266114327843065,77.69770362052311,12.174838430042294,-25.752158430921753,16.2741585477046,-22.72460734220848,0.23072037338015505,0.898172507652842,1.128892881032997,1.4420023336259695,9.657010150530217,100.0,11.246169578545548,156
placebo|147,54.6855808196476,7.966885738983265,8.327677469928268,7.251078705283776,77.35597284576356,12.164724004094754,-25.234869415712563,16.810820930909504,-23.35747062793345,0.25009374137586365,0.9041224812597026,1.1542162226355666,1.5630858835991481,9.705735623805186,100.0,11.732054411736618,156
placebo|203,54.7353157509478,7.799406780596218,8.320868075815735,7.326917852619719,77.52137016624664,12.067955745352315,-26.557327140458117,15.464492413771406,-22.65682678368701,0.22622294898332337,0.9203994954482273,1.146622444431551,1.413893431145771,9.889381169482123,100.0,11.782645112156711,156
placebo|259,54.60867815027249,8.225550474741915,8.305424842725664,7.498915773478121,77.51487662606348,12.157584621659897,-25.876305607863227,16.158360869419198,-22.968589123893672,0.23906987203623714,0.8970759266394698,1.136145798675707,1.4941867002264826,9.642368300621225,100.0,11.592355972896911,156
Unhedged,54.136120263312925,0.0,6.965620594255744,0.0,24.842491771350172,12.071286596745052,121.51757753520508,0.0,0.0,0.0,0.0,0.0,0.0,0.0,0.0,0.0,157
always|1,53.148606479062785,3.614987578208495,6.898112300636475,0.9691640924993861,25.901633508894474,12.155204153880579,110.11683667697753,-11.301115009761405,11.396757854539025,0.09962584846615369,0.5073894968824908,0.6070153453486445,0.6226615529134606,4.9601843053198,88.54315476190476,2.310843155915163,157
ratchet|-1|4|1|0,52.964552284452864,4.28139635118564,6.933353023790109,0.463240425300282,27.51810856780392,12.244677193586059,104.26271831314257,-17.112526847142075,15.169802874055703,0.14233237492044504,0.7258147137305312,0.8681470886509761,0.8895773432527814,7.148565629528049,97.2797619047619,3.3146441126636326,157
placebo|35,52.929631440455346,4.407574044016527,6.912921304922673,0.7565627300535005,26.742758996578843,12.257891124444962,106.6547284229077,-14.724875517219852,14.012414060910695,0.13797359507755835,0.7129468696481853,0.8509204647257437,0.8623349692347396,7.020699784464031,97.2797619047619,3.368985793857305,157
placebo|91,52.94259068880701,4.360758768379247,6.893182963740448,1.039930750391893,26.878867024949237,12.17779384733486,106.79282563774129,-14.577352730546147,14.056414681497056,0.14739916691764826,0.711120727764302,0.85851989468195,0.9212447932353014,7.0111245069851,97.2797619047619,3.5934993246356637,157
placebo|147,52.97099626059776,4.258103567835924,6.908059671753193,0.8263574181748945,27.19267809192121,12.150197912474713,105.46699716493308,-15.911572483390211,14.93591357047995,0.13900788688178206,0.716195293346572,0.855203180228354,0.8687992930111378,7.052298769720651,97.2797619047619,3.2838000643466843,157
placebo|203,52.953529347231765,4.321233952756421,6.924590851986255,0.5890321144295996,27.389442982848333,12.239887285243976,104.15739359846701,-17.199056639758815,15.060689535488203,0.16112729697925163,0.7090383161505465,0.8701656131297982,1.0070456061203228,6.95537625716121,97.2797619047619,3.101722877809362,157
placebo|259,52.993060477126676,4.178327462396614,6.934952513113693,0.4402778004782726,26.555918114237386,12.287068143069073,107.0656736977195,-14.280235593717629,15.018526501206495,0.17166824376795548,0.7305231966687932,0.9021914404367486,1.0729265235497218,7.201532895986684,97.2797619047619,3.213766777970627,157
Unhedged,60.431750995312385,0.0,9.249869426017135,0.0,82.08463129705078,15.416206916672559,-49.398999017251775,0.0,0.0,0.0,0.0,0.0,0.0,0.0,0.0,0.0,158
always|1,58.965058496188114,4.795141603796105,8.678011635044832,6.1823336593686,76.87079458281244,14.423670620016852,-38.19662801436221,11.399604973270538,-16.123303006922374,0.19723397038095,0.8328244065682341,1.0300583769491842,1.2327123148809376,8.883658906199333,98.77380952380952,6.93565054015022,158
ratchet|-1|4|1|0,58.96782340375969,4.786212966663772,8.59845221125323,7.042447679657638,75.49566586365069,13.935202426756238,-35.18767544252433,14.401260990091941,-22.96287169781538,0.18993741536448522,1.0457869870877903,1.2357244024522755,1.1871088460280326,11.18780952523438,100.0,8.753537411128953,158
placebo|35,59.00036066872453,4.681109852989341,8.620868510062909,6.8001058932251945,75.37966564763488,13.985717058353488,-36.13985517811828,13.482304629687611,-21.243231584014175,0.22316079055409951,1.0531107400856572,1.2762715306397567,1.394754940963122,11.2517482796446,100.0,8.659362004914545,158
placebo|91,58.895378696296305,5.020018369558599,8.574947590992688,7.296555269484051,75.03647482128622,14.06259293264279,-35.4004808734494,14.177711345968897,-22.07882614765326,0.1791932021664997,1.0538381963336299,1.2330313985001295,1.119957513540623,11.224280129098222,100.0,8.863555853098989,158
placebo|147,58.86293810482897,5.124622780257293,8.542108828949242,7.6515739246780345,75.90242352165208,14.08252466043782,-37.459187339096395,12.143629248023785,-21.382469628893535,0.203817569868382,1.046398239594195,1.2502158094625768,1.2738598116773878,11.150005185161076,100.0,8.850643297802387,158
placebo|203,58.84329806025173,5.187923928200577,8.599356042846,7.0326763893707955,74.88681557260009,14.243090729287422,-35.00630031693216,14.58233768805757,-22.517883478517668,0.18963898773793994,1.0479746865854018,1.2376136743233417,1.1852436733621243,11.168484810217523,100.0,8.661439977649115,158
placebo|259,58.95332785803154,4.83301836275759,8.604347192510831,6.978717252922961,75.32897913336349,13.952168788247942,-34.67818636624065,14.938094019889663,-21.315731871865754,0.21728136887851918,1.0387450259082525,1.2560263947867714,1.3580085554907446,11.075345381886763,100.0,8.378342798678158,158
Unhedged,49.36923092139994,0.0,7.452325796696009,0.0,50.57823214414072,18.41548726329841,20.44072999719684,0.0,0.0,0.0,0.0,0.0,0.0,0.0,0.0,0.0,159
always|1,48.93754243079914,1.7411700498163762,7.507883049609819,-0.745502201989634,53.44402098610599,17.171820664255485,16.328015566826345,-3.983672637920352,-0.42798927546963517,0.12904179245015315,0.5755291123540999,0.704570904804253,0.8065112028134572,5.751256767181323,89.77529761904762,2.2489491000195985,159
ratchet|-1|4|1|0,49.005574502755884,1.467784915753012,7.521423626978094,-0.9271981951288089,55.98794379053209,16.029609540694356,11.951386182282565,-8.275621230224932,-2.7968728194984167,0.21372258468933877,0.7870120974300887,1.0007346821194274,1.3357661543083672,7.902559658425148,94.94791666666667,3.749841972310698,159
placebo|35,49.08813176096897,1.1355206155596487,7.491036354289754,-0.5194426364304672,55.58399717651605,16.048639151021685,14.497642546089926,-5.724820600657914,-2.214515500578711,0.21826685044900745,0.8006485744737866,1.018915424922794,1.364167815306297,8.03371704465479,94.94791666666667,3.5543500668206525,159
placebo|91,48.94294286090921,1.719482437546671,7.493121808998998,-0.5474265808544709,55.65685676885559,15.899297248586683,12.758116287276145,-7.485079669869903,-1.9921093458477885,0.19753404005079767,0.7932970695008386,0.9908311095516364,1.2345877503174851,7.95926806755582,94.94791666666667,3.7577439853861603,159
placebo|147,49.08446781455249,1.1502785875318722,7.523693403372156,-0.957655483980413,54.66672615481576,16.049993028860705,14.730748341916264,-5.520267009488153,-2.5279659982251315,0.1897146457924295,0.7693035826621137,0.9590182284545432,1.1857165362026845,7.720602847849654,94.94791666666667,3.3508781191607184,159
placebo|203,49.150278894968444,0.8850310096894964,7.5690187840347605,-1.565859981463591,54.70044742121078,16.273545840211202,14.593539300189102,-5.661427062967292,-2.1897863121147574,0.18576363404045962,0.7884812696749948,0.9742449037154546,1.1610227127528725,7.905191922388136,94.94791666666667,3.810881438160304,159
placebo|259,48.989476687071054,1.5325078757908006,7.495300665647485,-0.5766638513110767,55.818178577952,16.156166021854094,13.553257970139091,-6.692715637598914,-2.3488674651924555,0.19475638945884524,0.7926429137942508,0.987399303253096,1.217227434117783,7.952838923825066,94.94791666666667,3.7337701325120203,159
Unhedged,46.26297092271614,0.0,6.733387888685526,0.0,52.42389067952327,14.34138286531127,-4.72956788031948,0.0,0.0,0.0,0.0,0.0,0.0,0.0,0.0,0.0,160
always|1,45.504882877178716,3.2504477196628856,6.4028267342192775,4.909284299835271,52.04609345156614,13.136838018636302,-7.92962865236779,-3.0537647966281796,5.481140617147648,0.14629597542012918,0.6310671803575179,0.7773631557776471,0.9143498463758075,5.654200565646623,100.0,5.175804849700545,160
ratchet|-1|4|1|0,45.89018128804293,1.6051180773476226,6.576622227700233,2.328184022321267,53.22131227513369,12.527474475029354,-11.101546463098702,-6.158517832938519,7.104553094840346,0.21346074984070307,0.9093101555584552,1.1227709053991584,1.3341296865043941,8.214204005549272,100.0,8.91906192629796,160
placebo|35,45.95865553791576,1.3112625214872553,6.56459386541077,2.5068216188523618,53.28017537791445,12.559579649674872,-10.675754560759364,-5.72524258891459,7.681964107302293,0.2209440915252864,0.9009455023969535,1.1218895939222397,1.3809005720330398,8.12401116321057,100.0,7.97844535314977,160
placebo|91,45.7695748336843,2.121632210720159,6.506667451157725,3.3671079295576,52.90034160769432,12.491538725091571,-11.319751686172141,-6.385094590537658,8.65340631711331,0.20508921531501012,0.9212404414549966,1.126329656770007,1.2818075957188135,8.317231960145655,100.0,8.981865330471994,160
placebo|147,45.88980125832339,1.60674774293188,6.5678537069263045,2.4584085232543407,52.98423581513123,12.574756390733677,-11.33970998207995,-6.410298732250535,8.171815978756923,0.19984336950994186,0.9180112168594583,1.1178545863693998,1.2490210594371365,8.27571596862668,100.0,8.917218099779982,160
placebo|203,45.91709356134403,1.489676980917387,6.555008496415687,2.6491774307192184,53.228503255412306,12.666881543536219,-11.68073844276051,-6.75087056260306,8.478399308455765,0.2002999998379751,0.9094260293527647,1.10972602919074,1.2518749989873446,8.208412126890863,100.0,8.318331303168812,160
placebo|259,45.881260537642405,1.6433689991205536,6.541476932488716,2.85013962316486,53.778648098172965,12.604445836408637,-11.039487241758225,-6.102446115485986,8.798250766421855,0.20747324595277267,0.9185225681998751,1.1259958141526474,1.2967077872048292,8.274963480052259,100.0,8.54438551532506,160
Unhedged,54.96789509879619,0.0,9.277219319863665,0.0,74.58731417383324,22.392585067067238,-34.92437399966157,0.0,0.0,0.0,0.0,0.0,0.0,0.0,0.0,0.0,161
always|1,53.788466138081624,4.2452986026052075,8.917318981095852,3.879398840956827,73.0255617558373,20.28157177299698,-40.67266309737167,-5.6083594320960835,0.46147257096068256,0.13992966561400993,0.5089819295602372,0.6489115951742471,0.874560410087562,4.891216826422651,81.38541666666667,5.488700914833362,161
ratchet|-1|4|1|0,53.908021122129476,3.819159869375144,8.855125583900806,4.549787187407606,73.01702592603662,20.178907304117576,-40.834150339559656,-5.704977382604405,-2.7327521590847677,0.20479895729369518,0.6419744460764589,0.8467734033701542,1.2799934830855948,6.220771859487097,91.18303571428571,6.827733495907702,161
placebo|35,53.95774850950965,3.6416342340358177,8.870442388003012,4.384685947756939,73.20576020471182,20.253532105770248,-41.468155780141736,-6.343766022884703,-1.1896491849027189,0.20001575759546805,0.6446156643539369,0.8446314219494049,1.2500984849716752,6.2230213918143615,91.18303571428571,6.784870593731454,161
placebo|91,53.87802732744978,3.9261578918780793,8.85745206574525,4.524709825708683,73.34481482769559,20.19010812927376,-41.25743451577184,-6.142022915125234,-2.029314590745439,0.1910376009850448,0.6255265732212876,0.8165641742063323,1.1939850061565298,6.037999981578567,91.18303571428571,6.803672344770664,161
placebo|147,54.006072265706344,3.468962712191115,8.891884610047063,4.153558264937784,73.62264294996679,20.191093374437177,-42.698909354883014,-7.572524731187849,-0.7347251365058636,0.20201062403361464,0.6473443794509148,0.8493550034845294,1.2625664002100918,6.248513554175324,91.18303571428571,6.688987786838683,161
placebo|203,53.9465239021271,3.6817201291968082,8.88221180921695,4.257822274406687,73.25700106272028,20.178907304117576,-40.41478457613123,-5.2965633195230515,-1.794765318219932,0.19384725694661542,0.6442380012479304,0.8380852581945459,1.2115453559163465,6.222509716016395,91.18303571428571,6.640331661831358,161
placebo|259,53.98846209800894,3.5319056565379148,8.869758909104103,4.392053229647585,73.4250145268057,20.22699047409599,-42.08306777848059,-6.945771165355307,-1.3364915458931683,0.21292261346372618,0.6628259903187392,0.8757486037824653,1.3307663341482887,6.392585133191863,91.18303571428571,6.785656513190344,161
Unhedged,53.52614967218993,0.0,8.841738648658694,0.0,83.19791252610605,21.482151351086806,-60.931131881670886,0.0,0.0,0.0,0.0,0.0,0.0,0.0,0.0,0.0,162
always|1,51.94674673665642,5.814358488259385,8.526832151468913,3.5615901996555177,87.57622796505312,20.373782697863884,-76.8048153448084,-15.733757564947904,8.963136304977445,0.13992589818960155,0.6554864006966161,0.7954122988862177,0.8745368636850097,6.446378676535989,97.36309523809526,6.236183223231129,162
ratchet|-1|4|1|0,51.621665527967764,6.989491904172251,8.440282795288296,4.540462790441113,88.28760819393372,19.122873675608886,-79.25008340697208,-18.09774552287435,6.305451756093987,0.22120600242685845,0.9809203394209471,1.2021263418478056,1.3825375151678656,9.603024237918008,99.36011904761905,10.431090680375329,162
placebo|35,52.018217578579836,5.555009893820384,8.531591422146828,3.5077628828003804,88.16045758120026,19.425021693282954,-77.92000742830527,-16.775854726997917,5.324049842948191,0.21302081963647784,0.9505543758544391,1.163575195490917,1.3313801227279864,9.282379161938938,99.36011904761905,9.11712743028159,162
placebo|91,51.86796366480713,6.099828043879785,8.495418490218686,3.916878480597763,88.39767131924373,19.193224086621033,-79.12007729474749,-17.966202913736783,6.113754045852365,0.22274249933984278,0.9624255258552228,1.1851680251950656,1.3921406208740175,9.384116717768503,99.36011904761905,9.363501999407925,162
placebo|147,51.84711080031443,6.1753156401160965,8.45719426240198,4.349194220019714,88.41650105757384,19.966666894499557,-79.15919299381781,-18.003603211888407,6.25220446177583,0.22445790025853074,0.9611693961534817,1.1856272964120127,1.4028618766158172,9.38221767239231,99.36011904761905,9.672138788499838,162
placebo|203,51.66956893750909,6.816789698139147,8.443813468941302,4.500530897028465,88.41594008964499,19.34685417649866,-79.23475253667272,-18.089734343191843,6.27134961320733,0.21388631180997497,0.9614029834002639,1.175289295210239,1.3367894488123435,9.370058310017185,99.36011904761905,9.789143946824877,162
placebo|259,51.777562514495756,6.426861744751644,8.46661052261974,4.242696385239364,88.1603039980461,19.214442064419416,-77.98706330500464,-16.83096257996665,6.0266123996385925,0.2249688433671089,0.9685053444604266,1.1934741878275352,1.4060552710444307,9.46739170910372,99.36011904761905,9.677310129866013,162
Unhedged,44.02233569725698,0.0,6.07335509527656,0.0,47.884568202632025,12.720840663781264,3.0346399324314968,0.0,0.0,0.0,0.0,0.0,0.0,0.0,0.0,0.0,163
always|1,43.359278615315866,2.989680778625159,6.128270979859616,-0.9042100078384241,44.76983485886761,12.278378551402165,-5.244837743352332,-8.19747945237243,8.99165934628062,0.0819982234113924,0.5137111736521859,0.5957093970635783,0.5124888963212023,4.4311991217267295,93.62053571428571,2.2883114302285352,163
ratchet|-1|4|1|0,43.488286859402194,2.4115461935801497,6.247515867216143,-2.867620437260987,46.33251167956325,12.293788850749864,-10.05362061378094,-12.95634076002016,12.787916314612954,0.131919786192275,0.7197235090298576,0.8516432952221324,0.8244986637017189,6.169911899748724,95.53422619047618,3.046254606714264,163
placebo|35,43.52956604542192,2.2261958797713866,6.234335545284661,-2.650601644111017,46.15459072397903,12.298513710830179,-10.00436347417759,-12.912777861742232,12.759675523045363,0.12622554486685755,0.7104930841540483,0.8367186290209058,0.7889096554178598,6.10060631543014,95.53422619047618,3.2052969020274595,163
placebo|91,43.56308629336,2.0755550925047106,6.252378777412794,-2.9476900218705415,47.490431647206066,12.302742903578975,-10.755102869867066,-13.684055274075952,13.102732358027948,0.10568752822260341,0.7115126800080465,0.8172002082306499,0.6605470513912713,6.069559103770082,95.53422619047618,2.6665367126478117,163
placebo|147,43.52192415303119,2.2605224936921964,6.244342897610996,-2.8153763389764164,46.21446148057187,12.31469137659782,-10.400399174786857,-13.313904550317432,12.427400064127108,0.12113455690092599,0.6999131440852524,0.8210477009861784,0.7570909806307874,6.009541769750001,95.53422619047618,2.966832192377172,163
placebo|203,43.549395725601805,2.1370948363857334,6.259117781413826,-3.058650173142974,46.54569442658529,12.294257395108012,-9.972489706023378,-12.886235267063904,12.64730612782976,0.12089437139096133,0.7056913323489379,0.8265857037398991,0.7555898211935085,6.048606014457988,95.53422619047618,2.9468366765986893,163
placebo|259,43.463987385184964,2.5205725904447807,6.232205188703523,-2.6155245483753253,47.1914165514789,12.309155785197094,-11.388978884548774,-14.30622337318483,13.267229361734925,0.1173954437954367,0.7184996580639981,0.8358951018594346,0.7337215237214793,6.160343053913143,95.53422619047618,2.961987277755523,163
Unhedged,51.041551364622705,0.0,7.95935354360682,0.0,46.89140118664197,18.15916903495525,53.838660876253265,0.0,0.0,0.0,0.0,0.0,0.0,0.0,0.0,0.0,164
always|1,49.79676861135697,4.8180514358226345,7.69489976417927,3.322553496068381,45.88138486935529,18.05048488820663,54.96363417582273,1.2465615095589722,-4.280687024765277,0.12158820998953192,0.57348649672528,0.6950747067148118,0.7599263124345745,5.404120127425589,96.12202380952381,5.0651689350455475,164
ratchet|-1|4|1|0,49.39175997078345,6.360028821795682,7.520304683993174,5.516137173807312,47.101640755356186,17.335957548948333,56.56505918027328,2.877261330325706,-9.28716635922537,0.1508630263056955,0.7660562637379825,0.916919290043678,0.9428939144105969,7.275994483643028,98.2797619047619,7.892179445475017,164
placebo|35,49.39084949829998,6.363481050724717,7.522623207696603,5.487007625902118,47.71851192656186,17.51991610116139,54.87724190688132,1.1986054514509141,-8.030862465050664,0.16002442082286167,0.7713553358118576,0.9313797566347192,1.0001526301428854,7.332249891809893,98.2797619047619,7.643428620664411,164
placebo|91,49.39537209816916,6.346332129368138,7.527478996002965,5.426000305649814,46.072021574084445,17.353438298037748,57.37300311347859,3.7009425230378556,-8.506758519426945,0.166600285812529,0.7527691768561411,0.9193694626686699,1.041251786328306,7.159900149321649,98.2797619047619,7.585058493217075,164
placebo|147,49.37636003393121,6.418412035284938,7.530715637916549,5.385335672575642,46.1859861860954,17.62293773681054,57.53786774301202,3.859227695451801,-9.497694324400948,0.16002082869304765,0.7609081493086418,0.9209289780016896,1.0001301793315478,7.245088680159574,98.2797619047619,7.823541719332551,164
placebo|203,49.35048427436134,6.516469493332555,7.520096293919289,5.518755352190075,45.629055559473805,17.39224759141645,58.496074400183154,4.792360450039643,-7.86899892884058,0.13494692610978026,0.7733876425174103,0.9083345686271906,0.8434182881861269,7.346220911077009,98.2797619047619,7.86185504636614,164
placebo|259,49.412574686779,6.281088524851919,7.552279334102286,5.114412964247683,46.15499447320324,17.608218947935768,58.33965769987335,4.654409436387601,-9.696889938001307,0.15341261276750753,0.7661464674954548,0.9195590802629623,0.958828829796922,7.278134733377907,98.2797619047619,8.05623107462691,164
Unhedged,47.37673803423794,0.0,7.484926666714861,0.0,83.94858446725489,14.120099762196977,-43.73493850135875,0.0,0.0,0.0,0.0,0.0,0.0,0.0,0.0,0.0,165
always|1,47.35476108339785,0.0927537625311392,7.434358218320179,0.6756037920793267,84.67064389404997,13.383265737235284,-45.398019662724174,-1.5572474257994482,0.8770325173742128,0.10583373556598757,0.4220020260362633,0.527835761602251,0.6614608472874225,4.004769714722042,91.73809523809526,2.1465108432248736,165
ratchet|-1|4|1|0,47.682668707730166,-1.295650333885412,7.4532740087708715,0.42288534481904616,85.8743798491939,13.086091423574967,-49.53265518789912,-5.626245491853499,2.726669909058269,0.17147119468687114,0.5970019875227259,0.7684731822095969,1.0716949667929445,5.664730289311679,97.7485119047619,3.052070906399685,165
placebo|35,47.70766063562237,-1.4018623851268286,7.421147358200525,0.8521033184995641,85.16995408106476,13.237185119976147,-46.81151489517207,-2.908596268724708,2.4491922075687884,0.16798012508862076,0.601346122128943,0.7693262472175639,1.0498757818038797,5.707374911908965,97.7485119047619,2.9958376966120164,165
placebo|91,47.70534006197731,-1.391997941415113,7.417700206224276,0.8981579043324306,85.58972868543938,13.18092505931758,-48.61420008333238,-4.708296522151444,2.6690719764579396,0.17096505982219687,0.6054801442426514,0.7764452040648483,1.0685316238887306,5.74507046298438,97.7485119047619,3.1629996239360127,165
placebo|147,47.67817773844212,-1.2765702679418567,7.451373862629919,0.44827164752528903,85.59350974842965,13.245906185959905,-48.70391934637052,-4.812703221675957,2.541468523714907,0.15627762333581388,0.5971534425795333,0.7534310659153469,0.9767351458488367,5.66865154188982,97.7485119047619,2.8126494027077,165
placebo|203,47.688877564356346,-1.3220318739274761,7.447492785669609,0.5001235511327029,85.54447207941134,13.104622621478473,-48.36222112525914,-4.458060954784886,2.8519043876893595,0.16922166911550582,0.601122930790446,0.7703445999059516,1.0576354319719112,5.692805681160557,97.7485119047619,2.701056399564337,165
placebo|259,47.63555339503267,-1.0955684812972821,7.442748790879506,0.5635041960119547,85.68623366106955,13.104745135947216,-49.21324166063195,-5.310469143443364,2.8332375958309592,0.16783401582985916,0.6027529908860585,0.7705870067159177,1.04896259893662,5.719370496290963,97.7485119047619,3.0442678151105413,165
Unhedged,43.45942130948135,0.0,5.180723881149902,0.0,43.67394165674926,6.985180425639329,70.34924265121244,0.0,0.0,0.0,0.0,0.0,0.0,0.0,0.0,0.0,166
always|1,42.53804434452652,4.195223714309426,5.048174342539662,2.5585138612100544,41.55127391288623,6.84325698154788,64.66606804522178,-5.569044431173675,5.690596621347412,0.11413017481698562,0.5677692071186353,0.6818993819356208,0.7133135926061602,5.59243019088191,99.13690476190476,3.8378607882104836,166
ratchet|-1|4|1|0,42.59455876072343,3.9404895000871742,4.999772498493205,3.4927818352776807,40.36101994201915,6.785663841308609,65.61154716574329,-4.613593713409863,3.6378287575828874,0.12410177205927278,0.7178613238992155,0.8419630959584884,0.7756360753704549,7.142363060999197,100.0,5.208271714435867,166
placebo|35,42.55908270795718,4.10043448917018,5.00834459298902,3.3273205080101897,39.92029781284304,6.782295987183137,64.72380459137956,-5.4903463011694855,4.3108842180478275,0.13509175866337497,0.7125990409082562,0.8476907995716312,0.8443234916460939,7.076157212013669,100.0,5.352080552072536,166
placebo|91,42.62146380083109,3.8190983502038978,4.997577414750552,3.5351520482635457,40.140163133937456,6.763019491058881,64.88349755793517,-5.337745257263052,3.8994272723072085,0.12799983601420317,0.7169017205702723,0.8449015565844754,0.7999989750887698,7.130488998855629,100.0,5.356236436653392,166
placebo|147,42.54102361095825,4.181803353606739,4.984705279487624,3.7836141465769413,39.839910241265684,6.80468517325558,65.11141428790405,-5.100623362807433,4.292599562393842,0.13720500050092466,0.7101348581892489,0.8473398586901735,0.8575312531307789,7.047869409872508,100.0,5.457187719253554,166
placebo|203,42.59208662742942,3.951639516884653,4.989602548494624,3.689085483800325,40.179765929909586,6.83018602337323,65.32844444516971,-4.901788809565979,4.714203080425074,0.11900939647674837,0.7140646729857313,0.8330740694624794,0.7438087279796775,7.097012813794097,100.0,5.464272396643699,166
placebo|259,42.654107330757746,3.671713150628475,5.017882296605877,3.1432206826641607,40.148014663693445,6.799139734194173,64.19492053420957,-6.0255967420314995,4.371489026906976,0.12872537497135392,0.7059225022566573,0.8346478772280111,0.804533593570962,6.988705664465932,100.0,4.888383217880283,166
Unhedged,51.18837789772207,0.0,6.14669997561617,0.0,32.36443925875611,9.627546845311636,128.96344493353612,0.0,0.0,0.0,0.0,0.0,0.0,0.0,0.0,0.0,167
always|1,50.71192773755237,1.8528925236922955,6.118631006685833,0.45665103293941467,29.510874604796854,10.799790176052793,123.53737263042848,-5.316519606330435,6.023031886797824,0.1095526967772572,0.41707422795183263,0.5266269247290898,0.6847043548578575,3.9046051101222514,84.89732142857143,3.0408488102383098,167
ratchet|-1|4|1|0,50.88688488301538,1.1745054223547657,6.203534624607265,-0.9246367842347336,30.80825550740457,11.129816719507325,117.87160089314825,-10.929903654660391,8.412849933529392,0.16194038572751238,0.6048863409503132,0.7668267266778257,1.0121274107969525,5.718516059912989,91.9360119047619,3.304024507599653,167
placebo|35,50.79157781356482,1.5443432694395742,6.190422683870126,-0.7113200323328295,30.44961220727239,11.146693357041833,118.42389348053631,-10.40382517914382,8.65163429195537,0.13572627385603464,0.6001337743610073,0.735860048217042,0.8482892116002165,5.680093174288957,91.9360119047619,3.644736702386043,167
placebo|91,50.79304579184827,1.5386520560219275,6.201454985245672,-0.8908033554055672,30.77612921032732,11.112183887579247,117.69013565045412,-11.117261725604925,9.326389750033863,0.1560475574771121,0.6147998189572998,0.7708473764344119,0.9752972342319506,5.811779204653421,91.9360119047619,3.21654460057753,167
placebo|147,50.84356876028716,1.3426790226497731,6.18345925526648,-0.5980327622323145,30.230410132269114,11.112048559710233,118.51867727375522,-10.291705589405494,9.203120054546552,0.15306207037542816,0.6119177000405399,0.7649797704159682,0.9566379398464259,5.777004712136792,91.9360119047619,3.45666638559762,167
placebo|203,50.882638927581674,1.1909965532531097,6.217171089913812,-1.1464869698732505,30.444204953764277,11.071193791054698,117.13847505520751,-11.669733272395568,9.138958771935835,0.15523660593308244,0.6170610051110158,0.7722976110440984,0.9702287870817654,5.833017684000282,91.9360119047619,3.396902489009558,167
placebo|259,50.85945137244336,1.2810318666807707,6.200713387844533,-0.8787383871448506,30.65865389409327,11.13014522189791,118.00342937974357,-10.810758119618495,8.994259458858874,0.1492574341740927,0.6200665856740729,0.7693240198481655,0.9328589635880795,5.862528286814881,91.9360119047619,3.552350532350159,167
Unhedged,50.333370087357736,0.0,7.243405132253016,0.0,48.926382761855876,11.350360962450393,-1.4380116269522445,0.0,0.0,0.0,0.0,0.0,0.0,0.0,0.0,0.0,168
always|1,49.51410629392644,3.2288571781930675,6.5128386355783805,10.085953820553417,42.76586073550646,9.62114412284604,11.182978099758351,12.778803855788853,-18.277670669277818,0.1578141290782602,0.644793162138527,0.8026072912167874,0.9863383067391265,6.46715216778486,90.02827380952381,6.8891581581858,168
ratchet|-1|4|1|0,49.719346486214384,2.42494520646368,6.489380706905014,10.409806045371194,43.51626916296083,9.673336471078022,10.726180054578865,12.352828010687773,-20.79809293144853,0.18863632915665474,0.7840179870302136,0.9726543161868683,1.1789770572290919,7.830867182983514,96.98809523809523,7.808945444199436,168
placebo|35,49.7979650891425,2.1161205707330266,6.522800771679963,9.94841994084229,43.316481976774625,10.000531794617745,10.817384267527075,12.447904197966823,-20.750231065631542,0.19250830348749912,0.7638429591876621,0.956351262675161,1.2031768967968695,7.6271119698818755,96.98809523809523,7.381413424411708,168
placebo|91,49.837410794811596,1.9609886127289866,6.537976253868233,9.73891236931771,43.42067193800461,10.215267202891933,10.710950011299962,12.343117928410544,-21.028095557653497,0.1941562901583328,0.7715735637107011,0.9657298538690335,1.2134768134895797,7.700845617117875,96.98809523809523,7.162813023186493,168
placebo|147,49.83261863359092,1.9798417655340295,6.538779191569953,9.727827283131585,43.3161453122157,10.03998015514092,11.28466533956851,12.910280671895114,-20.35569326563121,0.18760370537435173,0.7709181360466593,0.9585218414210107,1.1725231585896985,7.688899403088829,96.98809523809523,7.383995627432912,168
placebo|203,49.812392280756555,2.0593956002328717,6.538840813781473,9.726976547733045,43.40482042651139,10.215486715446707,10.368468678491475,12.002342336749809,-20.511962285032244,0.19586203130607688,0.7821903712547235,0.9780524025608003,1.2241376956629804,7.795211140113379,96.98809523809523,7.312546944600245,168
placebo|259,49.77521880354806,2.2055212590171402,6.532919523303376,9.808723880237347,43.211083420201746,10.215956391151323,11.185179056406021,12.821733232392624,-20.779699139650038,0.1985425490343612,0.756944969432201,0.9554875184665623,1.2408909314647578,7.558618988011129,96.98809523809523,7.318640702303475,168
Unhedged,61.79138130621516,0.0,9.750819676943753,0.0,91.18292661994583,14.1423048142995,-77.59781065567661,0.0,0.0,0.0,0.0,0.0,0.0,0.0,0.0,0.0,169
always|1,60.987563617390876,2.584792284741977,9.357987825605333,4.02870593809963,90.45246831083733,13.561479389137093,-75.72808235871891,2.078452261382506,-8.986904400893698,0.20872396442479157,0.676457732298071,0.8851816967228624,1.3045247776549471,7.157863693813971,97.88839285714286,4.5602730171363435,169
ratchet|-1|4|1|0,61.06437673969149,2.339251126895625,9.380850780815718,3.794233801726865,90.01048124899903,13.674540423607153,-73.81664489846376,4.093178472500065,-17.22297454851657,0.3120127152872126,0.9902844813927968,1.3022971966800092,1.9500794705450781,10.514701647615226,99.21130952380953,6.368476324947133,169
placebo|35,61.21636098989613,1.8525068788285637,9.376806658174225,3.8357084959113497,90.04283714399244,13.634082291626108,-74.13045144565955,3.8075044489208714,-15.98730404687685,0.3401452389038135,1.0119527727455364,1.3520980116493502,2.125907743148835,10.699330617831379,99.21130952380953,6.570796151151651,169
placebo|91,61.02723590202602,2.458014279410592,9.353371435060897,4.0760495532764285,90.12515583187461,13.531633734385116,-74.92431406125245,2.9618461210133704,-17.14771235279357,0.28834952658919255,0.9947046589024852,1.2830541854916775,1.8021845411824533,10.518963916485578,99.21130952380953,6.4825716353624605,169
placebo|147,61.148746089965584,2.0691995368523175,9.360886574862425,3.9989776757265005,89.82262884941002,13.643844785612838,-72.92304339191055,4.980264815715757,-17.680843462814348,0.30549755194967887,0.995278458629442,1.300776010579121,1.9093596996854934,10.571108870691083,99.21130952380953,6.465556751804412,169
placebo|203,61.062870814736584,2.3440679432861766,9.341644358820984,4.196317147473061,89.710068562107,13.531287536018812,-72.64494996897406,5.2444474382122515,-17.141295742547616,0.291586751509709,0.997911877722669,1.2894986292323776,1.8224171969356808,10.605133721840478,99.21130952380953,6.60796065266513,169
placebo|259,61.23256758211268,1.8005323110120042,9.399621758736853,3.6017271351794333,89.89259888463094,13.661932051444362,-73.62222221142305,4.304910203068294,-18.76211878569595,0.3293217588147269,0.993043388185047,1.3223651469997741,2.0582609925920434,10.546802235800309,99.21130952380953,6.36840716689319,169
Unhedged,49.83910763537307,0.0,8.08125767448063,0.0,65.24790156531131,13.073638694979097,11.515621089378964,0.0,0.0,0.0,0.0,0.0,0.0,0.0,0.0,0.0,170
always|1,48.729479184652575,4.403272856722973,7.685494761412633,4.897293577431094,63.952370347163054,12.051801526133666,13.655653574489975,2.2582289834869638,-3.8077514056858446,0.11819649837595733,0.531388228846061,0.6495847272220184,0.7387281148497334,5.059975303369145,96.74404761904762,5.273102451091519,170
ratchet|-1|4|1|0,48.80543134922027,4.1050370874536,7.465331701531273,7.62165986730452,62.79516748987424,11.952429865655697,18.37781480877651,7.045864861333299,-8.30956790425252,0.18367114193575906,0.7195662179699881,0.9032373599057469,1.147944637098494,6.85293184930887,99.10863095238095,8.877305580030834,170
placebo|35,48.771181814523295,4.239579713503005,7.491639609537577,7.296117617991261,63.05047114486732,11.996834513173141,18.82590775888147,7.496288312831058,-8.455290603731155,0.18600164332855462,0.7340152607234763,0.9200169040520311,1.1625102708034663,6.989546929154581,99.10863095238095,8.556145451742292,170
placebo|91,48.74120715612502,4.357251818752694,7.521822523276494,6.922624840570856,63.25265695033616,11.996139315150218,16.964261015865,5.642513357366927,-7.497213380485759,0.19387343088090256,0.7244179105489469,0.9182913414298495,1.2117089430056411,6.900535394803531,99.10863095238095,8.545516522130034,170
placebo|147,48.90383846562263,3.717938346884575,7.566031810255544,6.375565351072643,63.565594282304886,11.96884141621453,16.04066525865236,4.709892861051277,-6.853513984295181,0.18484869177789118,0.720784662546275,0.9056333543241664,1.1553043236118197,6.858753555753578,99.10863095238095,7.886010888158348,170
placebo|203,48.88577628093337,3.7890470074987914,7.485947907881783,7.366548507403037,62.85811264698792,12.021445155924543,17.960847733241806,6.643157304759601,-8.24752495366044,0.19793066089676464,0.7304095901527452,0.9283402510495098,1.237066630604779,6.95222145913211,99.10863095238095,8.40586985709511,170
placebo|259,48.79829217518364,4.133089734001361,7.492998721996493,7.279299537023409,63.23719092481116,11.977849392085739,16.848138109278537,5.531114651071202,-8.283591550728417,0.19859763117164686,0.7256125340185864,0.9242101651902332,1.241235194822793,6.9087845257867775,99.10863095238095,8.270558010546017,170
Unhedged,52.13090230977012,0.0,8.33412876063707,0.0,54.92646539716688,13.237304608691773,10.89485535532672,0.0,0.0,0.0,0.0,0.0,0.0,0.0,0.0,0.0,171
always|1,51.13154083359193,3.7972965622959154,7.839136399175958,5.939341419813548,52.567599146025145,12.602003062951736,4.582097348488805,-6.20926900186426,4.677837641841926,0.10348900497363955,0.4243978336587259,0.5278868386323655,0.6468062810852473,3.8727028640092622,79.10714285714285,4.100296986259714,171
ratchet|-1|4|1|0,51.08357917882293,3.9776892036136102,7.762426380769591,6.859773784245881,52.72707707426507,12.599886107464279,-0.01676331504135895,-10.742583024459508,4.929279409350068,0.16903564590855302,0.5577801478687933,0.7268157937773463,1.0564727869284563,5.118108253673275,90.375,5.641929034646489,171
placebo|35,51.096793833326394,3.928003343447184,7.757944485263074,6.913551397182283,52.80725085560023,12.599684893963426,-0.18992493683137468,-10.907123062510413,5.2456170117301575,0.17765722964766642,0.5633664422628801,0.7410236719105463,1.1103576852979151,5.1606115217796145,90.375,5.521417413113867,171
placebo|91,51.08912759151215,3.956829258027894,7.78441903348071,6.595887140029477,52.80727781680299,12.600444892244806,0.042527745714294025,-10.664099658919618,5.63262202080977,0.18822795069280046,0.5515180814279617,0.7397460321207622,1.1764246918300028,5.047146986530072,90.375,5.095716191335334,171
placebo|147,51.14620185450014,3.7421199714547937,7.771784750003978,6.747484071629639,52.47707149497454,12.595720121006673,1.5009182030093933,-9.209612747841417,5.629107995195372,0.18432440447589454,0.557043981344522,0.7413683858204168,1.152027527974341,5.097391077780468,90.375,5.302638192692075,171
placebo|203,51.028701461078526,4.183886769266998,7.769849171835273,6.770708792824809,52.481024760493,12.598062390941722,0.9755108503962364,-9.754130034987638,5.741784290322753,0.1652144699428329,0.5684028776399275,0.7336173475827604,1.0325904371427057,5.1938717219772945,90.375,5.354775567698857,171
placebo|259,51.14323010958361,3.7533053789725934,7.762689747148685,6.856613689331848,53.013246964950824,12.598342690075388,0.10620920682846943,-10.613778622554888,5.312752204989121,0.17486752594335617,0.5553229272446341,0.7301904531879901,1.0929220371459758,5.083343969659462,90.375,5.50616719606472,171
Unhedged,48.982572515801394,0.0,7.175979274384753,0.0,39.35307334466485,17.038229045951812,40.019290807392196,0.0,0.0,0.0,0.0,0.0,0.0,0.0,0.0,0.0,172
always|1,48.64812599802235,1.3609115340246003,7.03866761344263,1.9134902107684204,39.408308101118685,16.539970569520474,44.220400193475236,4.32963555266059,-8.818806667205394,0.12852616657753452,0.567464496050446,0.6959906626279806,0.8032885411095906,5.365027235224833,91.76488095238095,3.113327003153599,172
ratchet|-1|4|1|0,48.668260938979,1.279243301477928,7.068241701369843,1.5013640493568348,39.047987493840864,16.120727466179602,44.32587802820985,4.5233106522940325,-11.82378618042849,0.21672343147638096,0.7583190476847701,0.9750424791611513,1.3545214467273812,7.200053654478059,98.76785714285714,3.9799544505890454,172
placebo|35,48.70209736776703,1.14192509962745,7.020928463527366,2.1606920105086247,39.207986577905906,16.129137728290107,46.20727075722097,6.3934901690826695,-11.344892715755403,0.2055102192539229,0.7578499166190208,0.9633601358729438,1.284438870337018,7.192726785795851,98.76785714285714,4.182616507808533,172
placebo|91,48.68375336790685,1.2163823031194232,7.010278339962885,2.309105532304856,39.5685224563225,16.31293966206798,45.32390172153434,5.499539481407548,-11.437072066965387,0.19492856726539767,0.7426561241371531,0.9375846914025509,1.2183035454087352,7.049889292256741,98.76785714285714,4.242340703194867,172
placebo|147,48.753392764495274,0.9335712529562334,7.047394348946765,1.791879833000376,39.10779114284432,16.194575183530404,44.4835640603653,4.6681168743376515,-10.937230608292472,0.20384362136453602,0.767484087067284,0.97132770843182,1.2740226335283502,7.2670094870011175,98.76785714285714,4.121634824975376,172
placebo|203,48.6819308345627,1.223778325599878,7.01495212277287,2.2439745915471376,38.86871917317117,16.12202193442598,45.997161936418976,6.164500032182305,-11.413805022429926,0.18662890315552078,0.7480504826939269,0.9346793858494477,1.1664306447220048,7.09988315364117,98.76785714285714,4.2799500084973605,172
placebo|259,48.72519268288152,1.0481427013319111,7.0426892268338035,1.8574474988624745,39.27293852733573,16.076688770055853,45.13952904631615,5.322857580683018,-10.461253111411029,0.20261934175906024,0.7515616253754793,0.9541809671345396,1.2663708859941265,7.114062393989055,98.76785714285714,4.17679008840436,172
Unhedged,48.04609787041207,0.0,6.545823095049508,0.0,28.537141387545752,10.891041210355505,83.78816780699974,0.0,0.0,0.0,0.0,0.0,0.0,0.0,0.0,0.0,173
always|1,47.36698799916018,2.806931033491633,6.559250273195818,-0.20512589404479975,27.94239015170008,10.193633920379012,77.08707710181909,-6.592965216019906,5.424324368442838,0.10812548916073203,0.5430596834521981,0.6511851726129303,0.6757843072545753,4.944956997916887,86.65476190476191,2.0795647085447477,173
ratchet|-1|4|1|0,47.43764561183702,2.5167478234078833,6.542803511386687,0.046129930781424466,27.614251911152344,9.67502301596264,74.29646737097958,-9.31781225225587,5.167419238270232,0.1738881837642749,0.7868850827016197,0.9607732664658944,1.086801148526718,7.307047860981209,94.24553571428571,5.295591656390062,173
placebo|35,47.43148032471655,2.5420852184550813,6.566116489678044,-0.31002051741795267,28.616562914634937,9.983609336046914,71.86947747690243,-11.726641337355387,7.068192114823885,0.19204899274190662,0.7917179277412892,0.9837669204831959,1.2003062046369164,7.300006274125222,94.24553571428571,5.0974592461897785,173
placebo|91,47.64164412370334,1.6765207232500967,6.585451894966093,-0.6054059106265219,27.312752919570706,9.639066825616005,75.23859775470588,-8.368984531487317,4.3009364400717995,0.18058552080653179,0.8085818858898783,0.98916740669641,1.1286595050408235,7.520332197965766,94.24553571428571,5.748693591563447,173
placebo|147,47.75051112604776,1.2266448706768296,6.620422713420612,-1.1396522223083405,28.63734949640303,9.676760925742995,73.33898863919482,-10.26055255768619,5.488541061517371,0.1886266101187097,0.8049264309318674,0.993553041050577,1.1789163132419356,7.477750339796066,94.24553571428571,5.271225565462494,173
placebo|203,47.47296811624059,2.3715199337957182,6.607733288187018,-0.9457969187149473,27.381733125121688,9.676086605495968,72.11227465613858,-11.497287271948608,5.529218664952958,0.17860587891252308,0.8169183520372494,0.9955242309497727,1.1162867432032693,7.600323617869822,94.24553571428571,5.213367042819748,173
placebo|259,47.901820539818864,0.5996770277961749,6.7154073152233495,-2.590724156631974,29.06008180467993,10.188397034595372,71.2396875902619,-12.361359870661452,5.986587656370106,0.18712034607638509,0.8175312710535324,1.0046516171299174,1.1695021629774065,7.5821883241170545,94.24553571428571,4.873343356209211,173
Unhedged,50.594233458828135,0.0,8.541108377749456,0.0,61.83979426659606,16.75572415037367,-4.648946703318905,0.0,0.0,0.0,0.0,0.0,0.0,0.0,0.0,0.0,174
always|1,48.602513719439095,7.71833488511795,7.899823486970475,7.508216292508363,59.687663602619025,15.081486888588636,-7.85939347761259,-3.0710696604835652,-0.41678483317089743,0.13937711381010592,0.6462186160681337,0.7855957298782393,0.8711069613131619,5.725105640306567,95.70535714285714,6.670384039400727,174
ratchet|-1|4|1|0,48.0021644720837,9.984022798329628,7.572583051182108,11.339574253506324,59.478363436528205,12.227121456010027,-9.4046376304854,-4.56720236716337,-3.1418915522373427,0.18848856000311282,0.8199192538248408,1.0084078138279533,1.1780535000194552,7.314679430463943,99.26339285714286,10.8920252922702,174
placebo|35,48.08947126306745,9.656281197066763,7.589810316416188,11.13787601397853,60.07165074479843,12.447880058466678,-9.621540508770103,-4.788242243927061,-1.7518640903443194,0.18435156152413754,0.8348264358814755,1.019177997405613,1.1521972595258596,7.410617005995329,99.26339285714286,10.521125776114076,174
placebo|91,48.12607935311447,9.518680605886132,7.632543938480682,10.637547248969314,59.84783950659457,12.78337981120004,-9.993742980786033,-5.1817542149181435,-1.2889873244300558,0.16304206254898704,0.827869749416098,0.9909118119650849,1.0190128909311689,7.34119922300705,99.26339285714286,10.024272212717337,174
placebo|147,48.09238402187942,9.645336704413253,7.640316662131549,10.546543560605915,59.35262648045455,12.708882483642068,-8.538468334463742,-3.7073005821221865,-2.0545659340636777,0.18222104902264485,0.8137885059575239,0.9960095549801686,1.1388815563915302,7.221992087777954,99.26339285714286,10.436829130561755,174
placebo|203,48.012165416587386,9.946510382693063,7.566161430506524,11.414759117010842,60.05864038700972,12.270658136622751,-9.602136563954792,-4.753453272608616,-2.60068323298307,0.19973658802726452,0.8190037716581393,1.0187403596854037,1.2483536751704034,7.272889491242057,99.26339285714286,10.790247594928442,174
placebo|259,47.97738063642895,10.07695049377575,7.574605365876233,11.315896826588368,59.2516514583461,12.318163673382001,-9.948571994697073,-5.1142996685792905,-2.0559948417683924,0.18532562279887224,0.8376826007636247,1.0230082235624969,1.1582851424929512,7.4267993733046325,99.26339285714286,11.134841208601985,174
Unhedged,56.087387141991435,0.0,8.889192057725367,0.0,63.923567783942936,19.057805250045153,37.97879296852042,0.0,0.0,0.0,0.0,0.0,0.0,0.0,0.0,0.0,175
always|1,54.61135518929022,5.194072753977441,8.297654805498924,6.654567123593114,57.79658457520449,16.811300553837892,36.30534788998385,-1.5102473847674849,0.5046850292822173,0.16319769376908996,0.620191780031451,0.7833894738005409,1.019985586056812,6.483034563880515,88.29017857142857,8.168208785362365,175
ratchet|-1|4|1|0,54.667669264376265,4.998448207704564,8.123488790038056,8.613867972645028,56.59721360898238,15.990476601198763,32.65867241316459,-5.107458185665615,1.8553260171484105,0.21266236969021135,0.8987346458387391,1.1113970155289503,1.329139810563821,9.351081629793564,94.86309523809526,11.161144283191204,175
placebo|35,54.69035347006986,4.919590561711118,8.153870057476974,8.272090370792974,57.00341454128183,15.687072596850053,31.583575183609632,-6.194318615460574,3.0178238751395052,0.20089916945021496,0.8911475365675173,1.0920467060177323,1.2556198090638437,9.238648746346541,94.86309523809526,10.75430427400319,175
placebo|91,54.63059380330473,5.1272640873842645,8.126905244819655,8.575434167194407,56.50776963610507,16.008707674770605,32.67682727649213,-5.103714396801233,2.1120494277031296,0.19825129522705423,0.9021158314035214,1.1003671266305757,1.239070595169089,9.381724973267028,94.86309523809526,10.930183399062706,175
placebo|147,54.59582540544521,5.247984846497522,8.146163687869516,8.358784072058679,56.627834831962865,16.12842102116018,33.42635525194336,-4.355377465538649,3.4337542715084335,0.1970602510384016,0.8899058645625033,1.086966115600905,1.2316265689900099,9.242369850568334,94.86309523809526,10.586648117987538,175
placebo|203,54.70456520285029,4.870169307195549,8.163064297978845,8.168658692838838,57.24454755151428,16.170158987674014,32.39603082169958,-5.358167533632759,2.148408695595063,0.22459461318808,0.8815393349683515,1.1061339481564314,1.4037163324255,9.166748759812691,94.86309523809526,10.671695397417968,175
placebo|259,54.75792203587094,4.6845064887259475,8.180428008663437,7.973323609832028,57.209732800879884,16.279167989603547,32.5156278639158,-5.273945464408982,2.4309654548363646,0.1892196401956262,0.8964113262489071,1.0856309664445336,1.182622751222664,9.318312701851111,94.86309523809526,10.483805835810012,175
Unhedged,40.8861165615292,0.0,5.887792429537604,0.0,49.153071224436374,11.017092257606311,-4.885251346746428,0.0,0.0,0.0,0.0,0.0,0.0,0.0,0.0,0.0,176
always|1,40.254689400540656,3.0648614850939837,5.608497300034486,4.74363070447189,45.89602677491737,10.05673474830768,-4.699806486257278,0.28796107079696337,-2.185636566524492,0.10251621030781823,0.4827461382841848,0.5852623485920029,0.6407263144238639,4.376731597474786,92.52827380952382,7.956884743547006,176
ratchet|-1|4|1|0,40.80392448537475,0.4016496013070747,5.8030758720800275,1.4388509525671056,43.19560169287222,10.05673474830768,-4.150807817435192,0.8909622751125209,-4.219019930595202,0.1565187458012996,0.6663412735004781,0.8228600193017777,0.9782421612581224,6.010433704430284,94.96428571428571,9.430775500214002,176
placebo|35,40.5564367448183,1.606171871682005,5.674030700098431,3.6305921446344147,42.4513555041862,10.05673474830768,-2.130150787356194,2.8942015590604315,-5.356680459233066,0.13910099967019704,0.6632980001778103,0.8023989998480071,0.8693812479387315,6.003102801005935,94.96428571428571,10.3997526345157,176
placebo|91,40.55962400174155,1.5907060784339233,5.717649107088558,2.889764278976248,42.388424852914966,10.05673474830768,-1.5827536310240702,3.443281482423042,-5.835116160293163,0.14078376670068232,0.6551096883616668,0.795893455062349,0.8798985418792645,5.940966013692506,94.96428571428571,10.55321955105932,176
placebo|147,40.63775024617366,1.2112275493634916,5.727699358305273,2.719067853499435,42.06447259423754,10.05673474830768,-1.1087912810731486,3.9263114074369865,-5.902689553768872,0.14985134176371512,0.678002508865881,0.8278538506295959,0.9365708860232194,6.143301256298638,94.96428571428571,10.429327870198847,176
placebo|203,40.565081694898396,1.5642204352149691,5.733148719513134,2.6265142984433276,42.148149619310615,10.05673474830768,-1.514952509220866,3.5128935375986656,-5.79656224502666,0.14259470007311198,0.6626880622073812,0.805282762280493,0.89121687545695,6.001606329122409,94.96428571428571,10.443794039941846,176
placebo|259,40.61971825242025,1.2988782337697735,5.712170206559943,2.9828195385524725,42.76146050590158,10.05673474830768,-1.8428269507427328,3.1706780143341757,-5.492205172231657,0.12825361833049448,0.658515000640193,0.7867686189706875,0.8015851145655906,5.943536392131718,94.96428571428571,9.69453987650713,176
Unhedged,47.70238822618044,0.0,7.1053393595808725,0.0,65.75687869334146,13.433691571868723,9.42364770414573,0.0,0.0,0.0,0.0,0.0,0.0,0.0,0.0,0.0,177
always|1,47.444038681951334,1.0802392127121196,7.09972897251529,0.07896015632269382,60.65553245410753,15.342610380539904,11.747812825464765,2.4323110091204234,-0.9479611140947167,0.10814588780139402,0.5373603171695159,0.6455062049709099,0.6759117987587124,5.134328526881639,88.57738095238095,5.858618015630245,177
ratchet|-1|4|1|0,47.61021519314765,0.386077031759513,7.04014414855855,0.9175523887457016,60.69425165894386,15.40729356018631,10.458216069035126,1.191082753158172,-0.402308385596401,0.1565143882687978,0.7314319332866835,0.8879463215554815,0.9782149266799859,6.9083184200964345,96.28869047619047,7.029015188414762,177
placebo|35,47.69577837465805,0.027710954621751327,7.057573294416962,0.6722559296130304,58.81965498331159,15.400340655610787,14.068365381872528,4.791277999638389,-1.9413090116892162,0.14656032191159454,0.7383632153360994,0.8849235372476939,0.9160020119474659,6.995891373863687,96.28869047619047,7.834170565487398,177
placebo|91,47.61230149515224,0.3773465826398037,7.061779029869014,0.6130647321316407,58.85992816804377,15.370301670594408,13.9883221666957,4.712373560457189,-2.4734757622826065,0.14769909790722677,0.7354115417378937,0.8831106396451207,0.9231193619201674,6.988379028744099,96.28869047619047,7.84578990298971,177
placebo|147,47.66063092443133,0.1749976331557268,7.0603759770913435,0.6328111890799515,60.96643969107113,15.386646980984962,10.338132355133546,1.0506595610345373,-0.24736851590074746,0.1361749100467205,0.7407978104775007,0.8769727205242214,0.8510931877920033,7.001227143739295,96.28869047619047,6.568599481028661,177
placebo|203,47.57619261883132,0.528395697569517,7.046692057395259,0.8253976230780946,60.68165400891799,15.401498391004138,10.687414385239821,1.3986840354966332,-1.0764274933983269,0.13491735440254726,0.7208280500786781,0.8557454044812254,0.8432334650159202,6.825338567381367,96.28869047619047,6.883317849109397,177
placebo|259,47.59874572103134,0.434065955513141,7.077652201240389,0.38966693833067945,60.15809597598371,15.384856161438783,10.21505432485572,0.9514018386878361,-0.9907671561116455,0.15999521797785474,0.7474270497626501,0.9074222677405047,0.9999701123615921,7.078937106842504,96.28869047619047,7.022355918414708,177
Unhedged,47.70489117872378,0.0,7.248498707331377,0.0,35.525815509123916,14.22493272517579,67.66161818437611,0.0,0.0,0.0,0.0,0.0,0.0,0.0,0.0,0.0,178
always|1,46.63508671537308,4.434803244965324,6.862968790721186,5.318755402691233,34.69803029252394,12.230371092734979,65.38286958243918,-2.133830089919102,8.226726423953034,0.14491851201782607,0.48852956196892017,0.6334480739867464,0.9057407001114129,4.385901083996729,95.54613095238095,6.608091621480494,178
ratchet|-1|4|1|0,46.74989553473314,3.963688743596183,6.711236945297356,7.41204191001118,34.675787888398034,12.059684758743202,63.03303337082488,-4.419161589411905,9.971493805100291,0.20942322413931078,0.710936380932744,0.9203596050720549,1.3088951508706925,6.45195821571806,100.0,9.580425963156046,178
placebo|35,47.12681318507737,2.408874497912583,6.715117134255823,7.358510977398314,35.04779267258081,12.091380294015885,64.06028045717174,-3.39726089845104,10.987838372093083,0.20407682875331154,0.7124563854369526,0.9165332141902641,1.275480179708197,6.4757166084773985,100.0,9.239981798836116,178
placebo|91,47.128531323916775,2.401758457242542,6.710388802413404,7.423742855519999,35.340572883719176,12.06868318721214,63.92257350413438,-3.532506890149029,10.110152838340095,0.2065377900926967,0.7128926566653632,0.91943044675806,1.2908611880793543,6.47526518599542,100.0,9.332803306180033,178
placebo|147,47.11935186324524,2.4397741536919093,6.738380363603806,7.037572390150526,35.54606848267141,12.066866391997861,62.76959598533408,-4.700856232377288,10.303149247357647,0.19116596666472546,0.7140619701992461,0.9052279368639715,1.1947872916545343,6.47785685148891,100.0,8.58072400439345,178
placebo|203,46.99406483802635,2.9578958980006176,6.721337752452216,7.272691576063495,34.773350278728785,12.071985586121103,64.00144647792456,-3.4728114808868873,9.452664511925727,0.18736022556466134,0.7011702597677093,0.8885304853323706,1.1710014097791333,6.374717217792492,100.0,8.92525681491361,178
placebo|259,46.80116659081476,3.752925357765491,6.73611415756839,7.06883687852139,35.438256414722126,12.103445426604676,61.318732459938126,-6.139079625436202,10.539646101161065,0.20380609900176702,0.7083684509531787,0.9121745499549458,1.273788118761044,6.440133212818504,100.0,8.88882980091085,178
Unhedged,53.852032574355995,0.0,9.114259800183222,0.0,78.81759405393673,19.45001416060012,-43.942202762316576,0.0,0.0,0.0,0.0,0.0,0.0,0.0,0.0,0.0,179
always|1,53.681200934976836,0.6334419394723567,8.858083080986757,2.8107243463842746,75.7698159837897,18.456860732461518,-32.39998205050537,11.66331130055026,-9.72522546003407,0.12109058873906589,0.49453035994813443,0.6156209486872002,0.7568161796191617,4.935279923598536,91.49107142857143,4.114317180745917,179
ratchet|-1|4|1|0,53.9710078486488,-0.44234802146640995,8.781478756526827,3.6512130546213495,76.04542402089109,18.227412448540303,-31.95840722236042,12.14415058547689,-14.267857133615902,0.16035504552072066,0.6897118979151055,0.8500669434358263,1.0022190345045041,6.9790700596422255,94.28869047619048,6.144138594698281,179
placebo|35,54.01473228019466,-0.605160010358019,8.790126528584837,3.5563312732413865,76.20811614571016,18.28074794263353,-32.50110432048277,11.582329141238274,-13.924061001284398,0.14123069940446648,0.6906311695714806,0.8318618689759473,0.8826918712779154,6.984674109364147,94.28869047619048,6.021176100157227,179
placebo|91,53.99881330451082,-0.5458689602943156,8.815168130360112,3.2815793753991573,76.25249752548716,18.215443331378957,-32.2456498816971,11.853404289727157,-13.938327041689865,0.15685140910768247,0.693804431889459,0.8506558409971414,0.9803213069230156,7.021264866784915,94.28869047619048,6.1542131276458045,179
placebo|147,54.073309215743386,-0.8234833147511056,8.761848036262826,3.8665977451434075,76.25746919601602,18.294648699866613,-32.26463129572658,11.85511739733207,-14.06535342999905,0.17754593074208727,0.6940071562169394,0.8715530869590268,1.1096620671380453,7.0231064411144235,94.28869047619048,6.5361813137235245,179
placebo|203,53.99241694394016,-0.5220503056990289,8.783070094017583,3.6337531892494446,76.26646697400565,18.292603984578047,-32.00596082881811,12.086352034460157,-13.294797718712404,0.1501101009616888,0.6961862850003231,0.8462963859620121,0.9381881310105548,7.026482986407892,94.28869047619048,6.029065912978227,179
placebo|259,53.982439541281025,-0.4849022630671662,8.7838422985582,3.62528070154835,76.13958942944134,18.2746504462341,-32.41060144963903,11.67974754060616,-13.86926755262397,0.14814622792860188,0.6995333076021536,0.8476795355307555,0.9259139245537618,7.070876810954588,94.28869047619048,6.1038161162283116,179
Unhedged,52.42293913942994,0.0,7.771688194888977,0.0,61.585505252267495,14.974055876428306,-21.520033466712714,0.0,0.0,0.0,0.0,0.0,0.0,0.0,0.0,0.0,180
always|1,50.951816256700795,5.533765009433134,7.404617495404472,4.723178417347052,59.01246853550528,14.446141354536799,-17.31992783904945,4.350570087445952,-8.547639975910112,0.15046445978267844,0.46789396083451906,0.6183584206171975,0.9404028736417405,4.466126498920951,89.82440476190476,5.995297390001833,180
ratchet|-1|4|1|0,50.98189497129835,5.422198363610953,7.334422666573541,5.626390526102199,58.780877092560445,14.393448557766138,-15.922944252267,5.775267910665489,-12.858292494516789,0.17817869621977733,0.6121003636657447,0.790279059885522,1.1136168513736082,5.92167029391165,95.95684523809524,7.780238066515596,180
placebo|35,51.011778448148476,5.3112906823118315,7.366220408927498,5.217242068822747,59.482989641118664,14.394335983638355,-16.941961143443013,4.752775711178534,-12.353457684966454,0.1747033879088342,0.613942619580911,0.788646007489745,1.091896174430214,5.934897050706925,95.95684523809524,7.492424438472945,180
placebo|91,50.98262830020278,5.4194775100799735,7.316075338653101,5.862469579460338,59.97447553194548,14.303934115273876,-17.35214246428525,4.349067905287852,-11.282687420899755,0.1811769028603837,0.6250849417168557,0.8062618445772395,1.1323556428773982,6.037778616648178,95.95684523809524,8.023971891930689,180
placebo|147,51.03213337317379,5.23570946662687,7.363623402957825,5.250658308699451,59.691236320879014,14.2697708015105,-17.1727723249614,4.537714274225184,-12.11392611263754,0.19045313247385445,0.6254136015826213,0.8158667340564757,1.1903320779615905,6.031691726944848,95.95684523809524,7.421387331423474,180
placebo|203,51.017618514116265,5.289608632401666,7.34796305759627,5.4521633738647495,59.54304175056328,14.350510828422362,-16.938498307862854,4.769200368502745,-12.370244133242787,0.18766520965288477,0.6173002785380832,0.804965488190968,1.17290756033053,5.968204787783792,95.95684523809524,7.794380510403089,180
placebo|259,50.980436756812125,5.427608627318836,7.380144046274093,5.038083602895737,59.904521464681906,14.337050062925218,-17.33355662093583,4.3619135961976,-11.215285921679035,0.1754367504207161,0.6175574284815224,0.7929941789022387,1.0964796901294755,5.955580911260982,95.95684523809524,7.1635706335338725,180
Unhedged,46.413600848913404,0.0,6.468510890170973,0.0,68.34167749607177,9.349282917372774,13.45678349413872,0.0,0.0,0.0,0.0,0.0,0.0,0.0,0.0,0.0,181
always|1,45.83953319597212,2.458406407814573,6.326817342670456,2.190512621936258,66.71917502424772,9.349282917372774,13.024701785977395,-0.34470510542748756,1.6042031927086868,0.08737660273385256,0.38529462366857964,0.4726712264024322,0.5461037670865785,3.56482994650628,81.34523809523809,2.7737492619973096,181
ratchet|-1|4|1|0,45.907027662216535,2.1709530178330327,6.200128169376608,4.149064991174056,66.6685111874449,9.349282917372774,12.541906280792285,-0.7871728532536226,0.15961999244712075,0.12770436009280875,0.5328358811691805,0.6605402412619893,0.7981522505800548,4.994890997212366,92.67261904761905,5.55084933513598,181
placebo|35,46.01269246650943,1.720085944330485,6.145935596035093,4.9868555470168445,66.49742339281282,9.349282917372774,12.281382935949637,-1.0147124638368765,0.722854511457659,0.1606880943522115,0.5445033284295238,0.7051914227817354,1.0043005897013217,5.109998324696528,92.67261904761905,5.88165932247181,181
placebo|91,46.072566669409774,1.4641452562394908,6.256060994873086,3.2843709921043573,67.87524875544258,9.349282917372774,10.746262581077108,-2.562360305334455,0.226957717551327,0.1481606077271643,0.5433559874185455,0.6915165951457098,0.9260037982947769,5.097973018751284,92.67261904761905,5.294169545061509,181
placebo|147,46.19689616988061,0.9316182282500751,6.200558262735145,4.142415959181367,66.7246059380856,9.349282917372774,12.424090365418973,-0.8882457591290284,0.27823742492762316,0.14444736959072874,0.5482101421461866,0.6926575117369153,0.9027960599420544,5.1558844143862705,92.67261904761905,5.395200396159738,181
placebo|203,46.09589558371316,1.3643324322009986,6.245880507586565,3.4417563232783333,66.25851280351527,9.349282917372774,13.318273912081448,-0.02396423853846642,-0.044082700842519654,0.11454534351880816,0.5349015855805505,0.6494469290993586,0.7159083969925507,5.020857303732047,92.67261904761905,5.478118525955772,181
placebo|259,46.01310409033367,1.7183275366890127,6.202930847012471,4.105736972044916,67.10484239090258,9.349282917372774,11.067686859580462,-2.25513151284615,0.3490897516282728,0.133965121712108,0.5359890727421401,0.6699541944542482,0.8372820107006751,5.028724488272151,92.67261904761905,5.682094090624477,181
Unhedged,59.29441105936868,0.0,8.07191554624606,0.0,37.62781726078881,14.992182198777801,76.87851846811431,0.0,0.0,0.0,0.0,0.0,0.0,0.0,0.0,0.0,182
always|1,58.110026521787695,3.955029450586134,7.897499680208392,2.1607741686393456,38.10876676928957,14.930666895455925,71.12076679562689,-5.613591575613834,1.7783544183757616,0.14416009687357031,0.6124137797217324,0.7565738765953027,0.9010006054598146,6.659864057473834,86.1577380952381,2.2898179163150587,182
ratchet|-1|4|1|0,58.63119919317061,2.2245025133495133,7.87379400539656,2.454455075928519,38.563750487041524,14.61601277346356,72.30984980577841,-4.367870181922191,0.023783786640866493,0.20079848041369217,0.8617169111047662,1.0625153915184586,1.2549905025855759,9.458616828376867,93.70386904761904,3.8704321287860664,182
placebo|35,58.42610919214018,2.9073370853751612,7.849149643114149,2.759765037872708,39.03021463223847,14.592383082974129,73.04987723260959,-3.5912827937662057,-1.9913065832353583,0.23735844173848578,0.8284237422345099,1.065782183972996,1.4834902608655363,9.096383526928726,93.70386904761904,3.8475999793788773,182
placebo|91,58.58800808276521,2.368503553780199,7.877557577490537,2.4078295621652313,38.416242902956775,14.631573624307597,72.64823267667265,-3.9889871975799065,-1.5896092142172868,0.24129859386175706,0.8423785395108282,1.0836771333725854,1.5081162116359814,9.269210392961824,93.70386904761904,3.593201204136956,182
placebo|147,58.43987335097935,2.86158506563845,7.877914980524589,2.4034018271126834,39.64111627384895,14.614659055033611,72.27359850880273,-4.392137547199053,-1.0560458794645242,0.2127824121125345,0.8598035828088778,1.072585994921412,1.329890075703341,9.443795124386902,93.70386904761904,3.947580386558995,182
placebo|203,58.26575395915439,3.439563213960284,7.828675795678003,3.0134080216086767,40.06955676222449,14.590988832322838,70.58485318643115,-6.077920158847867,-1.0247754508651983,0.2157451228352961,0.8476220915568077,1.0633672143921038,1.3484070177206007,9.293176544022932,93.70386904761904,4.087325239109756,182
placebo|259,58.598518218313444,2.333472074364795,7.921264019846759,1.866366484339188,39.8931096980514,14.682713399359166,71.25153348314798,-5.413109889689167,-0.5013091584125007,0.2138750952771577,0.8481200931332792,1.0619951884104368,1.336719345482236,9.301367271077133,93.70386904761904,3.5374466896069228,182
Unhedged,52.12945795904844,0.0,7.43526446422589,0.0,48.21548191036607,11.817510549492194,52.34234481140485,0.0,0.0,0.0,0.0,0.0,0.0,0.0,0.0,0.0,183
always|1,51.67051662804091,1.7530245561886204,7.299711180435336,1.8231131447005722,50.175044684179994,11.271529732368228,48.692422272577495,-3.5143264189949917,4.242765109985139,0.13559611983236242,0.48416749345456045,0.6197636132869228,0.8474757489522653,4.612901449918596,89.3809523809524,2.4963677200228886,183
ratchet|-1|4|1|0,51.879714855298396,0.955869774089102,7.259560128081642,2.363121540459423,51.801808956989326,11.324037209846944,45.71827466869792,-6.450957632009941,5.183421997235017,0.17311251069696476,0.6667575147008411,0.8398700253978059,1.0819531918560297,6.424448603103016,96.27083333333333,3.9175252782385215,183
placebo|35,51.78504972161465,1.3169924833287827,7.261040273985864,2.3432144354553874,51.397008465694746,11.32975084839957,46.9343139751746,-5.247871946214294,5.194106447294527,0.16015889001594416,0.6654629377762434,0.8256218277921875,1.000993062599651,6.390134123957365,96.27083333333333,3.961608860649832,183
placebo|91,51.73858504738426,1.4940017448312415,7.236299880994848,2.675958389756572,51.73051303912669,11.340662650238436,45.96637650391058,-6.213079116569267,4.915382548228012,0.16288919092500193,0.6667496081045533,0.8296387990295554,1.0180574432812621,6.423171361915446,96.27083333333333,4.28726519327707,183
placebo|147,51.761239218771486,1.40771951189963,7.2513607850972095,2.4733979539465767,52.180094248076756,11.333244443976898,45.07862498107317,-7.072913680637743,5.633766176015356,0.1908061496939328,0.673620285221198,0.8644264349151307,1.19253843558708,6.469798053062087,96.27083333333333,4.141096089001415,183
placebo|203,51.78390067339677,1.3213717501836086,7.262852417709027,2.3188421521037617,52.14161093344457,11.33224385828107,45.80941871031106,-6.364293811373247,5.697786981584016,0.16863228972053076,0.6727994707638061,0.841431760484337,1.0539518107533175,6.4606268417455555,96.27083333333333,4.074319141836906,183
placebo|259,51.85475867447904,1.0511350901110883,7.277368488836701,2.1236094041965914,51.721097739065094,11.342905056198266,45.72968580580922,-6.449527062652944,6.624147280463031,0.16313194294268762,0.6762190159293421,0.8393509588720295,1.0195746433917978,6.482316263313229,96.27083333333333,3.785851493942486,183
Unhedged,45.029529953755215,0.0,6.144176179705651,0.0,39.30926645440081,9.342498637936924,24.018991909961684,0.0,0.0,0.0,0.0,0.0,0.0,0.0,0.0,0.0,184
always|1,44.60298974888344,1.8855182979627405,6.14311097110049,0.01733688250477039,40.21637627819503,9.069102857303154,17.7829489593474,-6.149497021369358,7.040934040623932,0.08654592924493083,0.4157812272024732,0.5023271564474041,0.5409120577808176,3.6675994506220535,95.76190476190474,1.8347769089096522,184
ratchet|-1|4|1|0,44.948751264998904,0.35845914537192547,6.149486904591907,-0.08643510099526353,41.26479347287456,8.974407066373983,18.777543159685187,-5.108440452572027,5.422298524043732,0.1330082977044706,0.6233284758779472,0.756336773582418,0.8313018606529412,5.580647961017204,99.84523809523809,2.6531596114097553,184
placebo|35,44.968660757029085,0.2701696262977227,6.155598556931334,-0.1859057567947353,41.085830033717116,8.950040303066618,18.65125683897181,-5.222949376252763,6.4289921707591455,0.14478569473711564,0.6286603655141464,0.7734460602512621,0.9049105921069728,5.619577291066526,99.84523809523809,2.5053476749120827,184
placebo|91,44.99017032221342,0.17474057469699655,6.165670690766266,-0.34983552606469015,41.34847702665447,8.964605137384341,19.822890671566974,-4.046446007409838,6.958322550849689,0.14965523098488365,0.6204699979666985,0.7701252289515821,0.935345193655523,5.54315683266602,99.84523809523809,2.2964385811372865,184
placebo|147,45.0413620141643,-0.05255935352030949,6.215137886208344,-1.1549425737022334,41.39769435507096,9.511027925693675,18.60835266697792,-5.2635887278658915,5.8643715504079434,0.14705051511788206,0.6229154549012849,0.7699659700191668,0.9190657194867627,5.573244743193592,99.84523809523809,2.046179474186455,184
placebo|203,45.00064840207991,0.1282371346804312,6.15841161196826,-0.2316898449238547,41.20649437128371,8.954289996331957,19.22224818781936,-4.672671099776206,6.330928666797906,0.12407262236613373,0.6273761683471203,0.7514487907132539,0.7754538897883357,5.620498158054592,99.84523809523809,2.489401235475306,184
placebo|259,44.95318011947165,0.3388225765120656,6.1700661673022115,-0.4213744339245151,41.124807033974555,8.99081288788446,18.870948352444557,-5.025372305730895,6.688697226880376,0.12267125178623352,0.6203308780828688,0.7430021298691021,0.7666953236639593,5.537940821283955,99.84523809523809,2.497262803697526,184
Unhedged,68.13191717731284,0.0,11.066553428635117,0.0,79.81532253065988,23.8415926140298,-47.89787681390742,0.0,0.0,0.0,0.0,0.0,0.0,0.0,0.0,0.0,185
always|1,67.89518325434072,0.6937207996409289,10.95143916153578,1.0401998042269933,77.88528983030014,22.987064129375767,-34.45462224727205,13.66741825219839,-23.67409105687912,0.2241636855630198,0.7019256394943327,0.9260893250573524,1.4010230347688737,7.795635398402282,82.74404761904762,2.5452334295575674,185
ratchet|-1|4|1|0,68.64343355743634,-1.507183611187024,11.081720276265578,-0.13705123034255529,77.19779102794496,23.258130975312653,-28.15290362493968,20.110053213697928,-37.72900147570087,0.36508002473017837,1.081516900391843,1.4465969251220212,2.2817501545636145,12.052998237086138,91.4360119047619,3.7528169356762073,185
placebo|35,68.64414466396887,-1.5092867342829663,11.074782685938025,-0.07436151965447557,78.41508101767496,23.20102640453323,-34.414940138315146,13.87360381892944,-35.36922357658771,0.39066714333716657,1.0635765986133918,1.4542437419505587,2.4416696458572913,11.86540705195813,91.4360119047619,3.3393535345676058,185
placebo|91,68.66723061693678,-1.5775761039256153,11.105909593659756,-0.3556316361587708,77.48250342615137,23.243826821905202,-31.12333931101059,17.142787788778186,-36.017196948558635,0.36825028588134867,1.0701890871236972,1.438439373005046,2.3015642867584294,11.913956230601185,91.4360119047619,3.8740162640967397,185
placebo|147,68.36693018793949,-0.6910662291845782,10.962463961407144,0.9405770992677587,77.10770524898571,23.180106688956403,-29.171915728128294,19.08131302754723,-36.08142288660645,0.35535194176809803,1.0812897040467995,1.4366416458148972,2.220949636050613,12.052600293915734,91.4360119047619,4.513381598995396,185
placebo|203,68.32391486596329,-0.564399841077079,10.976502968231042,0.8137173057970015,77.02736833120179,23.09777797214351,-32.186380755554744,16.05407776862213,-34.52373230614722,0.34258171026945217,1.0778737722043008,1.420455482473753,2.141135689184076,11.976121448328996,91.4360119047619,3.9303435320449713,185
placebo|259,68.4986933114525,-1.0795626679010795,10.919301918699858,1.330599548313205,78.04625245173689,23.221235512620293,-31.188217904923622,17.032172049408906,-34.09331199773506,0.3225131404250987,1.0774360534647558,1.3999491938898547,2.0157071276568668,11.95437300551475,91.4360119047619,3.645562498307354,185
Unhedged,45.89574274779643,0.0,7.257200223151365,0.0,57.21703740738753,11.94294000143248,22.557167565883965,0.0,0.0,0.0,0.0,0.0,0.0,0.0,0.0,0.0,186
always|1,45.43028922465124,2.0180229694346408,6.845408279558324,5.674253581696343,58.040735748770246,11.029436446761483,23.22908002206051,0.8067289534832686,1.7462581591865958,0.134816497306715,0.5743039585618447,0.7091204558685595,0.8426031081669687,5.683333615868656,96.77827380952381,3.5992508667124437,186
ratchet|-1|4|1|0,45.796321014676934,0.43278108565965034,6.7282558597645785,7.288545818253556,58.51574354812043,10.17506408372989,23.87559302052485,1.4960783387907663,1.3189209910378425,0.17765288414988145,0.7841555401307682,0.9618084242806496,1.110330525936759,7.761446407422549,98.30357142857142,6.274434441420365,186
placebo|35,45.489421504727325,1.7627893581367293,6.649129738517509,8.378857767959003,58.259928480968036,10.235511152406625,23.38018780102894,1.0051045169494843,1.4471820469695564,0.18208428180450023,0.7744618083287004,0.9565460901332006,1.1380267612781265,7.675076379677486,98.30357142857142,6.256360518533508,186
placebo|91,45.681283906912974,0.932364410930564,6.732649503909241,7.2280039562466865,58.54146506595019,10.526730076166386,23.389552142978637,1.0094870075652826,1.9713425145283519,0.17710243047061627,0.7736595369528295,0.9507619674234458,1.1068901904413515,7.6565570399586775,98.30357142857142,5.636775643762264,186
placebo|147,45.869832817985284,0.11287589950338406,6.705441898410233,7.602908942500375,58.286835708337094,10.281045852864738,25.172798213500585,2.803332066707719,0.24677406282383713,0.18770141909108426,0.7763435848923552,0.9640450039834395,1.173133869319277,7.70260963083797,98.30357142857142,6.124589369475174,186
placebo|203,45.70394883833181,0.8340345043985065,6.771020042440817,6.699280242531724,59.72598949838175,10.677109717766378,21.964691312262012,-0.38655449908201167,1.6027947465820982,0.20592175453993683,0.783658209725038,0.9895799642649747,1.2870109658746052,7.762004639531828,98.30357142857142,6.052686112486143,186
placebo|259,45.88839814107445,0.03200305131029202,6.677507778931926,7.987824869019711,58.50638777928472,10.378300368342085,24.02202619154039,1.6378627077070422,0.8327890741412435,0.17300408205060439,0.772757185050685,0.9457612671012894,1.0812755128162774,7.660892799913666,98.30357142857142,5.64942856946294,186
Unhedged,62.031817336117854,0.0,9.30825173185023,0.0,84.50944491357956,17.374044028013238,-53.765483828814496,0.0,0.0,0.0,0.0,0.0,0.0,0.0,0.0,0.0,187
always|1,60.31301910425974,5.464891367150426,8.350900304031377,10.284975690365838,78.49604471587065,15.607420918413483,-41.7865657083614,12.17751295285149,-17.519667403678216,0.19859483239838494,0.7607675069453635,0.9593623393437484,1.2412177024899058,8.337053908932232,93.15625,10.261096732444733,187
ratchet|-1|4|1|0,60.67410328193803,4.329570562586671,8.113419392168625,12.836270162239217,74.08537816318689,15.181237751096916,-31.96049993534601,22.088986446497817,-29.59415646816854,0.28400255302933225,1.0332342931434462,1.3172368461727781,1.7750159564333263,11.46326208937646,98.9985119047619,15.333165073297481,187
placebo|35,60.705030550560316,4.232013977229132,8.130018418134386,12.657944237630158,73.80350087295598,15.191165742973556,-32.06985563907167,21.96169087324706,-28.556196766381508,0.2660626835042406,1.0450243833695831,1.3110870668738235,1.6628917719015035,11.58373179149355,98.9985119047619,15.140691935408823,187
placebo|91,60.86639929782983,3.7221880209210356,8.202749241885265,11.876585655523753,74.84114784472438,15.264675939975906,-33.68121038061333,20.34387193629173,-28.20497742481298,0.2595984880905663,1.0409294191806902,1.3005279072712566,1.6224905505660396,11.531692167928973,98.9985119047619,14.657921653275983,187
placebo|147,60.76711584889434,4.036022824054031,8.212457212067395,11.772291417875325,74.21537016880104,15.194427571700627,-32.335979538623846,21.704085424121004,-28.107178511796835,0.2745811339303552,1.0319699547347245,1.30655108866508,1.7161320870647199,11.418654463530013,98.9985119047619,14.554170960819214,187
placebo|203,60.747994020980265,4.096408047788613,8.113952011130241,12.830548153671339,73.66918978784129,15.181237751096916,-31.357525596153245,22.69213605101757,-28.849962699014917,0.2841778183563101,1.0417166254899695,1.3258944438462796,1.776111364726938,11.550325143369603,98.9985119047619,15.332359059163569,187
placebo|259,60.6790314413861,4.314028568463724,8.119520682017319,12.77072305388356,75.058819144787,15.085199552495505,-33.87100001994625,20.203129676794163,-28.382335660042006,0.30864586792589976,1.0459667595152453,1.354612627441145,1.9290366745368732,11.58869929214107,98.9985119047619,14.698323659747617,187
Unhedged,46.0936339930782,0.0,6.90820654291435,0.0,51.59886420030333,11.161419522912706,13.919862978395741,0.0,0.0,0.0,0.0,0.0,0.0,0.0,0.0,0.0,188
always|1,45.83971881159511,1.0987018836475793,6.957686610600261,-0.7162505547356979,51.86365960691231,10.92655716835265,11.298168944372993,-2.5043101771278033,-1.003759895907056,0.11738385689495247,0.5938086117952844,0.7111924686902369,0.7336491055934529,5.535686779406416,96.42857142857143,2.1739764130497656,188
ratchet|-1|4|1|0,45.93976312188832,0.66653040852519,6.825039898611304,1.203881843810073,51.20990117049959,11.567945025677988,10.362477794668422,-3.3959575601266097,-1.4713082592138247,0.16142762360070706,0.8015524372623604,0.9629800608630675,1.0089226475044188,7.519537670601186,99.02083333333333,3.589223291458512,188
placebo|35,46.06472612120722,0.1253917493735046,6.821722709835895,1.2518999329451108,50.04311683807281,11.697390021507305,11.907592248971214,-1.8575175030415434,-1.7578804351843078,0.15475322638298172,0.7889293645168122,0.9436825908997939,0.9672076648936359,7.402291896485144,99.02083333333333,3.603433516363925,188
placebo|91,45.979448210274306,0.4948377428845352,6.837972188612991,1.0166800003019172,50.782743352407664,11.896228946568483,10.30655094237978,-3.4413516315641806,-1.1992891024609977,0.17196040445178687,0.7872060442875108,0.9591664487392978,1.074752527823668,7.386053173576531,99.02083333333333,3.3809087950040255,188
placebo|147,46.13585744446775,-0.183291213304293,6.931731827004804,-0.34054112227701605,52.499535879840145,13.426509631304754,8.575523959162707,-5.176102545365767,-0.5829691162126951,0.16823647386728138,0.7949942977222689,0.9632307715895504,1.0514779616705086,7.451653310581559,99.02083333333333,2.5426170729130733,188
placebo|203,46.20292547916146,-0.47477729910370137,6.919403841917898,-0.1620869169731698,52.08189885511825,13.295967408706113,10.169058623580487,-3.6004785153583145,-1.6104028417829561,0.15032583945694758,0.7884459798796818,0.9387718193366293,0.9395364966059224,7.404950187798665,99.02083333333333,2.724005686776963,188
placebo|259,46.024600090889166,0.29931337833417615,6.847909450389785,0.8728327989326101,51.047572575504894,12.259859060477472,10.908230589956865,-2.878743218752901,-1.920401999950471,0.13288916968598127,0.7776553741347141,0.9105445438206953,0.8305573105373829,7.299191932165923,99.02083333333333,3.174979105791033,188
Unhedged,46.14456217774041,0.0,8.172823643443753,0.0,59.45218942911892,15.515291696889896,-6.6685586086913755,0.0,0.0,0.0,0.0,0.0,0.0,0.0,0.0,0.0,189
always|1,45.48409333608876,2.8421211649097278,7.773620073144882,4.884524464431717,62.5796812668846,14.982722266960128,-15.668536310288301,-8.854511642297917,8.106882610422648,0.14546605929901463,0.5725886157794532,0.7180546750784678,0.9091628706188413,5.059061057867646,89.05208333333334,2.9782917045926,189
ratchet|-1|4|1|0,46.0777956389095,0.28917052606025617,7.6357870897712745,6.571003818286092,63.01030865275197,14.561139935436676,-17.60252280187409,-10.689560800909357,7.51052502866697,0.24440339227335345,0.7926048835569227,1.037008275830276,1.527521201708459,6.9780800241893575,96.08184523809526,4.516592291363469,189
placebo|35,46.17230020353096,-0.12025842831258071,7.661115353195101,6.261095461898824,64.07412958221298,14.545121887200638,-19.09310968655244,-12.220980365296262,9.011132192304897,0.2035707125647997,0.791216131313954,0.9947868438787535,1.2723169535299985,6.94911053547733,96.08184523809526,4.123307540089736,189
placebo|91,45.91427764962621,0.9956098815485315,7.598595347357712,7.02606982773557,63.667079883153065,14.513202506073746,-18.603883471653553,-11.720883127905962,8.8340878773975,0.21444173505622036,0.7987039788615915,1.0131457139178122,1.3402608441013772,7.010018596843624,96.08184523809526,4.821363937513177,189
placebo|147,45.98506257932312,0.6901092312213364,7.605320397360918,6.943784313002843,64.16176884782165,14.539145267213364,-19.339247308886975,-12.462744796632236,8.322362178910238,0.20794390356335976,0.7960363576923801,1.0039802612557398,1.2996493972709986,6.9777425815081715,96.08184523809526,4.67894202715656,189
placebo|203,46.00219140031065,0.6161122392790652,7.653616452637163,6.352849559198526,64.47465704131218,14.686280390335474,-19.978263734526294,-13.090610381664767,9.236332443070093,0.21909474417014932,0.8019644402212179,1.0210591843913672,1.3693421510634334,7.036465269084428,96.08184523809526,4.297812802069183,189
placebo|259,46.02736026156313,0.5073320491705946,7.727430516689325,5.449684786869491,65.20544808430058,14.625946395604542,-20.59620182894972,-13.704464744764222,8.600915867906908,0.22317847549411593,0.7948839729636051,1.0180624484577212,1.3948654718382247,6.980403180812216,96.08184523809526,4.346522418065076,189
Unhedged,46.39377315056351,0.0,6.170857981179665,0.0,64.84117381249652,9.75320216730023,-15.725250373870722,0.0,0.0,0.0,0.0,0.0,0.0,0.0,0.0,0.0,190
always|1,45.72617396772148,2.857262143632855,5.927638435065511,3.9414218712526483,67.15640189406412,9.514744578313039,-21.366245198328606,-5.5264728643947825,6.249338911436775,0.11452196006310326,0.5857271639424981,0.7002491240056014,0.7157622503943952,5.757078965139755,95.75446428571428,6.0929960203440166,190
ratchet|-1|4|1|0,45.76518440070479,2.691440407813872,5.878463503145134,4.738311575575027,67.9285480223444,9.500735540819703,-22.180979063500356,-6.31109329091561,6.264359998277731,0.14463539871403336,0.7516352415995136,0.8962706403135469,0.9039712419627085,7.393428617172165,99.41369047619048,7.54520412398227,190
placebo|35,45.890809366557896,2.15648517746454,5.89217960493505,4.5160393756354384,68.1570562424995,9.525246327945329,-21.97867812196327,-6.120031531582289,6.267306694085827,0.1333962165102598,0.7511995939670809,0.8845958104773408,0.8337263531891238,7.383806091148755,99.41369047619048,7.373993789524737,190
placebo|91,45.778875051482615,2.6332120059887165,5.873123376219274,4.824849411029142,67.4669167093302,9.525192188652957,-21.48384207493322,-5.6443581187056395,6.562242528318606,0.11423358235686384,0.7405812160149351,0.854814798371799,0.7139598897303989,7.275548221994256,99.41369047619048,7.773063790571559,190
placebo|147,45.7891942089475,2.589311562512797,5.865243832821909,4.952539003325651,68.44178843608462,9.50076402874086,-23.18714204015854,-7.322120455516981,7.274681341024776,0.13977121077085178,0.7441437645398772,0.8839149753107287,0.8735700673178237,7.308839601467951,99.41369047619048,7.552144624801128,190
placebo|203,45.89426906781907,2.141731805432745,5.857047581114435,5.085360917757498,68.23827262099891,9.499907153855727,-22.39579988908697,-6.532757867480172,6.934634765589483,0.13779164773607583,0.751573988956456,0.8893656366925318,0.8611977983504738,7.3804831187762305,99.41369047619048,7.6706724236962,190
placebo|259,45.764799160335706,2.693078641249358,5.860739217439435,5.0255372054591625,67.51968618471429,9.526666145005715,-21.2847443660765,-5.422031486324132,6.149380635348781,0.13746250588164746,0.7415547977250432,0.8790173036066906,0.8591406617602966,7.291325511273245,99.41369047619048,7.670716706822585,190
Unhedged,58.05736646741643,0.0,8.136686896286427,0.0,44.485511554622924,14.643331232967444,104.5541737352774,0.0,0.0,0.0,0.0,0.0,0.0,0.0,0.0,0.0,191
always|1,57.73669538783479,1.1016190018398597,7.876534713086859,3.197274105733383,47.1458649237612,13.474261435741974,113.32833526030664,8.91044086894002,-7.8147703343445265,0.1362793439107864,0.5434751891101922,0.6797545330209785,0.8517458994424147,5.452621202854732,81.5684523809524,4.949299368659939,191
ratchet|-1|4|1|0,57.86788184895879,0.6516844112582354,7.791224908683267,4.245732839502869,47.24496156286254,13.34096375524226,114.76193606955523,10.387277023491553,-10.570879393842597,0.17951468921373942,0.7361351658500446,0.9156498550637839,1.1219668075858713,7.546366371481585,92.1577380952381,6.985244764292188,191
placebo|35,57.83930024192335,0.7497987083722402,7.7889672646424675,4.273479317517537,47.319436184365316,13.377119084024958,114.15133650699742,9.785959107271415,-10.16979532165732,0.18879633555140682,0.7649994461498965,0.9537957817013033,1.1799770971962926,7.821338541328392,92.1577380952381,6.864114231729494,191
placebo|91,57.903982602872716,0.527689279289334,7.7773804135792854,4.415881885182637,47.263112478126544,13.370358606579364,113.51239554247961,9.146351775053255,-9.80403547550001,0.18812996785105549,0.7641266452718983,0.9522566131229538,1.175812299069097,7.8216774538871405,92.1577380952381,6.9499681768633605,191
placebo|147,57.8801613778803,0.6095166348694336,7.800958848479208,4.126102578193636,46.92371344974657,13.352314823810582,114.84859955849987,10.478802788588306,-10.267444368624314,0.18437696536583284,0.745069477712781,0.9294464430786138,1.1523560335364553,7.63827274546815,92.1577380952381,6.986256306971142,191
placebo|203,57.83526252089171,0.7636553987409811,7.767514078905415,4.537139281462366,47.17853725990074,13.340150855185106,115.05428065503352,10.674773167886132,-10.583415208663903,0.17466624813003098,0.7451666574011563,0.9198329055311871,1.0916640508126938,7.641315901747069,92.1577380952381,7.301870125765614,191
placebo|259,57.844748788255174,0.7310988005743368,7.790918648750172,4.249496778523731,47.9702171082129,13.395861201032218,113.08279917775974,8.715813900649495,-9.432727645274404,0.18718845816715515,0.7583802862653907,0.9455687444325457,1.1699278635447197,7.760753331796394,92.1577380952381,6.8565000129340135,191
Unhedged,54.418526597752816,0.0,6.6792815840893835,0.0,40.71873370601183,9.239569436003785,67.84031462855334,0.0,0.0,0.0,0.0,0.0,0.0,0.0,0.0,0.0,192
always|1,53.721560725971685,2.5450989436191396,6.617713710840839,0.9217738835147204,39.11666345230199,9.047932794964945,68.24554012253357,0.575469759757194,-2.367343739403223,0.17024426577696242,0.6065974836302022,0.7768417494071646,1.0640266611060152,6.254307495962556,94.48958333333334,2.18693610659504,192
ratchet|-1|4|1|0,53.8418954168183,2.1080178340501576,6.754420288936272,-1.1249518964116634,38.12087482779882,11.059321907240893,67.54622658445415,-0.06358939785316851,-4.0409007317392955,0.23049864624601454,0.8423657308150143,1.0728643770610289,1.4406165390375911,8.706279979588981,100.0,2.9729226916899174,192
placebo|35,53.87480050377749,1.988329310814485,6.748781817881526,-1.040534568234075,38.18948496686123,10.35788365921735,68.42192240310987,0.7989228608908135,-4.192386385223607,0.21731508633427238,0.8492369719385939,1.0665520582728665,1.3582192895892027,8.781734523462907,100.0,3.0172290737052636,192
placebo|91,53.68531283637302,2.6765673031347803,6.675670391165633,0.05406558891530855,38.043455405123396,9.946962342802529,68.12695018901309,0.4968541471908804,-3.620060116674677,0.21021858673113533,0.8428832393873212,1.0531018261184564,1.3138661670695957,8.698293485130565,100.0,3.1535402919075466,192
placebo|147,53.78818528626797,2.3032252515933105,6.693082201454681,-0.20661828958030704,37.75705063336097,10.351931760462831,68.88865065811342,1.287190957596635,-4.299646182339851,0.23885492803653868,0.8498014176187023,1.088656345655241,1.4928433002283668,8.780691060801944,100.0,2.990946464285715,192
placebo|203,53.648736568279965,2.809136720776928,6.65637054657424,0.343016494015147,37.55464571941018,9.575120460166058,69.05548420094361,1.4379319359830198,-3.5177739930794902,0.2227623635927286,0.8427033191533376,1.0654656827460665,1.392264772454554,8.69527761795995,100.0,3.395912566989929,192
placebo|259,53.80014728637258,2.2597666826922658,6.708795627116306,-0.4418745138283553,37.71239119822635,10.806045449230478,68.3132910472553,0.6737541017144485,-4.227925057252521,0.20077768301248022,0.8543264269399401,1.0551041099524203,1.254860518828001,8.830945010657585,100.0,2.7337077596214234,192
Unhedged,48.9236184119123,0.0,7.070473141435651,0.0,52.92875557513666,11.428518794376828,44.3172100186069,0.0,0.0,0.0,0.0,0.0,0.0,0.0,0.0,0.0,193
always|1,48.01464425961696,3.6813713273126436,6.93876935707414,1.8627294344656709,50.72122292089766,11.87057688296984,44.01299764690978,-0.2112698151932654,-1.2614516811165148,0.09294255650388125,0.4946398597492314,0.5875824162531126,0.5808909781492579,4.376162457651533,83.07886904761904,3.2062299210519467,193
ratchet|-1|4|1|0,47.696186380585374,4.954803867748703,6.833248880196331,3.355139839922394,48.1173396046706,12.100774568802425,47.23904246635351,3.077404188253447,-3.731281325662959,0.15557174050685751,0.6834551218142223,0.8390268623210796,0.9723233781678595,6.016313415568521,89.31101190476191,5.098769772650621,193
placebo|35,47.64441839507739,5.161010214138306,6.818457561958841,3.564338261889488,47.808743388151655,12.06764209936299,46.41144326440628,2.2333499449050476,-3.5287594016927835,0.1391166991056726,0.6763017050826428,0.8154184041883155,0.8694793694104538,5.961228431613138,89.31101190476191,5.0176101030355,193
placebo|91,48.11092246881957,3.294710855386851,6.857155751371831,3.0170171896092723,47.91033669957553,12.10937514048474,46.68349685394405,2.49770483751469,-2.4786116835582708,0.1314180021775731,0.6726814533264591,0.8040994555040323,0.8213625136098319,5.904792486743126,89.31101190476191,4.692334777002871,193
placebo|147,47.71145093523735,4.893958133131626,6.883496339778124,2.644473685385673,49.43575607257923,12.085298042814,45.51152762731934,1.3393648177943078,-2.5876891774837243,0.14504720908188057,0.6717091699583138,0.8167563790401946,0.9065450567617537,5.904578157899199,89.31101190476191,4.80464035215125,193
placebo|203,47.62806830982651,5.226090639382363,6.8189926702431904,3.5567700514791634,48.39010908881314,12.083636208977683,45.90963221164979,1.7265266668455763,-2.8946063673249482,0.13410447380272067,0.6769028783596914,0.8110073521624122,0.8381529612670041,5.956554063126621,89.31101190476191,5.122460396816036,193
placebo|259,47.6892195658538,4.982567677099636,6.836942602538526,3.3028983241382814,47.66471256351612,12.06997203348007,46.20692509577764,2.03379030928927,-3.451064766430209,0.1440752321185473,0.6770046752755,0.8210799073940475,0.9004702007409207,5.965128021768899,89.31101190476191,5.0250108634974024,193
Unhedged,54.58506098413909,0.0,7.417728526597628,0.0,47.59121017006203,13.90812188893853,79.7697243859948,0.0,0.0,0.0,0.0,0.0,0.0,0.0,0.0,0.0,194
always|1,53.4424790590717,4.14261178610934,7.113473651118768,4.10172567502165,45.10431291286567,13.695931067197536,82.61707381448043,2.9804265751079124,-4.190362164143857,0.13307714662225958,0.616827850176349,0.7499049967986087,0.8317321663891226,6.235621792894552,98.95535714285715,5.4618330057750155,194
ratchet|-1|4|1|0,53.994267248576115,2.152957378773235,7.196623254562204,2.980767916251048,44.41879852586585,13.41107850711266,83.57537353892758,3.9723814948838023,-5.729735482824422,0.16673234195101858,0.7676680725408292,0.9344004144918479,1.042077137193866,7.8222000281740005,100.0,5.4556544219584,194
placebo|35,53.928768693423876,2.390203037408234,7.166817292850741,3.3825885221762775,44.46173087462627,13.409281242349513,84.98295326123356,5.382196785345115,-5.165545746078212,0.1689679101063325,0.7775315572434676,0.9464994673498001,1.056049438164578,7.914898802117174,100.0,5.737684976245331,194
placebo|91,53.945300357944845,2.330350020696148,7.218038139359143,2.6920692301215743,44.73531583802597,13.41337927636955,84.61668168003702,5.032156731584431,-5.305450000755631,0.1851994375422278,0.7739685749164734,0.9591680124587012,1.1574964846389237,7.877921692628612,100.0,5.662189935650587,194
placebo|147,54.19294055406043,1.4315711787439511,7.24912128786835,2.273030593189085,44.66558578767319,13.419008682613425,84.7652539625565,5.174519136656243,-5.619869193086258,0.17898956009452677,0.7832057129818574,0.9621952730763842,1.1186847505907922,7.970305607123304,100.0,5.198711834522975,194
placebo|203,53.94389162053313,2.3354510801940176,7.212613425721118,2.765200966050896,44.63111512291871,13.3856035209168,83.43502231895938,3.8424236867652524,-5.170360827323946,0.17712575380066017,0.7752112813552051,0.9523370351558653,1.1070359612541263,7.898644680505463,100.0,5.370694771363288,194
placebo|259,53.77226028173276,2.9559339850287802,7.134669425203785,3.8159808677128315,44.179688667969955,13.324761135519417,85.05862757022484,5.450642293087767,-5.183333059737195,0.16173910885771958,0.7752195138421674,0.9369586226998871,1.0108694303607475,7.902463707857678,100.0,6.466741636446847,194
Unhedged,48.73925099880024,0.0,5.832387380412379,0.0,25.25234939029509,10.702154661132738,107.46197295323071,0.0,0.0,0.0,0.0,0.0,0.0,0.0,0.0,0.0,195
always|1,48.2194606438147,2.1215699284632628,5.721886480678072,1.8946083743582531,25.691980834792172,10.702908394061884,97.79775472260108,-9.54537615195566,7.9828693531528785,0.11884207867397695,0.46324638394713474,0.5820884626211117,0.7427629917123559,4.352335321527892,89.6190476190476,4.383453216287424,195
ratchet|-1|4|1|0,48.26326992987562,1.943636289784345,5.808491657489958,0.4097074039127291,25.76061531842765,10.689384908101616,94.17982983798933,-13.136157198350658,10.355352499306623,0.14598591689074616,0.6594560995374568,0.8054420164282029,0.9124119805671635,6.254738773181039,94.9077380952381,6.40640157919659,195
placebo|35,48.238359487095586,2.044831135313474,5.763370838102905,1.183332618496158,25.815467725981488,10.544786670456785,94.68963447619225,-12.604483715379345,10.21274625169874,0.16785476165912364,0.6710011777950486,0.8388559394541724,1.0490922603695225,6.360765868442131,94.9077380952381,6.750369794866619,195
placebo|91,48.23698844507924,2.050399265950509,5.775580358469815,0.9739926077843464,25.6153046974378,10.521288838437568,94.41513957381346,-12.888818865189139,10.180341857435954,0.15801451422813678,0.6719776873763836,0.8299922016045205,0.9875907139258546,6.361529347711993,94.9077380952381,6.587836416066148,195
placebo|147,48.21944350243535,2.12163951742097,5.742816093179378,1.5357568246207043,25.826057709009586,10.541139403802731,94.49563720146139,-12.808768082531675,10.843495235274471,0.1575676692376566,0.6736159201454124,0.8311835893830688,0.9847979327353538,6.384903819936372,94.9077380952381,6.680628559748622,195
placebo|203,48.28365888034128,1.8607704316191853,5.778686096011816,0.9207427576041094,25.714898714449774,10.546143110030163,93.71311965471556,-13.591165439437624,10.900656300050729,0.1576878590775253,0.6657124257959696,0.8234002848734948,0.9855491192345331,6.314310701137757,94.9077380952381,6.1127778940560615,195
placebo|259,48.27935924981672,1.8782481310787635,5.779364468903097,0.9091116218952644,25.73831428334328,10.527310268887522,93.87934070856925,-13.417421792437601,11.114408973262174,0.16521045222387395,0.6766165352018512,0.8418269874257249,1.0325653263992123,6.39758122070153,94.9077380952381,6.519090606482986,195
Unhedged,52.34627923822376,0.0,7.963500238178013,0.0,46.250544429413395,14.598271998527487,12.268405892774945,0.0,0.0,0.0,0.0,0.0,0.0,0.0,0.0,0.0,196
always|1,51.74196558765779,2.295580118101792,7.812696276997752,1.8936894163358975,44.05580267790803,13.599302228705707,10.742512096429707,-1.3557935643789596,0.8573148143758197,0.1701002319662856,0.5785656869320669,0.7486659188983524,1.0631264497892847,5.587608539689387,94.78571428571428,6.190249581467207,196
ratchet|-1|4|1|0,52.36751497549379,-0.08115207046432982,8.008621518733086,-0.5666011076229438,46.68597341057309,12.17062829306141,7.87436936225407,-4.15436482137754,-0.7854551795459286,0.23967170914333832,0.9976522387482847,1.237323947891623,1.4979481821458642,9.674493835376355,99.39732142857143,10.616523916930165,196
placebo|35,52.74067598399243,-1.5125526358521268,8.173957094902512,-2.642768260563888,48.16132878440268,13.024021907926176,6.878792512726066,-5.13566217763024,-0.051668189166681616,0.25395120241864344,0.9991570652782206,1.2531082676968641,1.587195015116521,9.672810677369753,99.39732142857143,10.144950462028989,196
placebo|91,52.49294754806619,-0.561162267599058,7.99619630965984,-0.41057412574785346,47.321877359768735,12.684114378328063,7.238666758858808,-4.76342288552286,1.2876305861549675,0.266316248393279,0.9990903960289516,1.2654066444222307,1.6644765524579936,9.634604647618632,99.39732142857143,10.295970770564686,196
placebo|147,52.637031532011854,-1.113965598455935,8.168858061311594,-2.5787382054573316,48.49696453956809,12.989603593233475,6.906064796336856,-5.113879109362557,1.096503927787785,0.24846198707553516,1.010576714708801,1.2590387017843363,1.5528874192220945,9.763007585124837,99.39732142857143,10.556275168377983,196
placebo|203,52.572898389219255,-0.8677204862023169,8.046456035412529,-1.0417001915415947,49.39032528957308,12.801977684692678,3.933561600558781,-8.072416837862143,3.177346195421644,0.26242745435402026,1.0112406289612323,1.2736680833152527,1.6401715897126266,9.722901902811326,99.39732142857143,9.272326260453577,196
placebo|259,52.56789667372371,-0.8485285581660174,8.095489512561974,-1.6574278952261157,47.78764163140933,12.278341591316037,6.891975739869998,-5.147327399426833,1.0066463302917847,0.22910275347810907,1.006127361513069,1.2352301149911782,1.431892209238182,9.708271273093622,99.39732142857143,10.194359906319988,196
Unhedged,57.37671974293003,0.0,7.838503757218464,0.0,33.675986773768926,13.52635916502588,135.20574807598243,0.0,0.0,0.0,0.0,0.0,0.0,0.0,0.0,0.0,197
always|1,56.28118186891306,3.7822967396391682,7.710360181992486,1.6347963743459482,31.531379207962562,13.308260306111555,140.9037459947646,5.858177927003245,-8.78468612635499,0.16018000822108974,0.4815468154806648,0.6417268237017547,1.001125051381811,5.330159132748389,88.79464285714286,2.166729225295107,197
ratchet|-1|4|1|0,56.05103879462898,4.567588106466447,7.585526194404912,3.2273705626610805,31.244941723317908,12.94244417989298,148.96913854738378,14.02626254451537,-14.82450864193257,0.26287207311402677,0.6879211975452642,0.950793270659291,1.6429504569626674,7.615101282142388,94.95089285714286,4.274537321122178,197
placebo|35,56.02429949528171,4.658618967387918,7.61538951048616,2.846388209316575,31.554967109483812,12.99913775796113,148.89919362035212,13.903680066692097,-15.086441945067609,0.21023452232243706,0.6843263422574082,0.8945608645798453,1.3139657645152316,7.600383925884359,94.95089285714286,4.2824580163770625,197
placebo|91,56.058502181642915,4.542172112110354,7.624296171127426,2.7327611585792,31.13855464853612,13.061854556263341,147.49358440201917,12.508697208309616,-14.99766803058551,0.22086088227289866,0.6794781332186547,0.9003390154915534,1.3803805142056165,7.537765292189443,94.95089285714286,3.9441569617280194,197
placebo|147,55.934444524809955,4.964201616890762,7.599710079613292,3.046419125400901,31.350989804655793,12.936396200139317,147.19770920689297,12.207829749709752,-13.601517065959195,0.21586861879923236,0.6714846222266401,0.8873532410258722,1.349178867495202,7.425112151590467,94.95089285714286,4.06595166367131,197
placebo|203,56.110033974458425,4.366592181652962,7.620324198976451,2.783433739393071,31.311640889130064,13.081377436803246,146.8232946434917,11.83197628903119,-14.69911177891453,0.21442972152197426,0.6802241799405473,0.8946539014625216,1.3401857595123394,7.564626613320715,94.95089285714286,3.807453087481974,197
placebo|259,56.087354541279524,4.443885777695067,7.61589927799514,2.839884831570405,31.289304699563314,12.900930670736985,147.3880907887081,12.436813295323299,-14.468909853985508,0.2544705825976691,0.681091024109753,0.9355616067074222,1.5904411412354313,7.543543507046128,94.95089285714286,3.935714132095399,197
Unhedged,56.17935684663452,0.0,8.341909020813672,0.0,56.14865971506722,24.124432651463234,30.46760970170485,0.0,0.0,0.0,0.0,0.0,0.0,0.0,0.0,0.0,198
always|1,54.13017046648749,7.162109528516536,7.915945212426474,5.106310885486609,53.90201233396802,21.80398511167622,27.803280757016573,-2.520785387902722,0.6436862295610309,0.14354355678554698,0.7625749926187464,0.9061185494042934,0.8971472299096687,8.15020723337318,100.0,8.877946584336375,198
ratchet|-1|4|1|0,54.3559001369209,6.386203545505531,7.930584575822797,4.930819120234831,56.00690968376645,21.700483658354337,24.351234363916305,-5.93776890516128,0.8120274249471485,0.17860643262726983,1.004642675964673,1.1832491085919423,1.1162902039204363,10.702991627579927,100.0,10.946354605897762,198
placebo|35,54.33948435767531,6.442738764703737,7.931566132973819,4.919052543201053,56.07685786218944,21.651884633927125,24.313639942000638,-5.980897109773741,1.1935731937940035,0.1730726499304675,0.9904715337372924,1.16354418366776,1.081704062065422,10.551897089451137,100.0,10.632261775671642,198
placebo|91,54.4253714437186,6.146758379704087,7.966488739659638,4.500412078546201,56.86936152914206,21.653877523440148,22.387689286780542,-7.880425190540151,1.7127961106808673,0.19949522438414924,0.9934807484467494,1.1929759728308988,1.246845152400933,10.593533570355818,100.0,10.620825441824229,198
placebo|147,54.29770251973391,6.586556526428833,7.929092851537467,4.948701409308088,55.6565928935562,21.755062037216188,22.464177424701408,-7.801786024436307,2.1584769069972856,0.20164625256711907,0.9803817144989406,1.18202796706606,1.2602890785444942,10.445099029359643,100.0,10.701155125695088,198
placebo|203,54.37242716474338,6.329267940612693,7.90984857854254,5.179395282220289,54.34887365217086,21.705452834688238,26.169289832206168,-4.084269267129067,1.3427863109188307,0.21405060236960055,1.002159971773291,1.2162105741428912,1.3378162648100032,10.685461690442171,100.0,11.097693420041342,198
placebo|259,54.49637986585893,5.901699213236866,7.977596365100744,4.367257600196073,55.43823281192976,21.72898990044743,23.835320887229777,-6.447422576592659,1.455820899017955,0.1848662378824019,0.9992756667363195,1.1841419046187214,1.1554139867650124,10.647972539395498,100.0,10.502995857691666,198
Unhedged,61.149889313723975,0.0,9.431981528646359,0.0,65.13558736564121,14.183289837741277,7.370579868358084,0.0,0.0,0.0,0.0,0.0,0.0,0.0,0.0,0.0,199
always|1,58.86439968655467,7.335350336931112,8.50585352060776,9.819018466329776,54.66431622030083,11.346374176709563,19.924264112309668,12.749458222139703,-22.20327754546417,0.19577397818811249,0.869544623953382,1.0653186021414947,1.2235873636757026,9.475805793793974,95.6860119047619,10.556330023719497,199
ratchet|-1|4|1|0,58.62473914616111,8.088364083081279,8.178417963011517,13.290564255533987,50.921633418252334,10.56633450381563,26.215354987200527,19.07756352302633,-29.03474164988882,0.23278840418389501,1.1126505399232782,1.3454389441071732,1.454927526149344,12.103051064355661,97.88095238095238,14.665882610157594,199
placebo|35,58.96175427234017,7.028584661063675,8.413140337463702,10.801984589222135,53.06280649418209,12.7012236858035,23.51591014060112,16.408532453441214,-27.80256565309817,0.26320218119816324,1.083128349932592,1.3463305311307552,1.6450136324885203,11.785053972585427,97.88095238095238,13.782892985016955,199
placebo|91,58.795693077997704,7.551540708365179,8.297259426134222,12.030580202747576,50.76774564397806,12.642539079243695,25.41092668212682,18.26655709931315,-30.521262497881235,0.22621028554440828,1.10506463299664,1.3312749185410486,1.4138142846525519,12.045151950045971,97.88095238095238,14.478706608482907,199
placebo|147,58.57038147098297,8.258728563841434,8.140078412455654,13.697048836100878,49.14717618572556,10.587193113139056,29.920829330191943,22.773425994825015,-30.617450479712208,0.223176532991154,1.0942085226750649,1.3173850556662186,1.3948533311947124,11.957087578344808,97.88095238095238,15.105920215027044,199
placebo|203,58.70042602407407,7.850887706027898,8.20596793209036,12.998473256466935,49.20991642414842,11.442140875436488,29.74614905188717,22.614227465143912,-30.71925645852951,0.23865828161482996,1.1008732774177354,1.3395315590325654,1.4916142600926872,12.017857194456461,97.88095238095238,14.611637415409456,199
placebo|259,58.72188553591022,7.783500241936858,8.240374733791016,12.633684568149873,50.0236558754262,12.813095894889868,26.60496302523718,19.470822882509456,-30.47299623585695,0.23643972563036794,1.0952707354395572,1.3317104610699249,1.4777482851897994,11.961455758848388,97.88095238095238,15.323329849320974,199
